started_at,ended_at,start_x,start_y,end_x,end_y,bike_id
1598708,1600356,-2849.1118684293083,-636.9107717910118,223.52812242238716,-443.9395539462969,78511
1600485,1602196,223.52812242238716,-443.9395539462969,-1812.32704114666,-1830.5270875335093,78511
1778310,1779042,-2849.1118684293083,-636.9107717910118,33.87216753763598,-102.3020185750716,78511
2479218,2480645,-1994.3215216154588,-3476.932805400522,-1994.3215216154588,-3476.932805400522,78511
