started_at,ended_at,start_x,start_y,end_x,end_y,bike_id
1887980,1888277,-219.1862779950825,754.4078127095321,-1320.292999174232,823.2028589331105,78548
1958977,1959398,-1320.292999174232,823.2028589331105,-424.0757252336529,713.6651154317209,78548
2489956,2490635,-1553.745244797235,1509.7618356025214,-842.3452252522125,683.1637518961281,78548
2551258,2551561,-842.3452252522125,683.1637518961281,-490.1426245460887,1831.862913672767,78548
2557874,2570818,-490.1426245460887,1831.862913672767,-490.1426245460887,1831.862913672767,78548
2572655,2574015,-490.1426245460887,1831.862913672767,-219.1862779950825,754.4078127095321,78548
2574214,2575064,-219.1862779950825,754.4078127095321,949.0927421968316,1050.348962199343,78548
2575387,2576459,949.0927421968316,1050.348962199343,949.0927421968316,1050.348962199343,78548
2577595,2578387,949.0927421968316,1050.348962199343,1000.298381636028,1637.3888914201018,78548
