started_at,ended_at,start_x,start_y,end_x,end_y,bike_id
48807,49206,-11571.843862945265,-1390.2766539863078,-11358.05766519392,-2195.7642180482303,W00009
117501,117701,-11358.05766519392,-2195.7642180482303,-11571.843862945265,-1390.2766539863078,W00009
461860,462380,-11571.843862945265,-1390.2766539863078,-12912.11679695706,-1914.4614966789568,W00009
2007803,2008048,-12912.11679695706,-1914.4614966789568,-13476.87528467373,-2013.7579064381289,W00009
