started_at,ended_at,start_x,start_y,end_x,end_y,bike_id
572621,574533,1893.444900928514,-11027.356106669777,1505.9005562474165,-8162.899586578053,W00070
1089571,1091198,1505.9005562474165,-8162.899586578053,1505.9005562474165,-8162.899586578053,W00070
