started_at,ended_at,start_x,start_y,end_x,end_y,bike_id
239431,240264,-2169.5321645165045,380.3764934373816,572.5803208358176,131.6901936600965,W00022
281655,282045,572.5803208358176,131.6901936600965,-842.3452252522125,683.1637518961281,W00022
282704,283372,-842.3452252522125,683.1637518961281,-2311.895100954131,239.22419795062223,W00022
319283,320566,-2311.895100954131,239.22419795062223,1259.9606745071096,-989.0679380163066,W00022
321726,323369,1259.9606745071096,-989.0679380163066,-3385.173206528012,114.65841037131248,W00022
323431,324459,-3385.173206528012,114.65841037131248,-570.845296965312,382.6028703385173,W00022
462802,464151,-3821.501991331301,729.9176668049492,-1380.3033083701418,-858.2682951157151,W00022
1700179,1710023,-1994.3215216154588,-3476.932805400522,-1994.3215216154588,-3476.932805400522,W00022
1856321,1857967,-2605.6813026458703,-1351.7447350956706,-757.2144788708657,-1761.398084774919,W00022
2495538,2495980,364.51883299847503,2132.201157540106,-1369.0198339983065,1373.3405910290935,W00022
2659155,2659856,-1369.0198339983065,1373.3405910290935,-1351.952265455199,2402.817269788199,W00022
