started_at,ended_at,start_x,start_y,end_x,end_y,bike_id
33760,34585,3941.095644803859,-2583.2651175679807,1399.084123210781,-702.1992743957761,W00081
44385,44785,1399.084123210781,-702.1992743957761,2500.732022251305,-159.2972672261112,W00081
116836,117410,2500.732022251305,-159.2972672261112,1835.2706095118488,-1359.8153513599148,W00081
154069,154581,1835.2706095118488,-1359.8153513599148,933.1862516873412,-1937.9287301948511,W00081
307253,307573,933.1862516873412,-1937.9287301948511,1230.0885275888672,-1242.652266974825,W00081
308213,308490,1230.0885275888672,-1242.652266974825,912.5376302209072,-1263.1349344592616,W00081
324757,325684,912.5376302209072,-1263.1349344592616,3430.750056568192,-741.7174643782791,W00081
496837,497526,3430.750056568192,-741.7174643782791,1835.2706095118488,-1359.8153513599148,W00081
552855,553288,1835.2706095118488,-1359.8153513599148,933.1862516873412,-1937.9287301948511,W00081
670949,672535,933.1862516873412,-1937.9287301948511,-2853.533219035006,-891.6639486224678,W00081
675902,676914,-2853.533219035006,-891.6639486224678,-802.7521471361426,-996.414981787365,W00081
841055,841894,-802.7521471361426,-996.414981787365,-1315.9120102200964,375.0331888763961,W00081
844158,844567,-1315.9120102200964,375.0331888763961,-1386.3722255965383,1072.7797094714829,W00081
847172,847618,-1386.3722255965383,1072.7797094714829,-1557.3691014905978,2536.900818615751,W00081
886271,887074,-1557.3691014905978,2536.900818615751,-3385.173206528012,114.65841037131248,W00081
929468,930684,-3385.173206528012,114.65841037131248,-912.0125818422052,1947.857150184919,W00081
981973,982951,-912.0125818422052,1947.857150184919,-3697.8467852525214,668.4251368154823,W00081
