started_at,ended_at,start_x,start_y,end_x,end_y,bike_id
840830,841313,-2417.219257666417,1540.3188585612754,-2803.1298600936816,296.3567677708471,W00020
846530,847839,-2803.1298600936816,296.3567677708471,-494.03119251583706,2141.440621677288,W00020
896913,897265,-494.03119251583706,2141.440621677288,-188.8673402319529,519.5250497148589,W00020
903582,904463,-188.8673402319529,519.5250497148589,-3821.501991331301,729.9176668049492,W00020
982369,982808,-4001.84712299075,833.4441926753292,-2892.405826201766,-17.69969635880834,W00020
1078098,1078618,-919.4722224283496,3269.7684348142307,-1369.0198339983065,1373.3405910290935,W00020
1253345,1253668,-922.0093029382764,1354.416387375768,-985.2325967772824,233.88089338963675,W00020
1441850,1442430,-1460.4283175020964,308.2610377861307,-188.8673402319529,519.5250497148589,W00020
1503642,1504982,-188.8673402319529,519.5250497148589,-2925.311977241168,1006.3223589937804,W00020
1611915,1612460,-2925.311977241168,1006.3223589937804,-2849.1118684293083,-636.9107717910118,W00020
1788879,1793661,-2849.1118684293083,-636.9107717910118,-2849.1118684293083,-636.9107717910118,W00020
