started_at,ended_at,start_x,start_y,end_x,end_y,bike_id
576624,577964,-2853.3723100320794,891.6639486224678,-3204.558176754409,-842.0157437416958,W00017
578790,579098,-3204.558176754409,-842.0157437416958,-3499.2995900004858,-986.6189234248992,W00017
649408,650355,-2853.3723100320794,891.6639486224678,-1812.1172615052687,1830.5270875335093,W00017
2550210,2550784,-1687.835498630181,-3322.088291974309,-1553.8936335864703,-1509.7618356025214,W00017
2652452,2652899,-1553.8936335864703,-1509.7618356025214,-2434.7823223503287,-2130.308737174774,W00017
