started_at,ended_at,start_x,start_y,end_x,end_y,bike_id
58970,59955,2175.815499130866,-414.1061034791464,-82.13591533098672,1351.7447350956706,W00068
