started_at,ended_at,start_x,start_y,end_x,end_y,bike_id
151433,151888,-2604.841974791065,587.31822633261,-4079.334235838357,1361.0955180768024,W00026
204300,205543,-4079.334235838357,1361.0955180768024,-2803.1298600936816,296.3567677708471,W00026
226581,227265,-2803.1298600936816,296.3567677708471,-568.1726241532793,-1955.7830855160428,W00026
287930,288644,-568.1726241532793,-1955.7830855160428,-2605.26842578739,-423.4568864618599,W00026
305530,306406,-2605.26842578739,-423.4568864618599,-2605.26842578739,-423.4568864618599,W00026
314602,315247,-2605.26842578739,-423.4568864618599,-298.30049519174673,-188.1288480866431,W00026
402444,402924,-298.30049519174673,-188.1288480866431,1002.1298273174614,77.58923497942598,W00026
408701,408941,1002.1298273174614,77.58923497942598,1572.4295790921033,412.8815961838383,W00026
487200,487407,-814.5374629822909,2330.682658213708,-494.03119251583706,2141.440621677288,W00026
507339,507450,-494.03119251583706,2141.440621677288,-491.8525682028344,1997.1891388458932,W00026
551468,551641,-491.8525682028344,1997.1891388458932,-101.53103449587984,1825.183782970942,W00026
560247,560588,-101.53103449587984,1825.183782970942,-814.5374629822909,2330.682658213708,W00026
573160,573567,-814.5374629822909,2330.682658213708,-491.8525682028344,1997.1891388458932,W00026
658156,658499,259.6198942404481,1818.615971114648,-543.4342390331508,1377.793344829783,W00026
659815,660425,-543.4342390331508,1377.793344829783,-65.24421585664805,-642.142757506466,W00026
678183,678929,-494.03119251583706,2141.440621677288,1372.896741032668,2539.6281303190094,W00026
723008,723483,1372.896741032668,2539.6281303190094,-101.53103449587984,1825.183782970942,W00026
723611,724589,-101.53103449587984,1825.183782970942,-1460.4283175020964,308.2610377861307,W00026
754201,754643,-1460.4283175020964,308.2610377861307,-584.2071226972812,-157.18220917050687,W00026
755790,756915,-584.2071226972812,-157.18220917050687,1221.5108251699423,-2365.859413241053,W00026
757365,758345,1221.5108251699423,-2365.859413241053,1111.6181164467437,379.2633049876047,W00026
838892,839161,1111.6181164467437,379.2633049876047,949.0927421968316,1050.348962199343,W00026
