started_at,ended_at,start_x,start_y,end_x,end_y,bike_id
576624,577964,-2853.533219035006,-891.6639486224678,-3204.387511290492,842.0157437416958,W00017
578790,579098,-3204.387511290492,842.0157437416958,-3499.0812210478525,986.6189234248992,W00017
649408,650355,-2853.533219035006,-891.6639486224678,-1812.32704114666,-1830.5270875335093,W00017
2550210,2550784,-1687.4808070499614,3322.088291974309,-1553.745244797235,1509.7618356025214,W00017
2652452,2652899,-1553.745244797235,1509.7618356025214,-2434.4542367719587,2130.308737174774,W00017
