started_at,ended_at,start_x,start_y,end_x,end_y,bike_id
156045,156719,-768.1680092204891,650.9926056854747,-2481.962052989563,978.492647738285,W00089
241941,242193,-2481.962052989563,978.492647738285,-2052.6947547840787,415.10797308497393,W00089
242638,243626,-2052.6947547840787,415.10797308497393,-369.90720380120285,1182.206134128132,W00089
294633,294940,-369.90720380120285,1182.206134128132,-291.54855859263284,48.21707581085942,W00089
377109,378363,-470.4974132603581,3765.0005667433097,-1898.892902655899,642.7550111541201,W00089
400129,400387,-1898.892902655899,642.7550111541201,-2250.9703201658835,124.14651452321117,W00089
400768,401489,-2250.9703201658835,124.14651452321117,58.83935351161514,-58.66232969907673,W00089
467538,467780,58.83935351161514,-58.66232969907673,-815.0661716391357,66.67998816797413,W00089
495052,496740,-815.0661716391357,66.67998816797413,-4021.79420879787,-5742.716576966848,W00089
2050991,2053598,-1551.966391370401,2925.236609473427,-1972.4911166466836,1651.3037470482452,W00089
2383773,2385089,-1022.594160382934,847.5816859929531,2387.4374655296765,-1532.0256046075506,W00089
2475954,2477175,2387.4374655296765,-1532.0256046075506,-910.6317190044888,-149.73790131117772,W00089
2477295,2477791,-910.6317190044888,-149.73790131117772,-816.9135259411414,1201.1303377814577,W00089
2477931,2478004,-816.9135259411414,1201.1303377814577,-816.9135259411414,1201.1303377814577,W00089
2478279,2479191,-816.9135259411414,1201.1303377814577,-2833.000982424627,-57.55184287632349,W00089
2487124,2488291,-2833.000982424627,-57.55184287632349,-272.30548829993654,-532.3267168924343,W00089
2488374,2489682,-272.30548829993654,-532.3267168924343,2388.861960030208,-2071.6437058494644,W00089
2551576,2552096,2388.861960030208,-2071.6437058494644,-15.958787378240622,-2127.9933387636784,W00089
2553504,2553629,-15.958787378240622,-2127.9933387636784,435.06300640745945,-2350.107796669948,W00089
