started_at,ended_at,start_x,start_y,end_x,end_y,bike_id
736285,736534,4162.254879813961,-371.3596669912623,3982.877951863872,-913.9277176259152,W00091
757994,758212,3982.877951863872,-913.9277176259152,4162.254879813961,-371.3596669912623,W00091
814670,815912,4162.254879813961,-371.3596669912623,-1617.3824598979872,208.1662401897456,W00091
840033,840480,-1617.3824598979872,208.1662401897456,-1329.3469852904998,1973.9057599206133,W00091
852892,853306,-1329.3469852904998,1973.9057599206133,61.93809413467237,1659.6526604251312,W00091
898979,899347,61.93809413467237,1659.6526604251312,-834.2552317649786,900.5694562238467,W00091
926148,926804,-834.2552317649786,900.5694562238467,597.7036244864972,2205.448957565165,W00091
930809,931361,597.7036244864972,2205.448957565165,1796.710145560574,852.6864867715699,W00091
937592,938626,1796.710145560574,852.6864867715699,-205.00537057100192,-1933.6083380225548,W00091
981084,981797,-205.00537057100192,-1933.6083380225548,-290.2205511174567,510.9534986484922,W00091
999715,1000065,-290.2205511174567,510.9534986484922,-369.90720380120285,1182.206134128132,W00091
1002058,1002389,-369.90720380120285,1182.206134128132,-276.7184401763835,-211.0605301609056,W00091
1019731,1022117,-276.7184401763835,-211.0605301609056,1951.2327644420184,-874.409527643412,W00091
1022227,1023183,1951.2327644420184,-874.409527643412,-910.6317190044888,-149.73790131117772,W00091
1023231,1024159,-910.6317190044888,-149.73790131117772,-1365.3326241855143,551.0282828562791,W00091
1026731,1027666,-1365.3326241855143,551.0282828562791,656.7786122192275,177.88751434442463,W00091
1120260,1121082,656.7786122192275,177.88751434442463,-834.2552317649786,900.5694562238467,W00091
1143352,1143840,-834.2552317649786,900.5694562238467,1124.7088420298285,-40.52005958753947,W00091
1186689,1187473,1124.7088420298285,-40.52005958753947,-290.2205511174567,510.9534986484922,W00091
2217090,2218888,-1161.491409832351,1652.194297808541,450.54568352641655,1652.973529723306,W00091
2454584,2455119,450.54568352641655,1652.973529723306,-1001.6416887046756,1337.5515823548856,W00091
2455547,2455666,-1001.6416887046756,1337.5515823548856,-816.9135259411414,1201.1303377814577,W00091
2455812,2456442,-816.9135259411414,1201.1303377814577,932.3577554627492,283.6404171143583,W00091
2465468,2468466,932.3577554627492,283.6404171143583,932.3577554627492,283.6404171143583,W00091
2527845,2530135,932.3577554627492,283.6404171143583,-1802.6007941396545,2544.637478344983,W00091
