started_at,ended_at,start_x,start_y,end_x,end_y,bike_id
653846,654102,-1375.3554708776364,3230.58420136674,-1351.952265455199,2402.817269788199,W00080
723404,723960,-1351.952265455199,2402.817269788199,-1320.292999174232,823.2028589331105,W00080
754616,755013,-1320.292999174232,823.2028589331105,-494.03119251583706,2141.440621677288,W00080
805467,805927,-494.03119251583706,2141.440621677288,-1475.6435123868507,638.6362138876518,W00080
837862,838686,-1475.6435123868507,638.6362138876518,-1893.9180927095776,1322.3565600090635,W00080
842695,843789,-1893.9180927095776,1322.3565600090635,1567.3781020660113,742.3616437789719,W00080
888395,888617,1567.3781020660113,742.3616437789719,1002.1298273174614,77.58923497942598,W00080
896220,896768,-1687.4808070499614,3322.088291974309,-2417.219257666417,1540.3188585612754,W00080
905991,906369,-2417.219257666417,1540.3188585612754,-1881.431886693912,2146.116013168249,W00080
918630,919161,-1881.431886693912,2146.116013168249,-494.03119251583706,2141.440621677288,W00080
981692,982212,-494.03119251583706,2141.440621677288,949.0927421968316,1050.348962199343,W00080
983129,984057,949.0927421968316,1050.348962199343,912.5376302209072,-1263.1349344592616,W00080
1017859,1018231,912.5376302209072,-1263.1349344592616,1002.1298273174614,77.58923497942598,W00080
1022622,1022942,1002.1298273174614,77.58923497942598,1884.1796308376872,112.54335231649912,W00080
1103164,1103640,1884.1796308376872,112.54335231649912,2500.732022251305,-159.2972672261112,W00080
1143952,1145404,2500.732022251305,-159.2972672261112,-2853.533219035006,-891.6639486224678,W00080
1714865,1715618,-4001.84712299075,833.4441926753292,-2849.1118684293083,-636.9107717910118,W00080
1715657,1718007,-2849.1118684293083,-636.9107717910118,-4001.84712299075,833.4441926753292,W00080
2141273,2141694,-2354.6709182688887,2716.8477315926184,-1890.7937293864395,645.4266634342174,W00080
2230125,2230801,-1881.431886693912,2146.116013168249,259.6198942404481,1818.615971114648,W00080
2306849,2307832,259.6198942404481,1818.615971114648,-2089.6479554302955,2393.132530270474,W00080
2313244,2313515,-2089.6479554302955,2393.132530270474,-1893.9180927095776,1322.3565600090635,W00080
2418958,2419566,-1893.9180927095776,1322.3565600090635,98.47671969768471,1232.2751862723885,W00080
