started_at,ended_at,start_x,start_y,end_x,end_y,bike_id
121155,122076,-1687.4808070499614,3322.088291974309,-3821.501991331301,729.9176668049492,W00074
238072,238664,-3060.847950466069,3019.634990051365,-2417.219257666417,1540.3188585612754,W00074
290181,290459,-2172.0118915123644,2509.7946798534413,-1923.405460375761,1762.9565486044485,W00074
291054,291575,-1923.405460375761,1762.9565486044485,-1315.9120102200964,375.0331888763961,W00074
666425,666746,1002.1298273174614,77.58923497942598,1244.6201406197797,1024.896740019206,W00074
667200,667912,1244.6201406197797,1024.896740019206,2175.7585113241184,414.1061034791464,W00074
725488,726590,2175.7585113241184,414.1061034791464,-843.6894071192287,220.42732905849545,W00074
841277,841550,-2417.219257666417,1540.3188585612754,-1881.431886693912,2146.116013168249,W00074
848031,848838,-1881.431886693912,2146.116013168249,45.64780756438548,2377.6592108128007,W00074
897738,898874,45.64780756438548,2377.6592108128007,-1315.9120102200964,375.0331888763961,W00074
929642,930185,-1315.9120102200964,375.0331888763961,-2892.405826201766,-17.69969635880834,W00074
931793,932683,-2892.405826201766,-17.69969635880834,-2906.0520040511774,3041.230845985579,W00074
1018180,1018944,-2906.0520040511774,3041.230845985579,-1553.745244797235,1509.7618356025214,W00074
1193707,1194292,-2169.5321645165045,380.3764934373816,-219.1862779950825,754.4078127095321,W00074
1194742,1195108,-219.1862779950825,754.4078127095321,949.0927421968316,1050.348962199343,W00074
1195598,1196061,949.0927421968316,1050.348962199343,2571.547269369305,1244.656006184107,W00074
1253147,1253846,2571.547269369305,1244.656006184107,2537.13450151344,831.4404534644652,W00074
1329550,1329927,2537.13450151344,831.4404534644652,1244.6201406197797,1024.896740019206,W00074
1337036,1337903,1244.6201406197797,1024.896740019206,-2018.959555819223,1083.449620274128,W00074
1348228,1349174,-2018.959555819223,1083.449620274128,1244.6201406197797,1024.896740019206,W00074
1353824,1355020,1244.6201406197797,1024.896740019206,-1369.0198339983065,1373.3405910290935,W00074
