started_at,ended_at,start_x,start_y,end_x,end_y,bike_id
61336,61707,450.54568352641655,1652.973529723306,-369.90720380120285,1182.206134128132,W00059
62844,63072,-369.90720380120285,1182.206134128132,-290.2205511174567,510.9534986484922,W00059
118794,119628,-823.3139626658171,3058.373948119104,-479.0757048613133,668.9149397337637,W00059
141794,142643,-479.0757048613133,668.9149397337637,-2833.000982424627,-57.55184287632349,W00059
142931,143638,-2833.000982424627,-57.55184287632349,-2053.4663687098687,-1523.9549883433065,W00059
232761,233568,-2053.4663687098687,-1523.9549883433065,-2301.331649052671,-1063.874201870104,W00059
234467,235247,-2301.331649052671,-1063.874201870104,-499.66045855245335,-1006.2666995714102,W00059
316651,318814,-499.66045855245335,-1006.2666995714102,-499.66045855245335,-1006.2666995714102,W00059
405432,406990,-499.66045855245335,-1006.2666995714102,-2301.331649052671,-1063.874201870104,W00059
485540,490561,-2301.331649052671,-1063.874201870104,-355.6398425470696,5.231985716245127,W00059
492600,493712,-355.6398425470696,5.231985716245127,435.06300640745945,-2350.107796669948,W00059
500026,500226,435.06300640745945,-2350.107796669948,470.0445168883398,-1523.9549883433065,W00059
750076,751166,470.0445168883398,-1523.9549883433065,-2053.08590707705,-595.6671397094958,W00059
752544,753672,-2053.08590707705,-595.6671397094958,1043.6506532373223,-3102.2310373795663,W00059
1169719,1174217,1043.6506532373223,-3102.2310373795663,1043.6506532373223,-3102.2310373795663,W00059
1432958,1433591,1043.6506532373223,-3102.2310373795663,-15.958787378240622,-2127.9933387636784,W00059
1434525,1436291,-15.958787378240622,-2127.9933387636784,-1260.1040304636565,-2002.7373407811456,W00059
1436323,1437380,-1260.1040304636565,-2002.7373407811456,1043.6506532373223,-3102.2310373795663,W00059
2622352,2622953,1043.6506532373223,-3102.2310373795663,470.0445168883398,-1523.9549883433065,W00059
