started_at,ended_at,start_x,start_y,end_x,end_y,bike_id
979392,980183,-1375.6365913319034,-3230.58420136674,-1592.837274168058,-822.8132429757283,W00194
1017854,1018945,-1592.837274168058,-822.8132429757283,2447.250630792388,-463.5171925950309,W00194
1080331,1080700,2447.250630792388,-463.5171925950309,1260.4016918558598,-461.861887993795,W00194
1094290,1095257,1260.4016918558598,-461.861887993795,3610.102417495319,199.14941374362635,W00194
1268569,1269230,3610.102417495319,199.14941374362635,1229.9918635043607,1242.652266974825,W00194
1271397,1273162,1229.9918635043607,1242.652266974825,912.4647384180472,1263.1349344592616,W00194
1847323,1848801,98.48439579788452,-1232.2751862723885,-4002.05809119474,-833.4441926753292,W00194
2477332,2477940,-2172.35676658326,-2509.7946798534413,-3499.2995900004858,-986.6189234248992,W00194
2622739,2622889,-1574.8166351441266,-1019.791939240589,-1555.499352562064,-542.4818752125246,W00194
