started_at,ended_at,start_x,start_y,end_x,end_y,bike_id
111994,112226,933.0718976437946,-1937.9287301948511,1270.88485205592,-1678.4655452337165,W00152
150434,150612,1270.88485205592,-1678.4655452337165,1108.6991008528505,-2222.2581031636773,W00152
152071,152482,1108.6991008528505,-2222.2581031636773,1399.021992029718,-702.1992743957761,W00152
153839,154560,1399.021992029718,-702.1992743957761,3430.5891287699023,-741.7174643782791,W00152
236587,237772,3430.5891287699023,-741.7174643782791,2913.188858369781,461.9732068385355,W00152
1879123,1880373,2913.188858369781,461.9732068385355,-2996.5410888062315,611.3630968574403,W00152
1944970,1945271,-2996.5410888062315,611.3630968574403,-1890.8709195411147,645.4266634342174,W00152
1946891,1947164,-1890.8709195411147,645.4266634342174,-2996.5410888062315,611.3630968574403,W00152
