started_at,ended_at,start_x,start_y,end_x,end_y,bike_id
203082,203586,98.47671969768471,1232.2751862723885,422.87264992317904,94.06442404292608,W00151
292744,293250,1399.084123210781,-702.1992743957761,33.87216753763598,-102.3020185750716,W00151
304982,305230,33.87216753763598,-102.3020185750716,572.5803208358176,131.6901936600965,W00151
502998,504110,572.5803208358176,131.6901936600965,1120.6795998258754,2058.068864235805,W00151
574927,579789,1120.6795998258754,2058.068864235805,-814.5374629822909,2330.682658213708,W00151
653941,654570,-814.5374629822909,2330.682658213708,-1893.9180927095776,1322.3565600090635,W00151
656411,656790,-1893.9180927095776,1322.3565600090635,-2172.0118915123644,2509.7946798534413,W00151
658280,658471,-2172.0118915123644,2509.7946798534413,-2194.889224699188,1823.9592756756335,W00151
665421,665579,-2194.889224699188,1823.9592756756335,-2417.219257666417,1540.3188585612754,W00151
672861,673323,-2417.219257666417,1540.3188585612754,-3060.847950466069,3019.634990051365,W00151
674673,675014,-3060.847950466069,3019.634990051365,-2354.6709182688887,2716.8477315926184,W00151
720163,720713,-2354.6709182688887,2716.8477315926184,-1890.7937293864395,645.4266634342174,W00151
736469,737064,-1687.4808070499614,3322.088291974309,-2604.841974791065,587.31822633261,W00151
753682,754757,-2604.841974791065,587.31822633261,1017.9191426354972,2436.9921552089254,W00151
823521,823774,-828.8681814864412,-38.85027691326964,-246.9191299668783,106.75477237497007,W00151
839386,840290,-246.9191299668783,106.75477237497007,1845.807450034228,-698.5257525098514,W00151
887772,888658,1845.807450034228,-698.5257525098514,-1017.6238913195454,-1111.63304402804,W00151
920645,926847,-1017.6238913195454,-1111.63304402804,-1017.6238913195454,-1111.63304402804,W00151
1179555,1183533,-1017.6238913195454,-1111.63304402804,-1017.6238913195454,-1111.63304402804,W00151
1525356,1526753,-1017.6238913195454,-1111.63304402804,-2354.6709182688887,2716.8477315926184,W00151
1573847,1574997,-2354.6709182688887,2716.8477315926184,-1017.6238913195454,-1111.63304402804,W00151
