started_at,ended_at,start_x,start_y,end_x,end_y,bike_id
40242,40552,-834.2552317649786,900.5694562238467,-1865.1073615998864,1368.1086053136396,W00170
40633,41032,-1865.1073615998864,1368.1086053136396,-1022.594160382934,847.5816859929531,W00170
62329,62777,-1022.594160382934,847.5816859929531,-2052.6947547840787,415.10797308497393,W00170
73365,76163,-2052.6947547840787,415.10797308497393,-205.00537057100192,-1933.6083380225548,W00170
308370,310595,-205.00537057100192,-1933.6083380225548,-2296.9192411811423,-809.1210250386479,W00170
330303,330805,-2296.9192411811423,-809.1210250386479,-3145.6904913373305,496.2148835678463,W00170
409286,410203,-4712.24978943207,2765.048791487811,-1642.372485044098,1498.1290162986752,W00170
412270,413153,-1642.372485044098,1498.1290162986752,811.6929069099815,1646.4057178670123,W00170
462015,463038,811.6929069099815,1646.4057178670123,-2094.393320151142,858.8805487633692,W00170
493223,493979,-2094.393320151142,858.8805487633692,-781.0670346867206,2589.721610578743,W00170
497400,498437,-781.0670346867206,2589.721610578743,128.0433274469788,541.454862184085,W00170
502241,502640,128.0433274469788,541.454862184085,910.0396597345538,1205.9170481171593,W00170
570318,570965,910.0396597345538,1205.9170481171593,788.5325500265636,-1205.8057292724188,W00170
728424,729148,3052.8497049862785,-331.5075204737472,1554.255559250921,-94.62101826821,W00170
1105700,1106065,3052.8497049862785,-331.5075204737472,3052.8497049862785,-331.5075204737472,W00170
1441546,1444300,3052.8497049862785,-331.5075204737472,3052.8497049862785,-331.5075204737472,W00170
1684688,1685958,3052.8497049862785,-331.5075204737472,2124.537389012071,240.6713429362023,W00170
1709106,1710255,2124.537389012071,240.6713429362023,3177.326435678709,-1949.1929763257588,W00170
2064438,2064886,3177.326435678709,-1949.1929763257588,4493.282295126244,-2755.4753708156168,W00170
2184159,2185691,4493.282295126244,-2755.4753708156168,-205.00537057100192,-1933.6083380225548,W00170
2191719,2192958,-205.00537057100192,-1933.6083380225548,3420.1038757394454,-2722.85894922442,W00170
2193050,2193395,3420.1038757394454,-2722.85894922442,4493.282295126244,-2755.4753708156168,W00170
