started_at,ended_at,start_x,start_y,end_x,end_y,bike_id
1968826,1969627,-3698.003126530832,668.4251368154823,-2892.402588299826,-17.69969635880834,W00138
