started_at,ended_at,start_x,start_y,end_x,end_y,bike_id
141500,141603,305.21918808728344,-65.4554808726659,-32.05591394711978,-329.3924624181428,W00122
233612,234809,-32.05591394711978,-329.3924624181428,-1329.3469852904998,1973.9057599206133,W00122
236555,237141,-1329.3469852904998,1973.9057599206133,60.22239463894543,1824.9788855982576,W00122
323524,323904,60.22239463894543,1824.9788855982576,916.579749438608,1959.9909042924703,W00122
375373,376269,916.579749438608,1959.9909042924703,-1022.594160382934,847.5816859929531,W00122
377225,377373,-1022.594160382934,847.5816859929531,-1003.3086266819548,370.2716219648887,W00122
476777,477443,-1003.3086266819548,370.2716219648887,-479.0757048613133,668.9149397337637,W00122
489706,490125,-479.0757048613133,668.9149397337637,-1466.8360433646835,911.2393670264918,W00122
493589,494137,-1466.8360433646835,911.2393670264918,332.92911989643176,582.1975594618963,W00122
496896,497427,332.92911989643176,582.1975594618963,1709.7916832437074,-315.9228821705432,W00122
556141,557664,1709.7916832437074,-315.9228821705432,-799.8820989751116,2230.607016540563,W00122
561038,561497,-799.8820989751116,2230.607016540563,-2373.1758978806724,834.1121057461444,W00122
577533,578235,-4712.24978943207,2765.048791487811,-3662.680070837771,841.3478306724625,W00122
722883,724648,117.9129393787196,5588.150360654068,-1696.4355896883285,660.2571677337631,W00122
736372,736706,-1696.4355896883285,660.2571677337631,-2652.2426542615626,669.8054904940599,W00122
752866,753991,-2652.2426542615626,669.8054904940599,-2296.9192411811423,-809.1210250386479,W00122
755360,756687,-2296.9192411811423,-809.1210250386479,-2721.9020553570567,-3902.504749917194,W00122
841569,843099,-2721.9020553570567,-3902.504749917194,-2595.2219202602832,-9265.401427670364,W00122
847538,847972,-2595.2219202602832,-9265.401427670364,-3463.0718753649576,-8655.249839285298,W00122
1594902,1596494,-5466.681243998265,7119.174095656583,-3040.9153783352995,4058.351132946862,W00122
1596625,1597551,-3040.9153783352995,4058.351132946862,-1707.3762434280573,2795.772792713676,W00122
1608968,1609316,-1707.3762434280573,2795.772792713676,-1005.3013800123252,2364.690565368115,W00122
1609503,1614783,-1005.3013800123252,2364.690565368115,-1005.3013800123252,2364.690565368115,W00122
1617603,1618792,-1005.3013800123252,2364.690565368115,-1460.8625118525238,53.58049920683244,W00122
2374388,2375045,2119.4744593300848,570.151390531336,1924.932438194748,2367.4178770713734,W00122
