started_at,ended_at,start_x,start_y,end_x,end_y,bike_id
222701,223954,-2469.43675410197,4.1187972648863145,-1687.4808070499614,3322.088291974309,W00129
229201,230436,-1687.4808070499614,3322.088291974309,-2594.876311980931,495.12537678995767,W00129
249010,250077,-2594.876311980931,495.12537678995767,-219.1862779950825,754.4078127095321,W00129
284414,284861,-219.1862779950825,754.4078127095321,-493.3014109226975,113.54792354855924,W00129
307444,308022,-493.3014109226975,113.54792354855924,236.3596737786456,-1033.5954760247828,W00129
474508,475404,236.3596737786456,-1033.5954760247828,-1380.3033083701418,-858.2682951157151,W00129
559861,561676,-1380.3033083701418,-858.2682951157151,236.3596737786456,-1033.5954760247828,W00129
755698,757675,236.3596737786456,-1033.5954760247828,1002.1298273174614,77.58923497942598,W00129
757691,758362,1002.1298273174614,77.58923497942598,1578.918836795151,-370.5804350772885,W00129
985694,985893,1578.918836795151,-370.5804350772885,1706.091148736327,-1036.489765995152,W00129
991102,992280,1706.091148736327,-1036.489765995152,-497.6852901437867,-1112.8544936800606,W00129
992301,992772,-497.6852901437867,-1112.8544936800606,-298.30049519174673,-188.1288480866431,W00129
1062458,1063044,-298.30049519174673,-188.1288480866431,-2605.26842578739,-423.4568864618599,W00129
1179791,1181160,-2605.26842578739,-423.4568864618599,-1450.099395056315,-447.3904381419498,W00129
1420006,1420644,364.51883299847503,2132.201157540106,-1351.952265455199,2402.817269788199,W00129
1492354,1492992,-1351.952265455199,2402.817269788199,-2469.43675410197,4.1187972648863145,W00129
1702313,1711417,-2469.43675410197,4.1187972648863145,-2469.43675410197,4.1187972648863145,W00129
2401240,2402234,-2469.43675410197,4.1187972648863145,-1333.1244526763924,2761.931863826379,W00129
2480960,2482511,-1333.1244526763924,2761.931863826379,-929.3914426548988,1038.6048240499654,W00129
2520896,2521456,-929.3914426548988,1038.6048240499654,-2996.425218577444,611.3630968574403,W00129
