started_at,ended_at,start_x,start_y,end_x,end_y,bike_id
8920,9947,-985.2325967772824,233.88089338963675,2438.2540112858683,-645.8719388147609,W00150
73324,73566,2438.2540112858683,-645.8719388147609,1731.2087241706054,-162.91512968887474,W00150
112042,113765,1731.2087241706054,-162.91512968887474,-1917.467610232194,723.2385361039151,W00150
115679,116073,-1917.467610232194,723.2385361039151,-2606.956075627768,-149.61252770917662,W00150
139799,140446,-2606.956075627768,-149.61252770917662,-842.3452252522125,683.1637518961281,W00150
149672,150141,-842.3452252522125,683.1637518961281,-500.12939426980034,1054.6347377329218,W00150
152199,152373,-500.12939426980034,1054.6347377329218,-570.845296965312,382.6028703385173,W00150
226122,226511,-570.845296965312,382.6028703385173,-1309.9813548408183,-194.6966599429369,W00150
235358,235749,-1309.9813548408183,-194.6966599429369,-570.845296965312,382.6028703385173,W00150
303559,304138,-570.845296965312,382.6028703385173,949.0927421968316,1050.348962199343,W00150
321691,322167,949.0927421968316,1050.348962199343,-500.12939426980034,1054.6347377329218,W00150
322992,323328,-500.12939426980034,1054.6347377329218,-493.3014109226975,113.54792354855924,W00150
330590,331429,-493.3014109226975,113.54792354855924,2049.325672781144,-9.239464137182011,W00150
372743,373358,2049.325672781144,-9.239464137182011,912.5376302209072,-1263.1349344592616,W00150
658233,659266,912.5376302209072,-1263.1349344592616,1908.8005800872415,-2173.611767889524,W00150
752722,753018,1908.8005800872415,-2173.611767889524,2285.373851356912,-1533.30577132602,W00150
833096,833731,2285.373851356912,-1533.30577132602,2852.2638477301693,103.74916355986063,W00150
1186091,1187419,-1812.32704114666,-1830.5270875335093,-2170.059593926037,-306.3494614999309,W00150
1188116,1189798,-2170.059593926037,-306.3494614999309,-1051.840396051375,-834.0564463237743,W00150
1189865,1191617,-1051.840396051375,-834.0564463237743,1578.918836795151,-370.5804350772885,W00150
1195276,1195650,1578.918836795151,-370.5804350772885,1260.3648729942292,461.861887993795,W00150
1356988,1357483,1260.3648729942292,461.861887993795,-424.0757252336529,713.6651154317209,W00150
