started_at,ended_at,start_x,start_y,end_x,end_y,bike_id
58933,59108,-13060.18523441288,-1377.6820259858337,-13353.461166512683,-1158.495220138314,W00135
1778565,1789257,-13353.461166512683,-1158.495220138314,-13353.461166512683,-1158.495220138314,W00135
