started_at,ended_at,start_x,start_y,end_x,end_y,bike_id
372855,373091,-12492.679789344757,25401.847245444515,-12291.462650407191,24881.654282659634,W00127
461403,462002,-12291.462650407191,24881.654282659634,-11176.957095123238,23365.71425115741,W00127
496998,497615,-11176.957095123238,23365.71425115741,-12291.462650407191,24881.654282659634,W00127
720420,720989,-12291.462650407191,24881.654282659634,-11176.957095123238,23365.71425115741,W00127
845593,846171,-11176.957095123238,23365.71425115741,-12291.462650407191,24881.654282659634,W00127
