started_at,ended_at,start_x,start_y,end_x,end_y,bike_id
202613,204090,-2104.020490588656,3097.446862721063,-824.2637352862973,-1329.162363396306,W00110
482465,483295,-824.2637352862973,-1329.162363396306,2477.2140987236085,-1485.856961461107,W00110
567915,568122,2477.2140987236085,-1485.856961461107,1835.2706095118488,-1359.8153513599148,W00110
576734,577123,1835.2706095118488,-1359.8153513599148,903.3176669575872,-2156.246028065728,W00110
718671,719201,2438.2540112858683,-645.8719388147609,572.5803208358176,131.6901936600965,W00110
720808,721325,572.5803208358176,131.6901936600965,-584.2071226972812,-157.18220917050687,W00110
766574,767435,-1031.196919700857,841.1251929813999,-1893.9180927095776,1322.3565600090635,W00110
804864,805239,-1893.9180927095776,1322.3565600090635,-1315.9120102200964,375.0331888763961,W00110
807169,807862,-1315.9120102200964,375.0331888763961,-824.2637352862973,-1329.162363396306,W00110
819531,820208,-824.2637352862973,-1329.162363396306,903.3176669575872,-2156.246028065728,W00110
835377,835603,903.3176669575872,-2156.246028065728,912.5376302209072,-1263.1349344592616,W00110
838058,838264,912.5376302209072,-1263.1349344592616,933.1862516873412,-1937.9287301948511,W00110
841956,842490,933.1862516873412,-1937.9287301948511,-82.14293697444242,-1351.7447350956706,W00110
985369,986090,2438.2540112858683,-645.8719388147609,1244.6201406197797,1024.896740019206,W00110
986752,987227,1244.6201406197797,1024.896740019206,-188.8673402319529,519.5250497148589,W00110
1005801,1007109,-188.8673402319529,519.5250497148589,-4214.829945059849,1013.5580839200984,W00110
