started_at,ended_at,start_x,start_y,end_x,end_y,bike_id
74317,74641,-1898.892902655899,642.7550111541201,-1022.594160382934,847.5816859929531,W00182
742989,743952,-6003.685941732648,9576.537599505204,-6971.834298522568,7478.622646231356,W00182
755748,757601,-6971.834298522568,7478.622646231356,-3874.94773152752,655.3724484528836,W00182
759475,761102,-3874.94773152752,655.3724484528836,-1442.0390538905754,-3649.143058648157,W00182
761608,762320,-1442.0390538905754,-3649.143058648157,-3212.045241846323,-3952.598230176928,W00182
895188,895708,-3212.045241846323,-3952.598230176928,-2456.980840832993,-5510.950741632024,W00182
1289535,1289824,-2456.980840832993,-5510.950741632024,-2646.8223324131995,-4834.493105377716,W00182
1704839,1705445,-2646.8223324131995,-4834.493105377716,-1442.0390538905754,-3649.143058648157,W00182
1705511,1706044,-1442.0390538905754,-3649.143058648157,-1260.1040304636565,-2002.7373407811456,W00182
1706128,1706621,-1260.1040304636565,-2002.7373407811456,-828.1189483765718,-1030.4785483633511,W00182
1709649,1711059,-828.1189483765718,-1030.4785483633511,-1642.789656665885,1651.749022427998,W00182
1761409,1762284,-1642.789656665885,1651.749022427998,-1339.0478585909025,-1081.2399416931091,W00182
1776500,1779583,-1339.0478585909025,-1081.2399416931091,-2508.780706691274,2847.424736803729,W00182
1779857,1784678,-2508.780706691274,2847.424736803729,-3387.042657208269,4823.342948308151,W00182
1871193,1872178,-3387.042657208269,4823.342948308151,-1135.4390937110154,3149.8780387266734,W00182
2272611,2274040,-1135.4390937110154,3149.8780387266734,-1135.4390937110154,3149.8780387266734,W00182
2404537,2405064,-1135.4390937110154,3149.8780387266734,-1001.6416887046756,1337.5515823548856,W00182
2417357,2417714,-1001.6416887046756,1337.5515823548856,-290.2205511174567,510.9534986484922,W00182
2423191,2423541,-290.2205511174567,510.9534986484922,-1001.6416887046756,1337.5515823548856,W00182
2461006,2462278,-1135.4390937110154,3149.8780387266734,-1001.6416887046756,1337.5515823548856,W00182
2467926,2468902,-1001.6416887046756,1337.5515823548856,-4169.189148603291,-55.102828285707005,W00182
