started_at,ended_at,start_x,start_y,end_x,end_y,bike_id
574542,574808,-929.3914426548988,1038.6048240499654,-570.845296965312,382.6028703385173,W00190
