started_at,ended_at,start_x,start_y,end_x,end_y,bike_id
199651,200052,1419.8520538572202,8919.199819653708,520.8301948654599,8617.080474265777,W00157
237990,238142,520.8301948654599,8617.080474265777,1009.6241810945196,8592.701647205933,W00157
242448,243915,1009.6241810945196,8592.701647205933,2393.584706305935,8504.203165413475,W00157
