started_at,ended_at,start_x,start_y,end_x,end_y,bike_id
39782,40209,1578.918836795151,-370.5804350772885,1835.2706095118488,-1359.8153513599148,W00183
40931,41303,1835.2706095118488,-1359.8153513599148,1578.918836795151,-370.5804350772885,W00183
54469,54768,1578.918836795151,-370.5804350772885,1260.3648729942292,461.861887993795,W00183
77376,78195,1260.3648729942292,461.861887993795,-1893.9180927095776,1322.3565600090635,W00183
116246,116561,-1893.9180927095776,1322.3565600090635,-1315.9120102200964,375.0331888763961,W00183
202384,202576,-1375.3554708776364,3230.58420136674,-1351.952265455199,2402.817269788199,W00183
203245,203715,-1351.952265455199,2402.817269788199,-2450.1589905827414,1407.2928387603392,W00183
204030,204387,-2450.1589905827414,1407.2928387603392,-3262.531070247399,360.3391013342791,W00183
416147,416429,-3262.531070247399,360.3391013342791,-3821.501991331301,729.9176668049492,W00183
576422,578186,-2811.4720009168905,-425.46062567272384,-814.5374629822909,2330.682658213708,W00183
750703,751309,-2594.876311980931,495.12537678995767,-1881.431886693912,2146.116013168249,W00183
848447,849958,-1574.715056457654,1019.791939240589,-1574.715056457654,1019.791939240589,W00183
851193,851477,-1574.715056457654,1019.791939240589,-2194.889224699188,1823.9592756756335,W00183
892777,893090,-2194.889224699188,1823.9592756756335,-1917.467610232194,723.2385361039151,W00183
929077,929258,-1687.4808070499614,3322.088291974309,-2089.6479554302955,2393.132530270474,W00183
981894,982360,-2089.6479554302955,2393.132530270474,-1890.7937293864395,645.4266634342174,W00183
1111500,1111945,-2996.425218577444,611.3630968574403,-2792.164519531742,1461.727753976022,W00183
1113607,1114320,-2792.164519531742,1461.727753976022,-1557.3691014905978,2536.900818615751,W00183
1164854,1165485,-1557.3691014905978,2536.900818615751,-1553.745244797235,1509.7618356025214,W00183
1180940,1181633,-1553.745244797235,1509.7618356025214,-2925.311977241168,1006.3223589937804,W00183
