started_at,ended_at,start_x,start_y,end_x,end_y,bike_id
203082,203586,650.571967409161,1060.0649330247525,975.0041157596628,-78.1458292047099,W00151
292744,293250,1951.2327644420184,-874.409527643412,586.0147279129765,-274.5122718227076,W00151
304982,305230,586.0147279129765,-274.5122718227076,1124.7088420298285,-40.52005958753947,W00151
502998,504110,1124.7088420298285,-40.52005958753947,1672.7348669763114,1885.8586109881687,W00151
574927,579789,1672.7348669763114,1885.8586109881687,-262.4706326389354,2158.472404966072,W00151
653941,654570,-262.4706326389354,2158.472404966072,-1341.804285739922,1150.146306761428,W00151
656411,656790,-1341.804285739922,1150.146306761428,-1619.9365259724264,2337.5844266058048,W00151
658280,658471,-1619.9365259724264,2337.5844266058048,-1642.789656665885,1651.749022427998,W00151
665421,665579,-1642.789656665885,1651.749022427998,-1865.1073615998864,1368.1086053136396,W00151
672861,673323,-1865.1073615998864,1368.1086053136396,-2508.780706691274,2847.424736803729,W00151
674673,675014,-2508.780706691274,2847.424736803729,-1802.6007941396545,2544.637478344983,W00151
720163,720713,-1802.6007941396545,2544.637478344983,-1338.6563166249937,473.21641018658136,W00151
736469,737064,-1135.4390937110154,3149.8780387266734,-2052.6947547840787,415.10797308497393,W00151
753682,754757,-2052.6947547840787,415.10797308497393,1569.9622930518342,2264.7819019612893,W00151
801692,802250,1569.9622930518342,2264.7819019612893,901.9420715355648,3443.4258330482376,W00151
812681,813726,901.9420715355648,3443.4258330482376,-276.7184401763835,-211.0605301609056,W00151
823521,823774,-276.7184401763835,-211.0605301609056,305.21918808728344,-65.4554808726659,W00151
839386,840290,305.21918808728344,-65.4554808726659,2397.9510978743274,-870.7360057574874,W00151
887772,888658,2397.9510978743274,-870.7360057574874,-465.43463430746266,-1283.8432972756757,W00151
920645,926847,-465.43463430746266,-1283.8432972756757,-465.43463430746266,-1283.8432972756757,W00151
1179555,1183533,-465.43463430746266,-1283.8432972756757,-465.43463430746266,-1283.8432972756757,W00151
1525356,1526753,-465.43463430746266,-1283.8432972756757,-1802.6007941396545,2544.637478344983,W00151
1573847,1574997,-1802.6007941396545,2544.637478344983,-465.43463430746266,-1283.8432972756757,W00151
