started_at,ended_at,start_x,start_y,end_x,end_y,bike_id
113755,113926,-4895.550496594409,-628.5061989909647,-4282.93758484372,-357.3334925191697,W00139
332390,332565,-5365.713663128789,-801.2730464646756,-4715.347145159489,-940.0876462063496,W00139
726396,727070,-4715.347145159489,-940.0876462063496,-4282.93758484372,-357.3334925191697,W00139
842633,842888,-5348.258169372739,-680.6034184607712,-5023.2373402162775,-22.041131313966417,W00139
898156,898726,-5023.2373402162775,-22.041131313966417,-3145.6904913373305,496.2148835678463,W00139
940674,940877,-3145.6904913373305,496.2148835678463,-2833.000982424627,-57.55184287632349,W00139
946908,948452,-2833.000982424627,-57.55184287632349,2235.0447168684573,1124.0976970265244,W00139
1110001,1110562,2235.0447168684573,1124.0976970265244,363.25593041670027,347.31479646722295,W00139
1188121,1188594,363.25593041670027,347.31479646722295,2283.334914585575,-335.1253829365107,W00139
1192121,1192613,2283.334914585575,-335.1253829365107,363.25593041670027,347.31479646722295,W00139
1277964,1278131,363.25593041670027,347.31479646722295,932.3577554627492,283.6404171143583,W00139
1703028,1703348,932.3577554627492,283.6404171143583,332.92911989643176,582.1975594618963,W00139
1710355,1710444,332.92911989643176,582.1975594618963,332.92911989643176,582.1975594618963,W00139
1711595,1712898,332.92911989643176,582.1975594618963,-747.4932564629371,3672.408697257432,W00139
1838491,1838839,-747.4932564629371,3672.408697257432,-1379.7769751705168,3794.859426781138,W00139
2136114,2136671,-1379.7769751705168,3794.859426781138,-1161.491409832351,1652.194297808541,W00139
2148607,2148993,-1161.491409832351,1652.194297808541,-2094.393320151142,858.8805487633692,W00139
2192271,2192799,-2094.393320151142,858.8805487633692,-1460.8625118525238,53.58049920683244,W00139
2206614,2206946,-1460.8625118525238,53.58049920683244,-1365.3326241855143,551.0282828562791,W00139
