started_at,ended_at,start_x,start_y,end_x,end_y,bike_id
205421,206436,-1380.2283887746603,-858.2682951157151,-1891.130832604516,-909.029688445473,W00168
227607,229725,-1891.130832604516,-909.029688445473,-2848.997106809029,-636.9107717910118,W00168
234436,235651,-2848.997106809029,-636.9107717910118,-65.24156624682065,-642.142757506466,W00168
308113,311344,-65.24156624682065,-642.142757506466,-1051.7849150501052,-834.0564463237743,W00168
