started_at,ended_at,start_x,start_y,end_x,end_y,bike_id
799,1709,-2089.6479554302955,2393.132530270474,-1351.952265455199,2402.817269788199,W00172
36211,37068,-1351.952265455199,2402.817269788199,1244.6201406197797,1024.896740019206,W00172
46408,47076,1244.6201406197797,1024.896740019206,2852.2638477301693,103.74916355986063,W00172
114859,116247,2852.2638477301693,103.74916355986063,933.1862516873412,-1937.9287301948511,W00172
136003,136502,933.1862516873412,-1937.9287301948511,-117.15367456973772,-2177.897543422312,W00172
142139,142512,-117.15367456973772,-2177.897543422312,-454.372404106747,-1426.328361259987,W00172
146112,146512,-454.372404106747,-1426.328361259987,-117.15367456973772,-2177.897543422312,W00172
202931,204259,-117.15367456973772,-2177.897543422312,-3499.0812210478525,986.6189234248992,W00172
289226,290127,-3499.0812210478525,986.6189234248992,-1462.7862234637655,22.472351936458256,W00172
298954,299774,-1462.7862234637655,22.472351936458256,223.52812242238716,-443.9395539462969,W00172
310917,311438,223.52812242238716,-443.9395539462969,-246.9191299668783,106.75477237497007,W00172
337896,338892,-246.9191299668783,106.75477237497007,4215.109312018323,-34.31086097147756,W00172
1607062,1608714,4215.109312018323,-34.31086097147756,4215.109312018323,-34.31086097147756,W00172
1868971,1869694,4215.109312018323,-34.31086097147756,1845.807450034228,-698.5257525098514,W00172
1923146,1923526,1845.807450034228,-698.5257525098514,1002.1298273174614,77.58923497942598,W00172
2313303,2315156,-1557.3691014905978,2536.900818615751,-1351.952265455199,2402.817269788199,W00172
2571078,2574484,-919.4722224283496,3269.7684348142307,-919.4722224283496,3269.7684348142307,W00172
