started_at,ended_at,start_x,start_y,end_x,end_y,bike_id
1181337,1182268,-1994.3215216154588,-3476.932805400522,-1994.3215216154588,-3476.932805400522,W00285
1785978,1790232,-2354.6709182688887,2716.8477315926184,-3060.847950466069,3019.634990051365,W00285
1791002,1791417,-3060.847950466069,3019.634990051365,-2354.6709182688887,2716.8477315926184,W00285
2464332,2468386,-2354.6709182688887,2716.8477315926184,-2354.6709182688887,2716.8477315926184,W00285
