started_at,ended_at,start_x,start_y,end_x,end_y,bike_id
1618129,1620373,-3204.558176754409,-842.0157437416958,-1189.7987514110014,1984.8150067328563,W00234
1620407,1621064,-1189.7987514110014,1984.8150067328563,-1812.1172615052687,1830.5270875335093,W00234
1624831,1625453,-1812.1172615052687,1830.5270875335093,-1993.883130108986,3476.932805400522,W00234
