started_at,ended_at,start_x,start_y,end_x,end_y,bike_id
1003680,1004056,-2469.43675410197,4.1187972648863145,-2925.311977241168,1006.3223589937804,W00219
1099403,1099752,-2450.1589905827414,1407.2928387603392,-1881.431886693912,2146.116013168249,W00219
1317695,1317865,-1881.431886693912,2146.116013168249,-2194.4774136437,1670.339269546311,W00219
1318325,1318490,-2194.4774136437,1670.339269546311,-1881.431886693912,2146.116013168249,W00219
1324352,1324937,-1881.431886693912,2146.116013168249,-2892.405826201766,-17.69969635880834,W00219
1343926,1344144,-2892.405826201766,-17.69969635880834,-3204.387511290492,842.0157437416958,W00219
1346389,1347877,-3204.387511290492,842.0157437416958,1002.1298273174614,77.58923497942598,W00219
1352336,1352538,1002.1298273174614,77.58923497942598,1884.1796308376872,112.54335231649912,W00219
1601233,1601832,-65.24421585664805,-642.142757506466,1884.1796308376872,112.54335231649912,W00219
1626340,1627898,1884.1796308376872,112.54335231649912,-2194.889224699188,1823.9592756756335,W00219
1676608,1677166,-2194.889224699188,1823.9592756756335,-2606.956075627768,-149.61252770917662,W00219
1689319,1690033,-2606.956075627768,-149.61252770917662,-1881.431886693912,2146.116013168249,W00219
1697886,1698057,-1881.431886693912,2146.116013168249,-2194.889224699188,1823.9592756756335,W00219
1699064,1699349,-2194.889224699188,1823.9592756756335,-1574.715056457654,1019.791939240589,W00219
1775685,1783854,-1574.715056457654,1019.791939240589,-1475.6435123868507,638.6362138876518,W00219
2128128,2128411,-1881.431886693912,2146.116013168249,-2646.5254975806206,1031.0908020110053,W00219
2225586,2226939,-2646.5254975806206,1031.0908020110053,1399.084123210781,-702.1992743957761,W00219
2388882,2389957,1399.084123210781,-702.1992743957761,-65.24421585664805,-642.142757506466,W00219
2390072,2391413,-65.24421585664805,-642.142757506466,1399.084123210781,-702.1992743957761,W00219
2397453,2397928,1399.084123210781,-702.1992743957761,1108.854912819232,-2222.2581031636773,W00219
2483711,2483784,1108.854912819232,-2222.2581031636773,1108.854912819232,-2222.2581031636773,W00219
