started_at,ended_at,start_x,start_y,end_x,end_y,bike_id
117609,118160,-2089.6479554302955,2393.132530270474,-1917.467610232194,723.2385361039151,W00212
850280,851476,-2287.4332348769594,449.3941773512319,-922.0093029382764,1354.416387375768,W00212
862799,864123,-922.0093029382764,1354.416387375768,-2434.4542367719587,2130.308737174774,W00212
887762,888280,-2434.4542367719587,2130.308737174774,-2808.1861045329406,513.9591074636016,W00212
933637,934038,-2808.1861045329406,513.9591074636016,-3499.0812210478525,986.6189234248992,W00212
992321,992617,-1687.4808070499614,3322.088291974309,-1351.952265455199,2402.817269788199,W00212
1092373,1092962,-1553.745244797235,1509.7618356025214,-2594.876311980931,495.12537678995767,W00212
1101127,1101367,-2594.876311980931,495.12537678995767,-2450.1589905827414,1407.2928387603392,W00212
1174407,1175979,-2450.1589905827414,1407.2928387603392,-912.0125818422052,1947.857150184919,W00212
1252940,1253317,-912.0125818422052,1947.857150184919,-2194.4774136437,1670.339269546311,W00212
1254702,1255286,-2194.4774136437,1670.339269546311,-1008.4935812659144,2284.707975219652,W00212
1331037,1331720,-1008.4935812659144,2284.707975219652,422.87264992317904,94.06442404292608,W00212
