started_at,ended_at,start_x,start_y,end_x,end_y,bike_id
113768,114789,-4021.79420879787,-5742.716576966848,-1442.0390538905754,-3649.143058648157,W00210
114820,116057,-1442.0390538905754,-3649.143058648157,-1040.6264073723517,650.6029897280923,W00210
148857,150173,-1040.6264073723517,650.6029897280923,-1442.0390538905754,-3649.143058648157,W00210
150189,151405,-1442.0390538905754,-3649.143058648157,-4021.79420879787,-5742.716576966848,W00210
372804,373858,-4021.79420879787,-5742.716576966848,-1442.0390538905754,-3649.143058648157,W00210
373870,375143,-1442.0390538905754,-3649.143058648157,-1040.6264073723517,650.6029897280923,W00210
408856,410062,-1040.6264073723517,650.6029897280923,-1442.0390538905754,-3649.143058648157,W00210
410072,411122,-1442.0390538905754,-3649.143058648157,-4021.79420879787,-5742.716576966848,W00210
720336,721386,-4021.79420879787,-5742.716576966848,-1442.0390538905754,-3649.143058648157,W00210
721398,722616,-1442.0390538905754,-3649.143058648157,-1040.6264073723517,650.6029897280923,W00210
725092,725636,-1040.6264073723517,650.6029897280923,-799.8820989751116,2230.607016540563,W00210
726499,727400,-799.8820989751116,2230.607016540563,-1735.284656080833,277.18392410359587,W00210
737536,737833,-1735.284656080833,277.18392410359587,-1365.3326241855143,551.0282828562791,W00210
759882,761012,-1365.3326241855143,551.0282828562791,-386.5143738072543,5772.104752051873,W00210
808475,809054,-386.5143738072543,5772.104752051873,1786.632226663973,6640.503062064276,W00210
891876,892112,1786.632226663973,6640.503062064276,1744.9539641627885,6073.44486552504,W00210
1014620,1016821,-1339.0478585909025,-1081.2399416931091,-2301.331649052671,-1063.874201870104,W00210
1017135,1019742,-2301.331649052671,-1063.874201870104,-910.6317190044888,-149.73790131117772,W00210
1091119,1092370,-910.6317190044888,-149.73790131117772,-2301.331649052671,-1063.874201870104,W00210
1093222,1095058,-2301.331649052671,-1063.874201870104,1709.7916832437074,-315.9228821705432,W00210
1252209,1252837,1709.7916832437074,-315.9228821705432,1485.3831175752284,-2110.138983442487,W00210
1343464,1343796,1485.3831175752284,-2110.138983442487,1917.8811044698043,-2344.26355730684,W00210
1513115,1513547,1917.8811044698043,-2344.26355730684,435.06300640745945,-2350.107796669948,W00210
1547763,1548367,775.6805476381545,-616.1498071939328,-910.6317190044888,-149.73790131117772,W00210
2647987,2648375,3555.089812316532,-5737.373272405862,2036.2112595582369,-6075.788833626327,W00210
