started_at,ended_at,start_x,start_y,end_x,end_y,bike_id
2053109,2053852,2571.749731503465,1244.656006184107,422.87516574033486,94.06442404292608,W00293
2053911,2054776,422.87516574033486,94.06442404292608,-424.0948683241063,713.6651154317209,W00293
2054813,2055613,-424.0948683241063,713.6651154317209,2571.749731503465,1244.656006184107,W00293
2099007,2099997,2571.749731503465,1244.656006184107,903.1945058439112,-2156.246028065728,W00293
2213344,2213604,1157.64939435139,-143.71262892290716,1884.193042639453,112.54335231649912,W00293
