started_at,ended_at,start_x,start_y,end_x,end_y,bike_id
1541943,1542806,-27528.908545298797,8081.970786247714,-28698.558032788005,7391.334256289223,W00259
