started_at,ended_at,start_x,start_y,end_x,end_y,bike_id
2544652,2546383,-15033.152600397863,22244.399525256515,-14686.9072305442,23283.56094353176,W00213
