started_at,ended_at,start_x,start_y,end_x,end_y,bike_id
1443565,1443728,-6955.684337452492,-1672.2316899124346,-6955.684337452492,-1672.2316899124346,W00214
1793212,1798945,-6955.684337452492,-1672.2316899124346,-1339.0478585909025,-1081.2399416931091,W00214
1865165,1867385,-1339.0478585909025,-1081.2399416931091,-4636.804123772981,-486.6859904333901,W00214
1869107,1869665,-4636.804123772981,-486.6859904333901,-6005.178050395521,-958.6778933246632,W00214
1871001,1871436,-6005.178050395521,-958.6778933246632,-4895.550496594409,-628.5061989909647,W00214
