started_at,ended_at,start_x,start_y,end_x,end_y,bike_id
112989,113403,2990.389368117216,-818.0821920623969,1782.257882414919,-1414.8625202224605,W00258
119538,121478,1782.257882414919,-1414.8625202224605,1782.257882414919,-1414.8625202224605,W00258
133991,134263,1782.257882414919,-1414.8625202224605,788.5325500265636,-1205.8057292724188,W00258
147113,147702,788.5325500265636,-1205.8057292724188,486.9182756857461,-814.3530107541019,W00258
232503,233424,486.9182756857461,-814.3530107541019,-433.0906763410017,61.67064014200078,W00258
723178,723645,-1135.4390937110154,3149.8780387266734,-1341.804285739922,1150.146306761428,W00258
748586,748891,-1341.804285739922,1150.146306761428,-1642.789656665885,1651.749022427998,W00258
933713,934130,-3273.215818796542,-10246.574147019925,-2678.588084594762,-11160.0481699357,W00258
2223625,2225089,-2678.588084594762,-11160.0481699357,-2678.588084594762,-11160.0481699357,W00258
