started_at,ended_at,start_x,start_y,end_x,end_y,bike_id
112928,113976,-1008.6393466202468,2284.707975219652,-2892.402588299826,-17.69969635880834,W00289
