started_at,ended_at,start_x,start_y,end_x,end_y,bike_id
754450,755791,-2853.3723100320794,-891.6639486224678,1705.97931922735,-1036.489765995152,W00263
815394,815710,1705.97931922735,-1036.489765995152,2285.152260892992,-1533.30577132602,W00263
935018,935304,2285.152260892992,-1533.30577132602,1705.97931922735,-1036.489765995152,W00263
1580442,1580835,1705.97931922735,-1036.489765995152,1108.6991008528505,-2222.2581031636773,W00263
1588972,1589328,1108.6991008528505,-2222.2581031636773,1270.88485205592,-1678.4655452337165,W00263
1735465,1735808,1270.88485205592,-1678.4655452337165,1578.881831505927,-370.5804350772885,W00263
2208682,2209606,1578.881831505927,-370.5804350772885,3193.7216908469413,171.98761555736422,W00263
