started_at,ended_at,start_x,start_y,end_x,end_y,bike_id
297707,298794,-794.7691416991337,2685.45581729673,104.65262178054566,350.0977675920606,W00205
320922,321037,104.65262178054566,350.0977675920606,572.5803208358176,131.6901936600965,W00205
398368,399544,572.5803208358176,131.6901936600965,-2194.4774136437,1670.339269546311,W00205
420768,420958,-2194.4774136437,1670.339269546311,-1881.431886693912,2146.116013168249,W00205
429193,429663,-1881.431886693912,2146.116013168249,-919.4722224283496,3269.7684348142307,W00205
462448,462969,-919.4722224283496,3269.7684348142307,-500.12939426980034,1054.6347377329218,W00205
466140,466745,-500.12939426980034,1054.6347377329218,-2013.015909685712,225.7907524544684,W00205
475868,476317,-2013.015909685712,225.7907524544684,-3697.8467852525214,668.4251368154823,W00205
