started_at,ended_at,start_x,start_y,end_x,end_y,bike_id
117094,118921,1017.9191426354972,2436.9921552089254,-2605.26842578739,-423.4568864618599,W00261
147119,148039,-2605.26842578739,-423.4568864618599,-188.8673402319529,519.5250497148589,W00261
149800,150141,-188.8673402319529,519.5250497148589,-500.12939426980034,1054.6347377329218,W00261
150206,150413,-500.12939426980034,1054.6347377329218,-929.3914426548988,1038.6048240499654,W00261
154724,155091,-929.3914426548988,1038.6048240499654,-828.8681814864412,-38.85027691326964,W00261
155599,156657,-828.8681814864412,-38.85027691326964,1120.6795998258754,2058.068864235805,W00261
204005,205585,1120.6795998258754,2058.068864235805,-1462.7862234637655,22.472351936458256,W00261
205607,206244,-1462.7862234637655,22.472351936458256,-2803.1298600936816,296.3567677708471,W00261
371442,371887,-2417.219257666417,1540.3188585612754,-912.0125818422052,1947.857150184919,W00261
375216,375638,-912.0125818422052,1947.857150184919,-1320.292999174232,823.2028589331105,W00261
382660,382869,-1320.292999174232,823.2028589331105,-985.2325967772824,233.88089338963675,W00261
462709,463375,259.6198942404481,1818.615971114648,1002.1298273174614,77.58923497942598,W00261
463851,464786,1002.1298273174614,77.58923497942598,-2811.4720009168905,-425.46062567272384,W00261
499165,500185,-2811.4720009168905,-425.46062567272384,-1994.3215216154588,-3476.932805400522,W00261
647686,648724,-1380.3033083701418,-858.2682951157151,-1812.32704114666,-1830.5270875335093,W00261
651761,655696,-1812.32704114666,-1830.5270875335093,-757.2144788708657,-1761.398084774919,W00261
772967,774553,-2417.219257666417,1540.3188585612754,1884.1796308376872,112.54335231649912,W00261
798403,798613,1884.1796308376872,112.54335231649912,1002.1298273174614,77.58923497942598,W00261
800768,801158,1002.1298273174614,77.58923497942598,-104.30822423996608,-1101.0580053229169,W00261
836001,836314,-104.30822423996608,-1101.0580053229169,-117.15367456973772,-2177.897543422312,W00261
839170,840084,-117.15367456973772,-2177.897543422312,2438.2540112858683,-645.8719388147609,W00261
845725,847866,2438.2540112858683,-645.8719388147609,-584.2071226972812,-157.18220917050687,W00261
