started_at,ended_at,start_x,start_y,end_x,end_y,bike_id
392670,392978,2049.325672781144,-9.239464137182011,1002.1298273174614,77.58923497942598,W00286
454393,454927,1002.1298273174614,77.58923497942598,1111.6181164467437,379.2633049876047,W00286
644256,645365,1111.6181164467437,379.2633049876047,-117.15367456973772,-2177.897543422312,W00286
647311,648071,-117.15367456973772,-2177.897543422312,-1154.4178996069331,447.5017569858993,W00286
670806,671477,-101.53103449587984,1825.183782970942,1002.1298273174614,77.58923497942598,W00286
683051,683636,1002.1298273174614,77.58923497942598,-543.4342390331508,1377.793344829783,W00286
723881,724404,-543.4342390331508,1377.793344829783,-1386.3722255965383,1072.7797094714829,W00286
745792,746177,-1386.3722255965383,1072.7797094714829,-2451.030497734943,814.965264401756,W00286
746227,746345,-2451.030497734943,814.965264401756,-2328.120578614408,661.3452582716426,W00286
759127,759592,-2328.120578614408,661.3452582716426,-1923.405460375761,1762.9565486044485,W00286
760961,762882,-1923.405460375761,1762.9565486044485,1002.1298273174614,77.58923497942598,W00286
805054,805756,1002.1298273174614,77.58923497942598,-497.6852901437867,-1112.8544936800606,W00286
808065,808470,-497.6852901437867,-1112.8544936800606,-1309.9813548408183,-194.6966599429369,W00286
895310,895439,259.6198942404481,1818.615971114648,-101.53103449587984,1825.183782970942,W00286
895785,896490,-101.53103449587984,1825.183782970942,-1154.4178996069331,447.5017569858993,W00286
985462,985854,-2104.020490588656,3097.446862721063,-2417.219257666417,1540.3188585612754,W00286
1009409,1010285,-2417.219257666417,1540.3188585612754,-188.8673402319529,519.5250497148589,W00286
1064607,1064992,-188.8673402319529,519.5250497148589,-298.30049519174673,-188.1288480866431,W00286
1085967,1088517,-298.30049519174673,-188.1288480866431,-1475.6435123868507,638.6362138876518,W00286
1099468,1100132,-1475.6435123868507,638.6362138876518,-2925.311977241168,1006.3223589937804,W00286
