started_at,ended_at,start_x,start_y,end_x,end_y,bike_id
115467,115736,-219.1862779950825,754.4078127095321,-842.3452252522125,683.1637518961281,W00230
117362,117916,-842.3452252522125,683.1637518961281,223.52812242238716,-443.9395539462969,W00230
158748,159475,223.52812242238716,-443.9395539462969,1000.298381636028,1637.3888914201018,W00230
201018,202117,1000.298381636028,1637.3888914201018,1108.854912819232,-2222.2581031636773,W00230
320726,320802,1108.854912819232,-2222.2581031636773,1221.5108251699423,-2365.859413241053,W00230
499281,499564,1221.5108251699423,-2365.859413241053,-117.15367456973772,-2177.897543422312,W00230
562165,562329,-117.15367456973772,-2177.897543422312,-568.1726241532793,-1955.7830855160428,W00230
570530,570994,-568.1726241532793,-1955.7830855160428,903.3176669575872,-2156.246028065728,W00230
721234,721991,2438.2540112858683,-645.8719388147609,-117.15367456973772,-2177.897543422312,W00230
734207,734443,-117.15367456973772,-2177.897543422312,-82.14293697444242,-1351.7447350956706,W00230
736335,737174,-82.14293697444242,-1351.7447350956706,1572.4295790921033,412.8815961838383,W00230
745134,745371,1572.4295790921033,412.8815961838383,1002.1298273174614,77.58923497942598,W00230
908611,909696,2500.732022251305,-159.2972672261112,223.52812242238716,-443.9395539462969,W00230
928009,928379,223.52812242238716,-443.9395539462969,-497.6852901437867,-1112.8544936800606,W00230
977785,978605,-497.6852901437867,-1112.8544936800606,-2348.1622084654537,-118.3319322580282,W00230
1249252,1249554,-2348.1622084654537,-118.3319322580282,-2190.235672060508,980.0441292680304,W00230
1250724,1250930,-2190.235672060508,980.0441292680304,-2925.311977241168,1006.3223589937804,W00230
