started_at,ended_at,start_x,start_y,end_x,end_y,bike_id
1442148,1442465,-367.4370509722781,3097.5581815665946,-359.9313181814267,1775.6468969372831,W00264
1625933,1626340,-359.9313181814267,1775.6468969372831,-367.4370509722781,3097.5581815665946,W00264
1681524,1681814,-367.4370509722781,3097.5581815665946,-1068.027447763776,2840.856924947436,W00264
1681931,1682800,-1068.027447763776,2840.856924947436,-1617.3824598979872,208.1662401897456,W00264
1683944,1684923,-1617.3824598979872,208.1662401897456,-1068.027447763776,2840.856924947436,W00264
1685290,1685561,-1068.027447763776,2840.856924947436,-1161.491409832351,1652.194297808541,W00264
1837345,1839408,-1161.491409832351,1652.194297808541,-1260.1040304636565,-2002.7373407811456,W00264
1863310,1864423,-1260.1040304636565,-2002.7373407811456,-1260.1040304636565,-2002.7373407811456,W00264
1865549,1866635,-1260.1040304636565,-2002.7373407811456,1455.5224809928118,-2328.4562813133634,W00264
1876060,1877610,1455.5224809928118,-2328.4562813133634,-428.9248489104604,3523.6867203093425,W00264
2017554,2018110,-428.9248489104604,3523.6867203093425,-1001.6416887046756,1337.5515823548856,W00264
2045586,2046313,-1001.6416887046756,1337.5515823548856,-1001.6416887046756,1337.5515823548856,W00264
2051599,2052032,-1001.6416887046756,1337.5515823548856,-1882.362757780742,1958.0984839271373,W00264
2054915,2055776,-1882.362757780742,1958.0984839271373,-479.0757048613133,668.9149397337637,W00264
2058297,2058942,-479.0757048613133,668.9149397337637,-2340.23434777719,-189.90994960644437,W00264
2098775,2099759,-2340.23434777719,-189.90994960644437,-479.0757048613133,668.9149397337637,W00264
2143575,2144126,-479.0757048613133,668.9149397337637,-1371.3067196627298,1590.7462953568122,W00264
2145542,2146103,-1371.3067196627298,1590.7462953568122,-479.0757048613133,668.9149397337637,W00264
2558878,2559308,-262.4706326389354,2158.472404966072,-834.2552317649786,900.5694562238467,W00264
