started_at,ended_at,start_x,start_y,end_x,end_y,bike_id
746870,748513,-6325.195052330048,-4121.134961539431,-2284.558322943482,-4606.930401212525,W00200
752400,754058,-2284.558322943482,-4606.930401212525,-2239.372414807615,-11095.92851520308,W00200
1608619,1613469,-2239.372414807615,-11095.92851520308,-2239.372414807615,-11095.92851520308,W00200
1790828,1795224,-2239.372414807615,-11095.92851520308,-3449.6932796672977,661.2339394276931,W00200
2300623,2302534,-3449.6932796672977,661.2339394276931,1209.3330173771565,210.72657362589345,W00200
