started_at,ended_at,start_x,start_y,end_x,end_y,bike_id
482367,482584,2708.7693829000227,-3300.8263925766887,2958.166332388539,-2846.200229509212,W00228
1352448,1352696,1835.2706095118488,-1359.8153513599148,1365.6807727435448,-2172.053304059203,W00228
1512768,1512861,1365.6807727435448,-2172.053304059203,1365.6807727435448,-2172.053304059203,W00228
1513091,1513529,1365.6807727435448,-2172.053304059203,-117.15367456973772,-2177.897543422312,W00228
