started_at,ended_at,start_x,start_y,end_x,end_y,bike_id
6082,7001,-1369.0198339983065,1373.3405910290935,-2605.26842578739,-423.4568864618599,W00238
41862,42879,-2605.26842578739,-423.4568864618599,-1051.840396051375,-834.0564463237743,W00238
43015,44546,-1051.840396051375,-834.0564463237743,1835.2706095118488,-1359.8153513599148,W00238
53069,53362,1835.2706095118488,-1359.8153513599148,1399.084123210781,-702.1992743957761,W00238
53784,54356,1399.084123210781,-702.1992743957761,1849.37095562868,720.130750546742,W00238
716133,717290,1849.37095562868,720.130750546742,-1309.9813548408183,-194.6966599429369,W00238
723382,723953,2438.2540112858683,-645.8719388147609,1244.6201406197797,1024.896740019206,W00238
