started_at,ended_at,start_x,start_y,end_x,end_y,bike_id
111714,111880,-11358.05766519392,-2195.7642180482303,-11571.843862945265,-1390.2766539863078,W00203
136603,136839,-11571.843862945265,-1390.2766539863078,-11358.05766519392,-2195.7642180482303,W00203
336976,337571,-11358.05766519392,-2195.7642180482303,-13476.87528467373,-2013.7579064381289,W00203
2570858,2572477,-4457.1915994264655,1647.9416224841314,-2259.2871664561067,-597.6708789203599,W00203
