started_at,ended_at,start_x,start_y,end_x,end_y,bike_id
1534628,1535414,-1158.9332723089417,3460.1236598020096,-2652.2426542615626,669.8054904940599,W00234
1618129,1620373,-2652.2426542615626,669.8054904940599,-637.7264760323915,-2157.025259980492,W00234
1620407,1621064,-637.7264760323915,-2157.025259980492,-1260.1040304636565,-2002.7373407811456,W00234
1624831,1625453,-1260.1040304636565,-2002.7373407811456,-1442.0390538905754,-3649.143058648157,W00234
1625467,1626980,-1442.0390538905754,-3649.143058648157,-1840.119436452173,-9472.343160565591,W00234
1789711,1790292,-1840.119436452173,-9472.343160565591,-1840.119436452173,-9472.343160565591,W00234
1872660,1873220,-1840.119436452173,-9472.343160565591,-1516.5299053546212,-10540.336159701374,W00234
1873233,1876907,-1516.5299053546212,-10540.336159701374,-1776.5905868826148,-10362.8939207367,W00234
2569296,2569435,-4895.550496594409,-628.5061989909647,-4282.93758484372,-357.3334925191697,W00234
