started_at,ended_at,start_x,start_y,end_x,end_y,bike_id
651452,652753,7165.074723497554,6419.757792387227,7165.074723497554,6419.757792387227,W00206
1716826,1718633,7165.074723497554,6419.757792387227,7165.074723497554,6419.757792387227,W00206
1789627,1792884,7165.074723497554,6419.757792387227,7165.074723497554,6419.757792387227,W00206
2388677,2392297,7165.074723497554,6419.757792387227,7165.074723497554,6419.757792387227,W00206
