started_at,ended_at,start_x,start_y,end_x,end_y,bike_id
112989,113403,2438.154417210546,-645.8719388147609,1229.9918635043607,-1242.652266974825,W00258
119538,121478,1229.9918635043607,-1242.652266974825,1229.9918635043607,-1242.652266974825,W00258
133991,134263,1229.9918635043607,-1242.652266974825,236.34422431908067,-1033.5954760247828,W00258
147113,147702,236.34422431908067,-1033.5954760247828,-65.24156624682065,-642.142757506466,W00258
232503,233424,-65.24156624682065,-642.142757506466,-985.2471709658158,233.88089338963675,W00258
723178,723645,-1687.835498630181,3322.088291974309,-1894.076513983168,1322.3565600090635,W00258
748586,748891,-1894.076513983168,1322.3565600090635,-2195.1424784234973,1823.9592756756333,W00258
