started_at,ended_at,start_x,start_y,end_x,end_y,bike_id
576804,578214,-2853.533219035006,-891.6639486224678,-1051.840396051375,-834.0564463237743,W00207
578969,580481,-1051.840396051375,-834.0564463237743,-2892.405826201766,-17.69969635880834,W00207
755904,757326,-2892.405826201766,-17.69969635880834,2500.732022251305,-159.2972672261112,W00207
805122,805506,2500.732022251305,-159.2972672261112,1002.1298273174614,77.58923497942598,W00207
806808,807996,1002.1298273174614,77.58923497942598,-2925.311977241168,1006.3223589937804,W00207
838489,839144,-2925.311977241168,1006.3223589937804,-2849.1118684293083,-636.9107717910118,W00207
1275362,1276085,1157.659916597574,-143.71262892290716,-219.1862779950825,754.4078127095321,W00207
1361406,1361737,-219.1862779950825,754.4078127095321,98.47671969768471,1232.2751862723885,W00207
1439204,1439933,98.47671969768471,1232.2751862723885,-1369.0198339983065,1373.3405910290935,W00207
1444818,1445107,-1369.0198339983065,1373.3405910290935,-490.1426245460887,1831.862913672767,W00207
1665586,1669852,-490.1426245460887,1831.862913672767,-490.1426245460887,1831.862913672767,W00207
1710974,1711469,-490.1426245460887,1831.862913672767,364.51883299847503,2132.201157540106,W00207
1783418,1784135,364.51883299847503,2132.201157540106,-188.8673402319529,519.5250497148589,W00207
1784588,1785118,-188.8673402319529,519.5250497148589,364.51883299847503,2132.201157540106,W00207
1871591,1872441,364.51883299847503,2132.201157540106,-2287.4332348769594,449.3941773512319,W00207
1873012,1874011,-2287.4332348769594,449.3941773512319,364.51883299847503,2132.201157540106,W00207
1877349,1877769,364.51883299847503,2132.201157540106,-1369.0198339983065,1373.3405910290935,W00207
1959183,1959522,-1369.0198339983065,1373.3405910290935,-1008.4935812659144,2284.707975219652,W00207
1965550,1966486,-1008.4935812659144,2284.707975219652,-1380.3033083701418,-858.2682951157151,W00207
2130678,2130988,1671.9960725413196,3476.9328053997306,1786.245177219664,2718.294876578199,W00207
