started_at,ended_at,start_x,start_y,end_x,end_y,bike_id
112928,113976,-1008.4935812659144,2284.707975219652,-2892.405826201766,-17.69969635880834,W00289
