started_at,ended_at,start_x,start_y,end_x,end_y,bike_id
898212,898540,-2996.5410888062315,611.3630968574403,-3821.678425592958,729.9176668049492,W00290
1070408,1070629,-2925.498184966575,1006.3223589937804,-2190.3714482407813,980.0441292680304,W00290
1413035,1413287,-922.0882966995912,1354.416387375768,-985.2471709658158,233.88089338963675,W00290
1431553,1432672,-985.2471709658158,233.88089338963675,-2469.4373973937936,4.1187972648863145,W00290
1551734,1552053,-2469.4373973937936,4.1187972648863145,-2996.5410888062315,611.3630968574403,W00290
1617537,1618451,-2996.5410888062315,611.3630968574403,-2259.8608310676686,2967.9830459613117,W00290
1620606,1622446,-2259.8608310676686,2967.9830459613117,259.6497622861215,1818.615971114648,W00290
2054284,2055038,259.6497622861215,1818.615971114648,-1557.6190541540952,2536.900818615751,W00290
