started_at,ended_at,start_x,start_y,end_x,end_y,bike_id
805023,805304,572.5803208358176,131.6901936600965,-570.845296965312,382.6028703385173,W00336
817545,818323,-570.845296965312,382.6028703385173,-1917.467610232194,723.2385361039151,W00336
834402,834678,-1917.467610232194,723.2385361039151,-2311.895100954131,239.22419795062223,W00336
837543,837778,-2311.895100954131,239.22419795062223,-1917.467610232194,723.2385361039151,W00336
838781,839140,-1917.467610232194,723.2385361039151,-1031.196919700857,841.1251929813999,W00336
841084,841713,-1031.196919700857,841.1251929813999,-1351.952265455199,2402.817269788199,W00336
894876,895523,-1351.952265455199,2402.817269788199,-1890.7937293864395,645.4266634342174,W00336
1106644,1108054,2958.166332388539,-2846.200229509212,935.5683550562323,-2444.89579320685,W00336
1258478,1258806,2438.2540112858683,-645.8719388147609,1230.0885275888672,-1242.652266974825,W00336
1261656,1262276,1230.0885275888672,-1242.652266974825,2852.2638477301693,103.74916355986063,W00336
1602533,1603023,2852.2638477301693,103.74916355986063,1002.1298273174614,77.58923497942598,W00336
1604694,1605388,1002.1298273174614,77.58923497942598,3430.750056568192,-741.7174643782791,W00336
1606673,1606956,3430.750056568192,-741.7174643782791,3193.6869502417144,171.98761555736422,W00336
