started_at,ended_at,start_x,start_y,end_x,end_y,bike_id
2049890,2057586,-1386.3722255965383,1072.7797094714829,-1351.952265455199,2402.817269788199,W00391
2288946,2291696,-1333.1244526763924,2761.931863826379,-1557.3691014905978,2536.900818615751,W00391
2383194,2383998,-912.0125818422052,1947.857150184919,-219.1862779950825,754.4078127095321,W00391
2385687,2386111,-219.1862779950825,754.4078127095321,-298.30049519174673,-188.1288480866431,W00391
