started_at,ended_at,start_x,start_y,end_x,end_y,bike_id
57289,57824,1017.9191426354972,2436.9921552089254,-490.1426245460887,1831.862913672767,W00359
67364,67643,-490.1426245460887,1831.862913672767,364.51883299847503,2132.201157540106,W00359
68174,68470,364.51883299847503,2132.201157540106,-490.1426245460887,1831.862913672767,W00359
69053,69749,-490.1426245460887,1831.862913672767,-1881.431886693912,2146.116013168249,W00359
108281,108428,-1881.431886693912,2146.116013168249,-2194.4774136437,1670.339269546311,W00359
115068,115656,-2194.4774136437,1670.339269546311,-2808.1861045329406,513.9591074636016,W00359
118181,118448,-2808.1861045329406,513.9591074636016,-2450.1589905827414,1407.2928387603392,W00359
145297,145684,-2450.1589905827414,1407.2928387603392,-3204.387511290492,842.0157437416958,W00359
287809,288309,-1008.4935812659144,2284.707975219652,-985.2325967772824,233.88089338963675,W00359
395487,396203,-985.2325967772824,233.88089338963675,-1553.745244797235,1509.7618356025214,W00359
400659,400916,-1553.745244797235,1509.7618356025214,-1881.431886693912,2146.116013168249,W00359
405161,406170,-1881.431886693912,2146.116013168249,-3499.0812210478525,986.6189234248992,W00359
478238,478461,-2354.6709182688887,2716.8477315926184,-1881.431886693912,2146.116013168249,W00359
480066,480217,-1881.431886693912,2146.116013168249,-2194.4774136437,1670.339269546311,W00359
722510,723490,-1687.4808070499614,3322.088291974309,-2808.1861045329406,513.9591074636016,W00359
755495,757004,-2808.1861045329406,513.9591074636016,-1994.3215216154588,-3476.932805400522,W00359
