started_at,ended_at,start_x,start_y,end_x,end_y,bike_id
38829,39383,-2190.235672060508,980.0441292680304,-4214.829945059849,1013.5580839200984,W00342
47256,48811,-4214.829945059849,1013.5580839200984,-570.845296965312,382.6028703385173,W00342
60240,61098,-570.845296965312,382.6028703385173,-117.15367456973772,-2177.897543422312,W00342
61168,62774,-117.15367456973772,-2177.897543422312,-2808.1861045329406,513.9591074636016,W00342
63767,64218,-2808.1861045329406,513.9591074636016,-4001.84712299075,833.4441926753292,W00342
125155,125597,-4001.84712299075,833.4441926753292,-2803.1298600936816,296.3567677708471,W00342
154808,155407,-2803.1298600936816,296.3567677708471,-3034.094275550209,1150.702900985921,W00342
291422,292578,-1687.4808070499614,3322.088291974309,-1380.3033083701418,-858.2682951157151,W00342
