started_at,ended_at,start_x,start_y,end_x,end_y,bike_id
114341,114758,-2172.0118915123644,2509.7946798534413,-3034.094275550209,1150.702900985921,W00376
234480,241909,-2996.425218577444,611.3630968574403,-802.7521471361426,-996.414981787365,W00376
841356,841658,-802.7521471361426,-996.414981787365,-1309.9813548408183,-194.6966599429369,W00376
841797,843165,-1309.9813548408183,-194.6966599429369,2852.98200490415,-995.5244310270688,W00376
883534,884203,2852.98200490415,-995.5244310270688,1244.6201406197797,1024.896740019206,W00376
898877,899173,1244.6201406197797,1024.896740019206,1572.4295790921033,412.8815961838383,W00376
899595,900708,1572.4295790921033,412.8815961838383,-757.2144788708657,-1761.398084774919,W00376
1068884,1070483,-2311.895100954131,239.22419795062223,-117.15367456973772,-2177.897543422312,W00376
1073412,1074116,-117.15367456973772,-2177.897543422312,-1450.099395056315,-447.3904381419498,W00376
2529481,2530698,-493.3014109226975,113.54792354855924,-985.2325967772824,233.88089338963675,W00376
2530728,2531860,-985.2325967772824,233.88089338963675,-493.3014109226975,113.54792354855924,W00376
