started_at,ended_at,start_x,start_y,end_x,end_y,bike_id
480711,481618,-7295.045272025515,13013.84089607769,-6494.074623275686,11306.432451138702,W00336
672736,673045,-6494.074623275686,11306.432451138702,-6686.771908884874,10526.866579453772,W00336
732203,735636,-6686.771908884874,10526.866579453772,1124.7088420298285,-40.52005958753947,W00336
805023,805304,1124.7088420298285,-40.52005958753947,-18.713083837096207,210.3926170908813,W00336
817545,818323,-18.713083837096207,210.3926170908813,-1365.3326241855143,551.0282828562791,W00336
834402,834678,-1365.3326241855143,551.0282828562791,-1759.7389167323108,67.0139447029863,W00336
837543,837778,-1759.7389167323108,67.0139447029863,-1365.3326241855143,551.0282828562791,W00336
838781,839140,-1365.3326241855143,551.0282828562791,-479.0757048613133,668.9149397337637,W00336
841084,841713,-479.0757048613133,668.9149397337637,-799.8820989751116,2230.607016540563,W00336
894876,895523,-799.8820989751116,2230.607016540563,-1338.6563166249937,473.21641018658136,W00336
1106644,1108054,3510.372865385621,-3018.410482756848,1487.7828964138257,-2617.106046454486,W00336
1258478,1258806,2990.389368117216,-818.0821920623969,1782.257882414919,-1414.8625202224605,W00336
1261656,1262276,1782.257882414919,-1414.8625202224605,3404.36851430985,-68.46108968777533,W00336
1602533,1603023,3404.36851430985,-68.46108968777533,1554.255559250921,-94.62101826821,W00336
1604694,1605388,1554.255559250921,-94.62101826821,3982.877951863872,-913.9277176259152,W00336
1606673,1606956,3982.877951863872,-913.9277176259152,3745.785514584079,-0.2226376902717624,W00336
2480670,2485352,-5522.586174710388,-3933.117432297528,-5522.586174710388,-3933.117432297528,W00336
