started_at,ended_at,start_x,start_y,end_x,end_y,bike_id
284399,284818,-2354.6709182688887,2716.8477315926184,-3034.094275550209,1150.702900985921,W00343
325197,325490,-3034.094275550209,1150.702900985921,-2524.594292383785,1823.5140002958813,W00343
326312,327204,-2524.594292383785,1823.5140002958813,-919.4722224283496,3269.7684348142307,W00343
373260,373453,-919.4722224283496,3269.7684348142307,-814.5374629822909,2330.682658213708,W00343
374079,374530,-814.5374629822909,2330.682658213708,-1574.715056457654,1019.791939240589,W00343
498025,498420,-2287.4332348769594,449.3941773512319,-2417.219257666417,1540.3188585612754,W00343
501163,502390,-2417.219257666417,1540.3188585612754,223.52812242238716,-443.9395539462969,W00343
548088,548767,223.52812242238716,-443.9395539462969,-843.6894071192287,220.42732905849545,W00343
719939,720151,-1333.1244526763924,2761.931863826379,-794.7691416991337,2685.45581729673,W00343
721389,722642,-794.7691416991337,2685.45581729673,-104.30822423996608,-1101.0580053229169,W00343
