started_at,ended_at,start_x,start_y,end_x,end_y,bike_id
222813,223191,-1775.978957937016,489.13500502400655,-2053.08590707705,-595.6671397094958,W00384
237189,239104,-2053.08590707705,-595.6671397094958,-242.71491869602204,2513.245564049094,W00384
243234,243753,-242.71491869602204,2513.245564049094,811.6929069099815,1646.4057178670123,W00384
286153,287043,811.6929069099815,1646.4057178670123,-1865.1073615998864,1368.1086053136396,W00384
287341,287853,-1865.1073615998864,1368.1086053136396,-2256.0341078902416,341.74885421596565,W00384
289608,290652,-2256.0341078902416,341.74885421596565,656.7786122192275,177.88751434442463,W00384
806778,807990,656.7786122192275,177.88751434442463,-2259.2871664561067,-597.6708789203599,W00384
855250,856357,-2259.2871664561067,-597.6708789203599,-2296.9192411811423,-809.1210250386479,W00384
924818,928149,-2296.9192411811423,-809.1210250386479,-828.1189483765718,-1030.4785483633511,W00384
937571,940184,-828.1189483765718,-1030.4785483633511,-828.1189483765718,-1030.4785483633511,W00384
945276,948737,-828.1189483765718,-1030.4785483633511,-2308.148771781586,-4140.72707826278,W00384
1681620,1688890,-2308.148771781586,-4140.72707826278,-2308.148771781586,-4140.72707826278,W00384
1776055,1780870,-2308.148771781586,-4140.72707826278,-2308.148771781586,-4140.72707826278,W00384
1781948,1784339,-2308.148771781586,-4140.72707826278,-828.1189483765718,-1030.4785483633511,W00384
1785533,1787433,-828.1189483765718,-1030.4785483633511,3405.125056407562,-1167.734684274705,W00384
1976159,1976653,3405.125056407562,-1167.734684274705,2326.262791090281,-622.2723436696831,W00384
2042943,2043403,2326.262791090281,-622.2723436696831,1823.2038828180252,-1850.6757984813523,W00384
2476945,2478466,1823.2038828180252,-1850.6757984813523,-2296.9192411811423,-809.1210250386479,W00384
2480563,2481509,-2296.9192411811423,-809.1210250386479,-3874.94773152752,655.3724484528836,W00384
2555157,2557827,-3874.94773152752,655.3724484528836,-3874.94773152752,655.3724484528836,W00384
