started_at,ended_at,start_x,start_y,end_x,end_y,bike_id
38829,39383,-2190.3714482407813,980.0441292680304,-4215.100165025086,1013.5580839200984,W00342
47256,48811,-4215.100165025086,1013.5580839200984,-570.8591111335667,382.6028703385173,W00342
60240,61098,-570.8591111335667,382.6028703385173,-117.13754112524298,-2177.897543422312,W00342
61168,62774,-117.13754112524298,-2177.897543422312,-2808.2773936322506,513.9591074636016,W00342
63767,64218,-2808.2773936322506,513.9591074636016,-4002.05809119474,833.4441926753292,W00342
125155,125597,-4002.05809119474,833.4441926753292,-2803.182402743171,296.3567677708471,W00342
154808,155407,-2803.182402743171,296.3567677708471,-3034.3151206031275,1150.702900985921,W00342
291422,292578,-1687.835498630181,3322.088291974309,-1380.2283887746603,-858.2682951157151,W00342
