started_at,ended_at,start_x,start_y,end_x,end_y,bike_id
114341,114758,-1619.9365259724264,2337.5844266058048,-2481.962052989563,978.492647738285,W00376
202716,203325,-1707.3762434280573,2795.772792713676,-1158.9332723089417,3460.1236598020096,W00376
207835,208798,-1158.9332723089417,3460.1236598020096,-2444.2745727179054,439.1528436098043,W00376
234480,241909,-2444.2745727179054,439.1528436098043,-250.56925314194632,-1168.625235035001,W00376
841356,841658,-250.56925314194632,-1168.625235035001,-757.8209312821701,-366.9069131905728,W00376
841797,843165,-757.8209312821701,-366.9069131905728,3405.125056407562,-1167.734684274705,W00376
883534,884203,3405.125056407562,-1167.734684274705,1796.710145560574,852.6864867715699,W00376
898877,899173,1796.710145560574,852.6864867715699,2124.537389012071,240.6713429362023,W00376
899595,900708,2124.537389012071,240.6713429362023,-205.00537057100192,-1933.6083380225548,W00376
975440,977777,-6955.684337452492,-1672.2316899124346,-1759.7389167323108,67.0139447029863,W00376
1068884,1070483,-1759.7389167323108,67.0139447029863,435.06300640745945,-2350.107796669948,W00376
1073412,1074116,435.06300640745945,-2350.107796669948,-897.9286217198713,-619.6006913895858,W00376
1526654,1527410,-6255.215123105512,-1154.9330170971298,-3874.94773152752,655.3724484528836,W00376
1527435,1528022,-3874.94773152752,655.3724484528836,-2296.9192411811423,-809.1210250386479,W00376
2529481,2530698,58.83935351161514,-58.66232969907673,-433.0906763410017,61.67064014200078,W00376
2530728,2531860,-433.0906763410017,61.67064014200078,58.83935351161514,-58.66232969907673,W00376
