started_at,ended_at,start_x,start_y,end_x,end_y,bike_id
293596,294053,-1713.5857184887172,1824.4045510561773,-543.4342390331508,1377.793344829783,W00329
294624,295129,-543.4342390331508,1377.793344829783,-1553.745244797235,1509.7618356025214,W00329
465324,465796,357.95233295209937,1378.1273013647951,1111.6181164467437,379.2633049876047,W00329
637582,638127,1111.6181164467437,379.2633049876047,912.5376302209072,-1263.1349344592616,W00329
763505,764661,1399.084123210781,-702.1992743957761,3430.750056568192,-741.7174643782791,W00329
1173473,1175000,3430.750056568192,-741.7174643782791,-570.845296965312,382.6028703385173,W00329
1345472,1345639,-912.0125818422052,1947.857150184919,-494.03119251583706,2141.440621677288,W00329
1697340,1697870,-2354.6709182688887,2716.8477315926184,-2697.389185766176,2998.9296848774475,W00329
1697910,1700906,-2697.389185766176,2998.9296848774475,-757.2144788708657,-1761.398084774919,W00329
1703739,1710756,-757.2144788708657,-1761.398084774919,-568.1726241532793,-1955.7830855160428,W00329
1791523,1792045,-929.3914426548988,1038.6048240499654,-1917.467610232194,723.2385361039151,W00329
1951672,1952283,1000.298381636028,1637.3888914201018,572.5803208358176,131.6901936600965,W00329
