started_at,ended_at,start_x,start_y,end_x,end_y,bike_id
203188,204141,259.6198942404481,1818.615971114648,1157.659916597574,-143.71262892290716,W00381
233821,234303,1157.659916597574,-143.71262892290716,1706.091148736327,-1036.489765995152,W00381
245603,245975,1706.091148736327,-1036.489765995152,2625.1536130326635,-1776.9827230781227,W00381
321554,321895,2625.1536130326635,-1776.9827230781227,1365.6807727435448,-2172.053304059203,W00381
326987,327432,1365.6807727435448,-2172.053304059203,2625.1536130326635,-1776.9827230781227,W00381
379385,380671,2625.1536130326635,-1776.9827230781227,104.65262178054566,350.0977675920606,W00381
397662,399100,104.65262178054566,350.0977675920606,-188.8673402319529,519.5250497148589,W00381
519095,520115,-188.8673402319529,519.5250497148589,2873.9839282869875,-707.4312601120213,W00381
571907,573691,2873.9839282869875,-707.4312601120213,935.5683550562323,-2444.89579320685,W00381
980854,981671,1671.9960725413196,3476.9328053997306,572.5803208358176,131.6901936600965,W00381
996498,997285,572.5803208358176,131.6901936600965,-104.30822423996608,-1101.0580053229169,W00381
1011567,1011869,-104.30822423996608,-1101.0580053229169,-117.15367456973772,-2177.897543422312,W00381
1012569,1012866,-117.15367456973772,-2177.897543422312,491.4143385422106,-2930.0207841319307,W00381
1077029,1077294,491.4143385422106,-2930.0207841319307,935.5683550562323,-2444.89579320685,W00381
1236108,1236219,935.5683550562323,-2444.89579320685,933.1862516873412,-1937.9287301948511,W00381
1319793,1320059,933.1862516873412,-1937.9287301948511,1230.0885275888672,-1242.652266974825,W00381
1325603,1326041,1230.0885275888672,-1242.652266974825,2873.9839282869875,-707.4312601120213,W00381
1327533,1327659,2873.9839282869875,-707.4312601120213,3430.750056568192,-741.7174643782791,W00381
1358462,1359360,3430.750056568192,-741.7174643782791,1835.2706095118488,-1359.8153513599148,W00381
1413775,1413989,1835.2706095118488,-1359.8153513599148,1908.8005800872415,-2173.611767889524,W00381
1800725,1800864,1908.8005800872415,-2173.611767889524,1365.6807727435448,-2172.053304059203,W00381
1800978,1801126,1365.6807727435448,-2172.053304059203,933.1862516873412,-1937.9287301948511,W00381
1858385,1859402,933.1862516873412,-1937.9287301948511,-1812.32704114666,-1830.5270875335093,W00381
2647160,2647810,-1460.4283175020964,308.2610377861307,-4079.334235838357,1361.0955180768024,W00381
