started_at,ended_at,start_x,start_y,end_x,end_y,bike_id
200067,200540,-2434.4542367719587,2130.308737174774,-2646.5254975806206,1031.0908020110053,W00361
203355,203530,-2646.5254975806206,1031.0908020110053,-2604.841974791065,587.31822633261,W00361
290573,291192,-2172.0118915123644,2509.7946798534413,-2451.030497734943,814.965264401756,W00361
321873,322655,-2451.030497734943,814.965264401756,-2354.6709182688887,2716.8477315926184,W00361
325196,325793,-2354.6709182688887,2716.8477315926184,-2594.876311980931,495.12537678995767,W00361
474934,475134,-1713.5857184887172,1824.4045510561773,-1893.9180927095776,1322.3565600090635,W00361
481963,482415,-1893.9180927095776,1322.3565600090635,-2172.0118915123644,2509.7946798534413,W00361
483794,485619,-2172.0118915123644,2509.7946798534413,2913.10373776828,461.9732068385355,W00361
898137,899103,2913.10373776828,461.9732068385355,1230.0885275888672,-1242.652266974825,W00361
932806,933665,1230.0885275888672,-1242.652266974825,1002.1298273174614,77.58923497942598,W00361
976285,976875,1002.1298273174614,77.58923497942598,-1017.6238913195454,-1111.63304402804,W00361
985876,986204,-1881.431886693912,2146.116013168249,-1008.4935812659144,2284.707975219652,W00361
991654,991986,-1008.4935812659144,2284.707975219652,-490.1426245460887,1831.862913672767,W00361
1176331,1176748,-490.1426245460887,1831.862913672767,-1713.5857184887172,1824.4045510561773,W00361
1179709,1180119,-1713.5857184887172,1824.4045510561773,-2018.959555819223,1083.449620274128,W00361
1327951,1328549,-2018.959555819223,1083.449620274128,-219.1862779950825,754.4078127095321,W00361
1447034,1447428,-1620.0792206913457,3013.067178195072,-2906.0520040511774,3041.230845985579,W00361
1583444,1587177,-2906.0520040511774,3041.230845985579,-3060.847950466069,3019.634990051365,W00361
1590075,1599407,-3060.847950466069,3019.634990051365,-3060.847950466069,3019.634990051365,W00361
1602148,1602812,-3060.847950466069,3019.634990051365,-919.4722224283496,3269.7684348142307,W00361
1619949,1621473,-919.4722224283496,3269.7684348142307,1002.1298273174614,77.58923497942598,W00361
2635268,2635574,1002.1298273174614,77.58923497942598,1572.4295790921033,412.8815961838383,W00361
2636211,2636487,1572.4295790921033,412.8815961838383,1002.1298273174614,77.58923497942598,W00361
