started_at,ended_at,start_x,start_y,end_x,end_y,bike_id
758164,760577,-10636.317821922576,20881.634224503858,-10636.317821922576,20881.634224503858,W00311
2046280,2046616,-10636.317821922576,20881.634224503858,-10584.568952654172,21925.582353114813,W00311
2488322,2489632,-10584.568952654172,21925.582353114813,-10584.568952654172,21925.582353114813,W00311
2490258,2495088,-10584.568952654172,21925.582353114813,-10584.568952654172,21925.582353114813,W00311
