started_at,ended_at,start_x,start_y,end_x,end_y,bike_id
57289,57824,1569.9622930518342,2264.7819019612893,61.93809413467237,1659.6526604251312,W00359
67364,67643,61.93809413467237,1659.6526604251312,916.579749438608,1959.9909042924703,W00359
68174,68470,916.579749438608,1959.9909042924703,61.93809413467237,1659.6526604251312,W00359
69053,69749,61.93809413467237,1659.6526604251312,-1329.3469852904998,1973.9057599206133,W00359
108281,108428,-1329.3469852904998,1973.9057599206133,-1642.372485044098,1498.1290162986752,W00359
115068,115656,-1642.372485044098,1498.1290162986752,-2256.0341078902416,341.74885421596565,W00359
118181,118448,-2256.0341078902416,341.74885421596565,-1898.042090010421,1235.0825855127032,W00359
145297,145684,-1898.042090010421,1235.0825855127032,-2652.2426542615626,669.8054904940599,W00359
229107,230550,-2652.2426542615626,669.8054904940599,-873.5983458566102,3804.9894416778247,W00359
278824,279251,-873.5983458566102,3804.9894416778247,-456.4230317783731,2112.497721972016,W00359
287809,288309,-456.4230317783731,2112.497721972016,-433.0906763410017,61.67064014200078,W00359
325272,326782,-433.0906763410017,61.67064014200078,-193.13798087540837,4896.915992493696,W00359
372639,373822,-193.13798087540837,4896.915992493696,-433.0906763410017,61.67064014200078,W00359
395487,396203,-433.0906763410017,61.67064014200078,-1001.6416887046756,1337.5515823548856,W00359
400659,400916,-1001.6416887046756,1337.5515823548856,-1329.3469852904998,1973.9057599206133,W00359
405161,406170,-1329.3469852904998,1973.9057599206133,-2946.938203231537,814.4086701772632,W00359
478238,478461,-1802.6007941396545,2544.637478344983,-1329.3469852904998,1973.9057599206133,W00359
480066,480217,-1329.3469852904998,1973.9057599206133,-1642.372485044098,1498.1290162986752,W00359
508190,509155,-1642.372485044098,1498.1290162986752,-849.4621507211028,4972.076005532586,W00359
561049,561292,-849.4621507211028,4972.076005532586,-873.5983458566102,3804.9894416778247,W00359
602169,603456,-873.5983458566102,3804.9894416778247,58.83935351161514,-58.66232969907673,W00359
722510,723490,-1135.4390937110154,3149.8780387266734,-2256.0341078902416,341.74885421596565,W00359
755495,757004,-2256.0341078902416,341.74885421596565,-1442.0390538905754,-3649.143058648157,W00359
757021,757993,-1442.0390538905754,-3649.143058648157,-3508.557329462188,-3818.570340770956,W00359
841349,843139,-3508.557329462188,-3818.570340770956,-6177.923519382058,-6685.1419189182825,W00359
