started_at,ended_at,start_x,start_y,end_x,end_y,bike_id
47939,48203,2049.325672781144,-9.239464137182011,1002.1298273174614,77.58923497942598,W00418
48855,49274,1002.1298273174614,77.58923497942598,1774.1270397604533,-450.0620904220471,W00418
56837,57813,1774.1270397604533,-450.0620904220471,1706.091148736327,-1036.489765995152,W00418
60647,61496,1706.091148736327,-1036.489765995152,1774.1270397604533,-450.0620904220471,W00418
62843,63117,1774.1270397604533,-450.0620904220471,1835.2706095118488,-1359.8153513599148,W00418
64175,64742,1835.2706095118488,-1359.8153513599148,3610.147888427871,-199.14941374362635,W00418
1003432,1003957,3610.147888427871,-199.14941374362635,2438.2540112858683,-645.8719388147609,W00418
1005932,1007227,2438.2540112858683,-645.8719388147609,-1369.0198339983065,1373.3405910290935,W00418
1009499,1009943,-1369.0198339983065,1373.3405910290935,-929.3914426548988,1038.6048240499654,W00418
1363340,1363503,-1031.196919700857,841.1251929813999,-985.2325967772824,233.88089338963675,W00418
1787760,1788895,-985.2325967772824,233.88089338963675,-2853.533219035006,-891.6639486224678,W00418
1788956,1790131,-2853.533219035006,-891.6639486224678,-1994.3215216154588,-3476.932805400522,W00418
1851337,1852165,-1994.3215216154588,-3476.932805400522,-1812.32704114666,-1830.5270875335093,W00418
1854882,1855516,-1812.32704114666,-1830.5270875335093,-1994.3215216154588,-3476.932805400522,W00418
1871639,1873266,-1994.3215216154588,-3476.932805400522,-1994.3215216154588,-3476.932805400522,W00418
1874436,1875571,-1994.3215216154588,-3476.932805400522,-1994.3215216154588,-3476.932805400522,W00418
2285220,2286635,-1994.3215216154588,-3476.932805400522,-2996.425218577444,611.3630968574403,W00418
2296368,2297242,-2996.425218577444,611.3630968574403,-543.4342390331508,1377.793344829783,W00418
2304261,2306555,-543.4342390331508,1377.793344829783,-1450.099395056315,-447.3904381419498,W00418
2311564,2313410,-1450.099395056315,-447.3904381419498,-543.4342390331508,1377.793344829783,W00418
2383261,2383670,-543.4342390331508,1377.793344829783,-1367.2120777705156,238.8902414156101,W00418
2387442,2387779,-1367.2120777705156,238.8902414156101,-500.12939426980034,1054.6347377329218,W00418
