started_at,ended_at,start_x,start_y,end_x,end_y,bike_id
1630332,1632231,-2853.533219035006,-891.6639486224678,2852.2638477301693,103.74916355986063,W00407
1876473,1877680,2852.2638477301693,103.74916355986063,-65.24421585664805,-642.142757506466,W00407
