started_at,ended_at,start_x,start_y,end_x,end_y,bike_id
939217,940288,-14686.9072305442,23283.56094353176,-12388.824646850037,24707.77424673615,W00481
2139970,2141082,-12388.824646850037,24707.77424673615,-11637.434676036024,25124.99727787672,W00481
