started_at,ended_at,start_x,start_y,end_x,end_y,bike_id
2225166,2226705,-17971.210717756723,2742.896341328313,-17971.210717756723,2742.896341328313,W00462
2294738,2296323,-17971.210717756723,2742.896341328313,-17971.210717756723,2742.896341328313,W00462
2313597,2315284,-17971.210717756723,2742.896341328313,-17971.210717756723,2742.896341328313,W00462
2461001,2462994,-17971.210717756723,2742.896341328313,-17971.210717756723,2742.896341328313,W00462
2569094,2570019,-17971.210717756723,2742.896341328313,-17650.42623260618,3310.622450937573,W00462
