started_at,ended_at,start_x,start_y,end_x,end_y,bike_id
115302,115456,-1881.431886693912,2146.116013168249,-2194.4774136437,1670.339269546311,W00441
125928,126262,-2194.4774136437,1670.339269546311,-494.03119251583706,2141.440621677288,W00441
128129,128665,-494.03119251583706,2141.440621677288,-1574.715056457654,1019.791939240589,W00441
131115,131336,-1574.715056457654,1019.791939240589,-1369.0198339983065,1373.3405910290935,W00441
134711,134976,-1369.0198339983065,1373.3405910290935,-1574.715056457654,1019.791939240589,W00441
147725,148115,-1574.715056457654,1019.791939240589,-2194.889224699188,1823.9592756756335,W00441
148222,148435,-2194.889224699188,1823.9592756756335,-2792.164519531742,1461.727753976022,W00441
288961,289418,-2792.164519531742,1461.727753976022,-2328.120578614408,661.3452582716426,W00441
321654,322676,-2328.120578614408,661.3452582716426,-543.4342390331508,1377.793344829783,W00441
372620,372965,-543.4342390331508,1377.793344829783,-985.2325967772824,233.88089338963675,W00441
409154,410227,-985.2325967772824,233.88089338963675,1884.1796308376872,112.54335231649912,W00441
459993,461078,1884.1796308376872,112.54335231649912,-828.8681814864412,-38.85027691326964,W00441
655753,658004,-828.8681814864412,-38.85027691326964,491.4143385422106,-2930.0207841319307,W00441
671334,672571,491.4143385422106,-2930.0207841319307,1111.6181164467437,379.2633049876047,W00441
759673,762935,1111.6181164467437,379.2633049876047,-3697.8467852525214,668.4251368154823,W00441
1080348,1080689,-3060.847950466069,3019.634990051365,-2104.020490588656,3097.446862721063,W00441
1090525,1090746,-1620.0792206913457,3013.067178195072,-1351.952265455199,2402.817269788199,W00441
1091880,1092234,-1351.952265455199,2402.817269788199,-2434.4542367719587,2130.308737174774,W00441
1161644,1161888,-2434.4542367719587,2130.308737174774,-1923.405460375761,1762.9565486044485,W00441
1271202,1272954,-2849.1118684293083,-636.9107717910118,-1380.3033083701418,-858.2682951157151,W00441
1274186,1279613,-1380.3033083701418,-858.2682951157151,-1380.3033083701418,-858.2682951157151,W00441
2049336,2050184,-922.0093029382764,1354.416387375768,-568.1726241532793,-1955.7830855160428,W00441
2316860,2317265,-568.1726241532793,-1955.7830855160428,351.2753779368917,-2232.165480370884,W00441
2391212,2391852,351.2753779368917,-2232.165480370884,-65.24421585664805,-642.142757506466,W00441
