started_at,ended_at,start_x,start_y,end_x,end_y,bike_id
571703,577240,-6770.147537564179,-5284.663024410554,-6770.147537564179,-5284.663024410554,W00400
1870127,1872188,-6770.147537564179,-5284.663024410554,-6770.147537564179,-5284.663024410554,W00400
2042609,2043887,-6770.147537564179,-5284.663024410554,-6770.147537564179,-5284.663024410554,W00400
2212004,2214129,-6770.147537564179,-5284.663024410554,-6770.147537564179,-5284.663024410554,W00400
2306898,2311902,-6770.147537564179,-5284.663024410554,-6770.147537564179,-5284.663024410554,W00400
2568490,2572147,-6770.147537564179,-5284.663024410554,-2284.558322943482,-4606.930401212525,W00400
