started_at,ended_at,start_x,start_y,end_x,end_y,bike_id
152957,153390,-3697.8467852525214,668.4251368154823,-2803.1298600936816,296.3567677708471,W00459
157619,158022,-2803.1298600936816,296.3567677708471,-3821.501991331301,729.9176668049492,W00459
1875512,1876101,-2849.1118684293083,-636.9107717910118,-3499.0812210478525,986.6189234248992,W00459
1970413,1972031,-3499.0812210478525,986.6189234248992,-3499.0812210478525,986.6189234248992,W00459
2016713,2017381,-3499.0812210478525,986.6189234248992,-1881.431886693912,2146.116013168249,W00459
2049415,2049670,-1881.431886693912,2146.116013168249,-2190.235672060508,980.0441292680304,W00459
2141538,2141812,-2190.235672060508,980.0441292680304,-2169.5321645165045,380.3764934373816,W00459
