started_at,ended_at,start_x,start_y,end_x,end_y,bike_id
4754,5197,-2803.1298600936816,296.3567677708471,-2803.1298600936816,296.3567677708471,W00444
37813,39164,-2803.1298600936816,296.3567677708471,-2605.6813026458703,-1351.7447350956706,W00444
39338,39782,-2605.6813026458703,-1351.7447350956706,-1812.32704114666,-1830.5270875335093,W00444
410080,410293,-1812.32704114666,-1830.5270875335093,-2605.6813026458703,-1351.7447350956706,W00444
655125,656821,-2605.6813026458703,-1351.7447350956706,-1051.840396051375,-834.0564463237743,W00444
659367,660577,-1051.840396051375,-834.0564463237743,-65.24421585664805,-642.142757506466,W00444
660729,661222,-65.24421585664805,-642.142757506466,-1051.840396051375,-834.0564463237743,W00444
668175,669560,-1051.840396051375,-834.0564463237743,-2811.4720009168905,-425.46062567272384,W00444
675095,676215,-2811.4720009168905,-425.46062567272384,-2811.4720009168905,-425.46062567272384,W00444
758785,759341,-2811.4720009168905,-425.46062567272384,-2480.55393373072,-171.54234017840264,W00444
840203,841385,-2480.55393373072,-171.54234017840264,45.64780756438548,2377.6592108128007,W00444
898453,898671,45.64780756438548,2377.6592108128007,-490.1426245460887,1831.862913672767,W00444
911438,911725,-490.1426245460887,1831.862913672767,357.95233295209937,1378.1273013647951,W00444
919974,920278,357.95233295209937,1378.1273013647951,-219.1862779950825,754.4078127095321,W00444
931176,931620,-219.1862779950825,754.4078127095321,1567.3781020660113,742.3616437789719,W00444
989370,989896,1567.3781020660113,742.3616437789719,2852.2638477301693,103.74916355986063,W00444
998591,999079,2852.2638477301693,103.74916355986063,1567.3781020660113,742.3616437789719,W00444
1025388,1025983,1567.3781020660113,742.3616437789719,380.2384601627839,455.8506703619942,W00444
1701576,1702578,-3697.8467852525214,668.4251368154823,-3697.8467852525214,668.4251368154823,W00444
