started_at,ended_at,start_x,start_y,end_x,end_y,bike_id
42118,42762,811.6929069099815,1646.4057178670123,775.6805476381545,-616.1498071939328,W00419
134632,142342,775.6805476381545,-616.1498071939328,775.6805476381545,-616.1498071939328,W00419
325366,326388,-873.5983458566102,3804.9894416778247,-431.68621609472046,7071.97490536801,W00419
374978,375476,-431.68621609472046,7071.97490536801,520.8301948654599,8617.080474265777,W00419
394118,394599,520.8301948654599,8617.080474265777,2393.584706305935,8504.203165413475,W00419
