started_at,ended_at,start_x,start_y,end_x,end_y,bike_id
63949,64448,2596.793129117454,3863.209197624172,3806.5117114282257,3259.9723764533464,W00464
