started_at,ended_at,start_x,start_y,end_x,end_y,bike_id
48766,49757,-2925.311977241168,1006.3223589937804,-1351.952265455199,2402.817269788199,W00409
62158,63046,-1351.952265455199,2402.817269788199,-219.1862779950825,754.4078127095321,W00409
66985,67741,-219.1862779950825,754.4078127095321,-1367.2120777705156,238.8902414156101,W00409
148978,149436,-1367.2120777705156,238.8902414156101,-2248.5703681191844,832.4674209813991,W00409
149858,150387,-2248.5703681191844,832.4674209813991,-1713.5857184887172,1824.4045510561773,W00409
201557,202198,-1713.5857184887172,1824.4045510561773,-843.6894071192287,220.42732905849545,W00409
232134,232581,-843.6894071192287,220.42732905849545,-219.1862779950825,754.4078127095321,W00409
244599,245046,-219.1862779950825,754.4078127095321,-298.30049519174673,-188.1288480866431,W00409
2370438,2371531,1247.2477587830729,3103.680718042345,1244.6201406197797,1024.896740019206,W00409
2380456,2385001,1244.6201406197797,1024.896740019206,422.87264992317904,94.06442404292608,W00409
2607957,2609787,422.87264992317904,94.06442404292608,1836.676275980947,-1899.4334526018283,W00409
