started_at,ended_at,start_x,start_y,end_x,end_y,bike_id
109015,109763,650.571967409161,1060.0649330247525,901.9420715355648,3443.4258330482376,W00475
148157,148860,901.9420715355648,3443.4258330482376,1305.4434734316112,1913.5709459186608,W00475
207298,208388,1305.4434734316112,1913.5709459186608,-602.2815962612653,275.29150373826326,W00475
290105,291164,-799.8820989751116,2230.607016540563,-1617.3824598979872,208.1662401897456,W00475
324403,324886,-1617.3824598979872,208.1662401897456,-834.2552317649786,900.5694562238467,W00475
335394,336179,-834.2552317649786,900.5694562238467,656.7786122192275,177.88751434442463,W00475
491212,491876,656.7786122192275,177.88751434442463,-602.2815962612653,275.29150373826326,W00475
653186,653255,-602.2815962612653,275.29150373826326,-602.2815962612653,275.29150373826326,W00475
774133,811444,-1551.966391370401,2925.236609473427,-1379.7769751705168,3794.859426781138,W00475
811455,812273,-1379.7769751705168,3794.859426781138,-2094.393320151142,858.8805487633692,W00475
887349,888544,-1379.7769751705168,3794.859426781138,1501.1850775340426,878.138708951707,W00475
891895,892518,1501.1850775340426,878.138708951707,51.97857877547188,882.4244844852859,W00475
897157,897702,51.97857877547188,882.4244844852859,1501.1850775340426,878.138708951707,W00475
907679,909487,1501.1850775340426,878.138708951707,3177.326435678709,-1949.1929763257588,W00475
1010266,1010652,3177.326435678709,-1949.1929763257588,2720.0722272102257,-1324.9168934452116,W00475
1013855,1014616,2720.0722272102257,-1324.9168934452116,2999.275398518414,291.3069393473949,W00475
1422785,1423704,-1551.966391370401,2925.236609473427,-1551.966391370401,2925.236609473427,W00475
1505034,1505363,-1551.966391370401,2925.236609473427,-2353.98720139412,2869.0205927379434,W00475
1519185,1519468,-2353.98720139412,2869.0205927379434,-2353.98720139412,2869.0205927379434,W00475
1523929,1524800,-2353.98720139412,2869.0205927379434,-1466.8360433646835,911.2393670264918,W00475
1525685,1526537,-1466.8360433646835,911.2393670264918,-2353.98720139412,2869.0205927379434,W00475
1773761,1773965,-2353.98720139412,2869.0205927379434,-1707.3762434280573,2795.772792713676,W00475
2016009,2016408,-1619.9365259724264,2337.5844266058048,-2481.962052989563,978.492647738285,W00475
2049296,2051250,-2481.962052989563,978.492647738285,-2481.962052989563,978.492647738285,W00475
