started_at,ended_at,start_x,start_y,end_x,end_y,bike_id
841341,841919,-4215.100165025086,-1013.5580839200984,-2450.377106119949,-1407.2928387603392,W00404
894488,894819,-1881.6873246556,-2146.116013168249,-1008.6393466202468,-2284.707975219652,W00404
896165,896547,-1008.6393466202468,-2284.707975219652,-842.3816240987607,-683.1637518961281,W00404
927785,928195,-842.3816240987607,-683.1637518961281,572.5850899284466,-131.6901936600965,W00404
972989,973536,572.5850899284466,-131.6901936600965,-1051.7849150501052,834.0564463237743,W00404
1000460,1010597,-1051.7849150501052,834.0564463237743,-1051.7849150501052,834.0564463237743,W00404
1013892,1014922,-1051.7849150501052,834.0564463237743,-2848.997106809029,636.9107717910118,W00404
1016807,1018490,-2848.997106809029,636.9107717910118,-570.8591111335667,-382.6028703385173,W00404
