started_at,ended_at,start_x,start_y,end_x,end_y,bike_id
195737,196298,1002.1298273174614,77.58923497942598,903.3176669575872,-2156.246028065728,W00449
235151,235465,903.3176669575872,-2156.246028065728,-117.15367456973772,-2177.897543422312,W00449
487237,487527,-117.15367456973772,-2177.897543422312,-757.2144788708657,-1761.398084774919,W00449
567347,568659,364.51883299847503,2132.201157540106,-2594.876311980931,495.12537678995767,W00449
578455,579120,-2594.876311980931,495.12537678995767,-1450.099395056315,-447.3904381419498,W00449
591688,592713,-1450.099395056315,-447.3904381419498,-1031.196919700857,841.1251929813999,W00449
649140,649569,-1031.196919700857,841.1251929813999,-2013.015909685712,225.7907524544684,W00449
657438,658169,-2013.015909685712,225.7907524544684,-1031.196919700857,841.1251929813999,W00449
660997,661741,-1031.196919700857,841.1251929813999,-1333.1244526763924,2761.931863826379,W00449
662054,662471,-1333.1244526763924,2761.931863826379,-1386.3722255965383,1072.7797094714829,W00449
664776,665000,-1386.3722255965383,1072.7797094714829,-2018.959555819223,1083.449620274128,W00449
758915,760389,-2018.959555819223,1083.449620274128,1399.084123210781,-702.1992743957761,W00449
804021,804365,1399.084123210781,-702.1992743957761,1002.1298273174614,77.58923497942598,W00449
804960,805676,1002.1298273174614,77.58923497942598,1908.8005800872415,-2173.611767889524,W00449
1015064,1016603,1908.8005800872415,-2173.611767889524,1244.6201406197797,1024.896740019206,W00449
1024357,1025180,1244.6201406197797,1024.896740019206,2842.538526966029,2153.0177815595557,W00449
1191815,1192600,2842.538526966029,2153.0177815595557,2650.3265920979,3121.0464578661404,W00449
1618613,1620844,2650.3265920979,3121.0464578661404,3861.339855126864,1821.955536465561,W00449
1703916,1704887,3861.339855126864,1821.955536465561,3610.147888427871,-199.14941374362635,W00449
1780463,1781376,3610.147888427871,-199.14941374362635,3430.750056568192,-741.7174643782791,W00449
1789639,1790226,3430.750056568192,-741.7174643782791,2285.373851356912,-1533.30577132602,W00449
2234672,2235160,2285.373851356912,-1533.30577132602,1706.091148736327,-1036.489765995152,W00449
2283824,2284148,1706.091148736327,-1036.489765995152,236.3596737786456,-1033.5954760247828,W00449
2304843,2305281,236.3596737786456,-1033.5954760247828,912.5376302209072,-1263.1349344592616,W00449
