started_at,ended_at,start_x,start_y,end_x,end_y,bike_id
460499,461548,-637.7264760323915,-2157.025259980492,-637.7264760323915,-2157.025259980492,W00417
462073,462861,-637.7264760323915,-2157.025259980492,1485.3831175752284,-2110.138983442487,W00417
463828,464837,1485.3831175752284,-2110.138983442487,-2053.08590707705,-595.6671397094958,W00417
476852,477370,-2053.08590707705,-595.6671397094958,-2301.331649052671,-1063.874201870104,W00417
486127,490703,-2301.331649052671,-1063.874201870104,-2946.938203231537,814.4086701772632,W00417
494317,495501,-2946.938203231537,814.4086701772632,435.06300640745945,-2350.107796669948,W00417
572710,573936,435.06300640745945,-2350.107796669948,1796.710145560574,852.6864867715699,W00417
725970,727105,1796.710145560574,852.6864867715699,775.6805476381545,-616.1498071939328,W00417
749535,751371,775.6805476381545,-616.1498071939328,-18.713083837096207,210.3926170908813,W00417
805174,805600,3123.615142939869,1072.4457529364704,1796.710145560574,852.6864867715699,W00417
807998,808278,1796.710145560574,852.6864867715699,1209.3330173771565,210.72657362589345,W00417
808315,809149,1209.3330173771565,210.72657362589345,597.7036244864972,2205.448957565165,W00417
809453,810389,597.7036244864972,2205.448957565165,-1365.3326241855143,551.0282828562791,W00417
830223,831033,-1365.3326241855143,551.0282828562791,-1707.3762434280573,2795.772792713676,W00417
841446,841699,-1707.3762434280573,2795.772792713676,-2353.98720139412,2869.0205927379434,W00417
908128,908476,-2353.98720139412,2869.0205927379434,-2145.3251794658845,2826.719431629812,W00417
908882,909895,-2145.3251794658845,2826.719431629812,-3527.1979733126504,1188.885264829166,W00417
1093572,1094133,-3527.1979733126504,1188.885264829166,-2373.1758978806724,834.1121057461444,W00417
1100510,1101080,-2373.1758978806724,834.1121057461444,-3527.1979733126504,1188.885264829166,W00417
1448125,1448914,-1040.6264073723517,650.6029897280923,-828.1189483765718,-1030.4785483633511,W00417
1523303,1525123,-828.1189483765718,-1030.4785483633511,-828.1189483765718,-1030.4785483633511,W00417
1695565,1698601,-828.1189483765718,-1030.4785483633511,-828.1189483765718,-1030.4785483633511,W00417
1700837,1702523,-828.1189483765718,-1030.4785483633511,-828.1189483765718,-1030.4785483633511,W00417
1704785,1711215,-828.1189483765718,-1030.4785483633511,-250.56925314194632,-1168.625235035001,W00417
