started_at,ended_at,start_x,start_y,end_x,end_y,bike_id
1529611,1533312,-28876.28319522304,6986.815988926463,-28876.28319522304,6986.815988926463,W00566
2225750,2227697,-28876.28319522304,6986.815988926463,-28876.28319522304,6986.815988926463,W00566
2455404,2461711,-28876.28319522304,6986.815988926463,-29170.922366688512,6593.081234085429,W00566
2481499,2483122,-29170.922366688512,6593.081234085429,-29170.922366688512,6593.081234085429,W00566
