started_at,ended_at,start_x,start_y,end_x,end_y,bike_id
60764,61427,657.2141925881731,382.9368268735295,45.64780756438548,2377.6592108128007,W00560
147581,148287,-2190.235672060508,980.0441292680304,-219.1862779950825,754.4078127095321,W00560
154532,154844,-219.1862779950825,754.4078127095321,98.47671969768471,1232.2751862723885,W00560
201038,201652,98.47671969768471,1232.2751862723885,-1154.4178996069331,447.5017569858993,W00560
237398,237828,-1154.4178996069331,447.5017569858993,-497.6852901437867,-1112.8544936800606,W00560
281720,282475,-497.6852901437867,-1112.8544936800606,-2605.26842578739,-423.4568864618599,W00560
321602,322715,-2605.26842578739,-423.4568864618599,933.1862516873412,-1937.9287301948511,W00560
