started_at,ended_at,start_x,start_y,end_x,end_y,bike_id
156245,156651,-2248.5703681191844,832.4674209813991,-424.0757252336529,713.6651154317209,W00576
230383,230930,-424.0757252336529,713.6651154317209,949.0927421968316,1050.348962199343,W00576
231051,231294,949.0927421968316,1050.348962199343,1111.6181164467437,379.2633049876047,W00576
231483,231776,1111.6181164467437,379.2633049876047,2175.7585113241184,414.1061034791464,W00576
287179,287958,2175.7585113241184,414.1061034791464,1365.6807727435448,-2172.053304059203,W00576
319050,319516,1365.6807727435448,-2172.053304059203,2285.373851356912,-1533.30577132602,W00576
373916,374108,2285.373851356912,-1533.30577132602,1908.8005800872415,-2173.611767889524,W00576
378409,379333,1908.8005800872415,-2173.611767889524,1836.676275980947,-1899.4334526018283,W00576
384939,385126,1836.676275980947,-1899.4334526018283,933.1862516873412,-1937.9287301948511,W00576
387944,389192,933.1862516873412,-1937.9287301948511,236.3596737786456,-1033.5954760247828,W00576
403806,404323,236.3596737786456,-1033.5954760247828,-104.30822423996608,-1101.0580053229169,W00576
463080,463838,-1351.952265455199,2402.817269788199,-2451.030497734943,814.965264401756,W00576
498351,498599,-2451.030497734943,814.965264401756,-1893.9180927095776,1322.3565600090635,W00576
568186,568528,-1893.9180927095776,1322.3565600090635,-2925.311977241168,1006.3223589937804,W00576
