started_at,ended_at,start_x,start_y,end_x,end_y,bike_id
48563,48778,1774.0765416883553,-450.0620904220471,1705.97931922735,-1036.489765995152,W00515
63190,63427,1705.97931922735,-1036.489765995152,1731.1908863231297,-162.91512968887474,W00515
118163,118376,1731.1908863231297,-162.91512968887474,1002.1347450933658,77.58923497942598,W00515
155410,155959,1002.1347450933658,77.58923497942598,1157.64939435139,-143.71262892290716,W00515
158105,158779,1157.64939435139,-143.71262892290716,1835.1127926085971,-1359.8153513599148,W00515
193774,193942,1835.1127926085971,-1359.8153513599148,1908.5382328576377,-2173.611767889524,W00515
230920,231604,1908.5382328576377,-2173.611767889524,1002.1347450933658,77.58923497942598,W00515
1777771,1778734,949.1557991213356,1050.348962199343,-1051.7849150501052,-834.0564463237743,W00515
1791389,1791523,-1051.7849150501052,-834.0564463237743,-1380.2283887746603,-858.2682951157151,W00515
