started_at,ended_at,start_x,start_y,end_x,end_y,bike_id
60522,60616,1002.1298273174614,77.58923497942598,1002.1298273174614,77.58923497942598,W00575
115339,116984,1002.1298273174614,77.58923497942598,-2450.1589905827414,1407.2928387603392,W00575
119238,119762,-2450.1589905827414,1407.2928387603392,-2892.405826201766,-17.69969635880834,W00575
326560,338620,-757.2144788708657,-1761.398084774919,351.2753779368917,-2232.165480370884,W00575
648417,648781,351.2753779368917,-2232.165480370884,935.5683550562323,-2444.89579320685,W00575
676754,677603,935.5683550562323,-2444.89579320685,104.65262178054566,350.0977675920606,W00575
737750,738482,104.65262178054566,350.0977675920606,-929.3914426548988,1038.6048240499654,W00575
740021,741942,-929.3914426548988,1038.6048240499654,657.2141925881731,382.9368268735295,W00575
