started_at,ended_at,start_x,start_y,end_x,end_y,bike_id
1855630,1856814,-923.5103847186632,466.4259606400159,-1158.9332723089417,3460.1236598020096,W00542
1867829,1871334,-1158.9332723089417,3460.1236598020096,-1158.9332723089417,3460.1236598020096,W00542
2284039,2284837,-1158.9332723089417,3460.1236598020096,-2240.045794021533,1289.517500728386,W00542
2295831,2296489,-2240.045794021533,1289.517500728386,-1365.3326241855143,551.0282828562791,W00542
