started_at,ended_at,start_x,start_y,end_x,end_y,bike_id
139096,139692,1271.019755402809,-1678.4655452337165,2438.2540112858683,-645.8719388147609,W00579
199433,199836,2438.2540112858683,-645.8719388147609,1002.1298273174614,77.58923497942598,W00579
200357,201031,1002.1298273174614,77.58923497942598,-497.6852901437867,-1112.8544936800606,W00579
282565,283531,-497.6852901437867,-1112.8544936800606,-2803.1298600936816,296.3567677708471,W00579
284017,284187,-2803.1298600936816,296.3567677708471,-2594.876311980931,495.12537678995767,W00579
369650,369910,-2354.6709182688887,2716.8477315926184,-1557.3691014905978,2536.900818615751,W00579
374060,375036,-1557.3691014905978,2536.900818615751,-2808.1861045329406,513.9591074636016,W00579
381982,383389,-2808.1861045329406,513.9591074636016,223.52812242238716,-443.9395539462969,W00579
412300,412889,223.52812242238716,-443.9395539462969,1572.4295790921033,412.8815961838383,W00579
414147,414270,1572.4295790921033,412.8815961838383,1567.3781020660113,742.3616437789719,W00579
727758,728166,1567.3781020660113,742.3616437789719,2571.547269369305,1244.656006184107,W00579
746981,747248,2571.547269369305,1244.656006184107,1849.37095562868,720.130750546742,W00579
820204,821343,1849.37095562868,720.130750546742,223.52812242238716,-443.9395539462969,W00579
906651,907247,223.52812242238716,-443.9395539462969,-824.4664002727116,-360.1164636447984,W00579
2477606,2479522,-1017.6238913195454,-1111.63304402804,-1557.3691014905978,2536.900818615751,W00579
2482349,2482891,-1557.3691014905978,2536.900818615751,-543.4342390331508,1377.793344829783,W00579
2568600,2570102,-543.4342390331508,1377.793344829783,-568.1726241532793,-1955.7830855160428,W00579
2580188,2581160,-568.1726241532793,-1955.7830855160428,-493.3014109226975,113.54792354855924,W00579
2581235,2581716,-493.3014109226975,113.54792354855924,-454.372404106747,-1426.328361259987,W00579
