started_at,ended_at,start_x,start_y,end_x,end_y,bike_id
1450945,1452603,-2156.553528216487,16372.441769220184,-2156.553528216487,16372.441769220184,W00503
