started_at,ended_at,start_x,start_y,end_x,end_y,bike_id
51596,54693,-1031.196919700857,841.1251929813999,-2853.533219035006,-891.6639486224678,W00586
56353,58791,-2853.533219035006,-891.6639486224678,-824.4664002727116,-360.1164636447984,W00586
664752,665692,-2480.55393373072,-171.54234017840264,-2803.1298600936816,296.3567677708471,W00586
667650,667998,-2803.1298600936816,296.3567677708471,-3499.0812210478525,986.6189234248992,W00586
1173112,1174355,-2697.389185766176,2998.9296848774475,-1450.099395056315,-447.3904381419498,W00586
1326429,1327465,357.95233295209937,1378.1273013647951,-497.6852901437867,-1112.8544936800606,W00586
1342706,1344042,-497.6852901437867,-1112.8544936800606,-2853.533219035006,-891.6639486224678,W00586
1425090,1429155,-2853.533219035006,-891.6639486224678,-2853.533219035006,-891.6639486224678,W00586
1432366,1438635,-2853.533219035006,-891.6639486224678,-985.2325967772824,233.88089338963675,W00586
1787799,1788895,-985.2325967772824,233.88089338963675,-2853.533219035006,-891.6639486224678,W00586
1789313,1791251,-2853.533219035006,-891.6639486224678,-2853.533219035006,-891.6639486224678,W00586
2567595,2568121,-1994.3215216154588,-3476.932805400522,-1994.3215216154588,-3476.932805400522,W00586
