started_at,ended_at,start_x,start_y,end_x,end_y,bike_id
209410,210675,-4978.330558289031,-3782.280397293834,-6255.215123105512,-1154.9330170971298,W00518
236694,237805,-6255.215123105512,-1154.9330170971298,-7683.373491055542,-4618.730198785064,W00518
1271560,1273339,-7683.373491055542,-4618.730198785064,-7808.085759641776,-2350.497412628121,W00518
1443343,1444645,-7808.085759641776,-2350.497412628121,-7808.085759641776,-2350.497412628121,W00518
1625273,1625532,-7808.085759641776,-2350.497412628121,-8476.710496197149,-2108.3789247063387,W00518
1637575,1637824,-8476.710496197149,-2108.3789247063387,-7808.085759641776,-2350.497412628121,W00518
1863956,1870251,-7808.085759641776,-2350.497412628121,-7808.085759641776,-2350.497412628121,W00518
2238480,2239233,-7808.085759641776,-2350.497412628121,-7808.085759641776,-2350.497412628121,W00518
2265545,2265683,-7808.085759641776,-2350.497412628121,-7702.658475204281,-1866.3717556292968,W00518
