started_at,ended_at,start_x,start_y,end_x,end_y,bike_id
60522,60616,1002.1347450933658,77.58923497942598,1002.1347450933658,77.58923497942598,W00575
115339,116984,1002.1347450933658,77.58923497942598,-2450.377106119949,1407.2928387603392,W00575
119238,119762,-2450.377106119949,1407.2928387603392,-2892.402588299826,-17.69969635880834,W00575
326560,338620,-757.1301394926505,-1761.398084774919,351.2257980877163,-2232.165480370884,W00575
648417,648781,351.2257980877163,-2232.165480370884,935.4237256342964,-2444.89579320685,W00575
676754,677603,935.4237256342964,-2444.89579320685,104.65493915366902,350.0977675920606,W00575
737750,738482,104.65493915366902,350.0977675920606,-929.4525001462196,1038.6048240499654,W00575
740021,741942,-929.4525001462196,1038.6048240499654,657.2301107228259,382.9368268735295,W00575
