started_at,ended_at,start_x,start_y,end_x,end_y,bike_id
55394,55859,-1338.6563166249937,473.21641018658136,-1898.042090010421,1235.0825855127032,W00533
64048,64725,-1898.042090010421,1235.0825855127032,-1619.9365259724264,2337.5844266058048,W00533
113238,113502,-1619.9365259724264,2337.5844266058048,-2353.98720139412,2869.0205927379434,W00533
328428,329308,-5032.064838614522,-809.2880033057584,-2256.0341078902416,341.74885421596565,W00533
371933,372181,-2256.0341078902416,341.74885421596565,-2054.783100240468,-321.8227809568126,W00533
372542,373067,-2054.783100240468,-321.8227809568126,-757.8209312821701,-366.9069131905728,W00533
401581,402566,-757.8209312821701,-366.9069131905728,435.06300640745945,-2350.107796669948,W00533
405434,406340,435.06300640745945,-2350.107796669948,-757.8209312821701,-366.9069131905728,W00533
473425,475921,-757.8209312821701,-366.9069131905728,-828.1189483765718,-1030.4785483633511,W00533
500839,506188,-828.1189483765718,-1030.4785483633511,-4978.330558289031,-3782.280397293834,W00533
567170,568546,-4978.330558289031,-3782.280397293834,-2646.8223324131995,-4834.493105377716,W00533
581836,582086,-2646.8223324131995,-4834.493105377716,-2721.9020553570567,-3902.504749917194,W00533
670509,670818,-2721.9020553570567,-3902.504749917194,-2646.8223324131995,-4834.493105377716,W00533
673174,673511,-2646.8223324131995,-4834.493105377716,-2721.9020553570567,-3902.504749917194,W00533
970152,970506,-2721.9020553570567,-3902.504749917194,-2330.4996228661403,-4975.451437656579,W00533
998387,998569,-2330.4996228661403,-4975.451437656579,-2308.148771781586,-4140.72707826278,W00533
1104325,1104981,-2308.148771781586,-4140.72707826278,-2164.682050714061,-7599.180955388938,W00533
1414229,1415682,-2164.682050714061,-7599.180955388938,-5377.445726423125,-5494.2529148790445,W00533
1769113,1775915,-5377.445726423125,-5494.2529148790445,-5377.445726423125,-5494.2529148790445,W00533
2470398,2470949,1709.7916832437074,-315.9228821705432,2990.389368117216,-818.0821920623969,W00533
2471907,2473111,2990.389368117216,-818.0821920623969,486.9182756857461,-814.3530107541019,W00533
2489584,2490105,486.9182756857461,-814.3530107541019,1812.4743714305184,289.6516347461591,W00533
2503502,2503668,1812.4743714305184,289.6516347461591,1796.710145560574,852.6864867715699,W00533
2537798,2538349,1796.710145560574,852.6864867715699,3394.571716709091,1980.8075283119197,W00533
2656707,2659830,3394.571716709091,1980.8075283119197,3394.571716709091,1980.8075283119197,W00533
