started_at,ended_at,start_x,start_y,end_x,end_y,bike_id
43279,43626,-80.1058961165534,3374.191707505921,-80.1058961165534,3374.191707505921,W00505
43844,44957,-80.1058961165534,3374.191707505921,2119.4744593300848,570.151390531336,W00505
56172,56967,2119.4744593300848,570.151390531336,4162.254879813961,-371.3596669912623,W00505
329331,330979,4162.254879813961,-371.3596669912623,1487.7828964138257,-2617.106046454486,W00505
373283,374494,1487.7828964138257,-2617.106046454486,-763.7714170882605,202.8229356287601,W00505
408061,408778,-763.7714170882605,202.8229356287601,1501.1850775340426,878.138708951707,W00505
408893,409493,1501.1850775340426,878.138708951707,363.25593041670027,347.31479646722295,W00505
414393,414687,363.25593041670027,347.31479646722295,-18.713083837096207,210.3926170908813,W00505
414775,415063,-18.713083837096207,210.3926170908813,253.84868026828832,-360.3391013342791,W00505
663830,667694,253.84868026828832,-360.3391013342791,-2296.9192411811423,-809.1210250386479,W00505
668217,668563,-2296.9192411811423,-809.1210250386479,-1917.270644437982,-168.09145598274966,W00505
731095,731868,-1917.270644437982,-168.09145598274966,8.662919362128497,1205.5830915821473,W00505
732032,732440,8.662919362128497,1205.5830915821473,-479.0757048613133,668.9149397337637,W00505
753766,754768,-479.0757048613133,668.9149397337637,-1802.6007941396545,2544.637478344983,W00505
803532,804055,-1802.6007941396545,2544.637478344983,-1775.978957937016,489.13500502400655,W00505
1185043,1186906,-5032.064838614522,-809.2880033057584,-2053.4663687098687,-1523.9549883433065,W00505
2550265,2550685,-367.4370509722781,3097.5581815665946,-747.4932564629371,3672.408697257432,W00505
2623164,2623341,-747.4932564629371,3672.408697257432,-823.3139626658171,3058.373948119104,W00505
2647842,2648012,-823.3139626658171,3058.373948119104,-747.4932564629371,3672.408697257432,W00505
