started_at,ended_at,start_x,start_y,end_x,end_y,bike_id
235056,235276,-2305.706546172765,-9386.961606433772,-1544.8651757574698,-9513.197176688142,W00536
325094,325967,-1544.8651757574698,-9513.197176688142,-3293.978298374221,-10400.742328044142,W00536
668673,668911,-3293.978298374221,-10400.742328044142,-2605.961251364673,-10259.367394867111,W00536
836281,837216,-2605.961251364673,-10259.367394867111,-2605.961251364673,-10259.367394867111,W00536
990390,990631,-2605.961251364673,-10259.367394867111,-3273.215818796542,-10246.574147019925,W00536
1521244,1521816,-3273.215818796542,-10246.574147019925,-1516.5299053546212,-10540.336159701374,W00536
2207588,2207914,-1707.3762434280573,2795.772792713676,-1642.372485044098,1498.1290162986752,W00536
2208083,2208465,-1642.372485044098,1498.1290162986752,-1005.3013800123252,2364.690565368115,W00536
2213528,2213753,-1005.3013800123252,2364.690565368115,-1001.6416887046756,1337.5515823548856,W00536
2221258,2221648,-1001.6416887046756,1337.5515823548856,-2240.045794021533,1289.517500728386,W00536
2226621,2227016,-2240.045794021533,1289.517500728386,-1001.6416887046756,1337.5515823548856,W00536
2228193,2228693,-1001.6416887046756,1337.5515823548856,-479.0757048613133,668.9149397337637,W00536
2307014,2307456,-479.0757048613133,668.9149397337637,-1371.3067196627298,1590.7462953568122,W00536
2308021,2308152,-1371.3067196627298,1590.7462953568122,-1642.789656665885,1651.749022427998,W00536
2378383,2378940,-1642.789656665885,1651.749022427998,-1707.3762434280573,2795.772792713676,W00536
2379514,2380061,-1707.3762434280573,2795.772792713676,-2834.854701191256,3614.745535536368,W00536
2399086,2400433,-2834.854701191256,3614.745535536368,-2710.368760450222,188.1288480866431,W00536
2644549,2646060,-2710.368760450222,188.1288480866431,-897.9286217198713,-619.6006913895858,W00536
2646090,2646889,-897.9286217198713,-619.6006913895858,486.9182756857461,-814.3530107541019,W00536
2646916,2647514,486.9182756857461,-814.3530107541019,-499.66045855245335,-1006.2666995714102,W00536
2647544,2649346,-499.66045855245335,-1006.2666995714102,-2710.368760450222,188.1288480866431,W00536
