started_at,ended_at,start_x,start_y,end_x,end_y,bike_id
308870,309179,-1315.9120102200964,375.0331888763961,-1917.467610232194,723.2385361039151,W00569
313040,313354,-1917.467610232194,723.2385361039151,-1154.4178996069331,447.5017569858993,W00569
334109,334503,-1154.4178996069331,447.5017569858993,104.65262178054566,350.0977675920606,W00569
410712,411144,104.65262178054566,350.0977675920606,-985.2325967772824,233.88089338963675,W00569
411268,411679,-985.2325967772824,233.88089338963675,-543.4342390331508,1377.793344829783,W00569
412045,412499,-543.4342390331508,1377.793344829783,104.65262178054566,350.0977675920606,W00569
415526,416175,104.65262178054566,350.0977675920606,1884.1796308376872,112.54335231649912,W00569
462026,462235,1884.1796308376872,112.54335231649912,1002.1298273174614,77.58923497942598,W00569
2573359,2574567,-929.3914426548988,1038.6048240499654,223.52812242238716,-443.9395539462969,W00569
