started_at,ended_at,start_x,start_y,end_x,end_y,bike_id
201536,201976,2852.2638477301693,103.74916355986063,1002.1298273174614,77.58923497942598,W00559
221895,222145,1572.4295790921033,412.8815961838383,1244.6201406197797,1024.896740019206,W00559
286767,287784,1244.6201406197797,1024.896740019206,1365.6807727435448,-2172.053304059203,W00559
299291,299735,1365.6807727435448,-2172.053304059203,1835.2706095118488,-1359.8153513599148,W00559
320799,322412,1835.2706095118488,-1359.8153513599148,1000.298381636028,1637.3888914201018,W00559
495353,495612,1000.298381636028,1637.3888914201018,949.0927421968316,1050.348962199343,W00559
503533,504389,949.0927421968316,1050.348962199343,-117.15367456973772,-2177.897543422312,W00559
571054,572495,-117.15367456973772,-2177.897543422312,935.5683550562323,-2444.89579320685,W00559
925099,925295,-101.53103449587984,1825.183782970942,357.95233295209937,1378.1273013647951,W00559
981911,982572,357.95233295209937,1378.1273013647951,-1592.754378936063,822.8132429757283,W00559
1109251,1110006,-1592.754378936063,822.8132429757283,-1557.3691014905978,2536.900818615751,W00559
1111997,1112482,-1557.3691014905978,2536.900818615751,-2434.4542367719587,2130.308737174774,W00559
1155099,1155457,-2434.4542367719587,2130.308737174774,-3034.094275550209,1150.702900985921,W00559
1170290,1171137,-3034.094275550209,1150.702900985921,-3060.847950466069,3019.634990051365,W00559
1177083,1178588,-3060.847950466069,3019.634990051365,572.5803208358176,131.6901936600965,W00559
1871730,1873449,-1812.32704114666,-1830.5270875335093,-2853.533219035006,-891.6639486224678,W00559
2639439,2639899,-493.3014109226975,113.54792354855924,-82.14293697444242,-1351.7447350956706,W00559
