started_at,ended_at,start_x,start_y,end_x,end_y,bike_id
292506,293561,-912.0125818422052,1947.857150184919,-2451.030497734943,814.965264401756,W00597
310370,311219,-2451.030497734943,814.965264401756,-985.2325967772824,233.88089338963675,W00597
320308,321261,-985.2325967772824,233.88089338963675,-1369.0198339983065,1373.3405910290935,W00597
331917,332143,-1369.0198339983065,1373.3405910290935,-2018.959555819223,1083.449620274128,W00597
406539,407165,-2018.959555819223,1083.449620274128,-1309.9813548408183,-194.6966599429369,W00597
407863,408279,-1309.9813548408183,-194.6966599429369,-2169.5321645165045,380.3764934373816,W00597
420028,420325,-2169.5321645165045,380.3764934373816,-1917.467610232194,723.2385361039151,W00597
463603,464134,-1620.0792206913457,3013.067178195072,-2018.959555819223,1083.449620274128,W00597
497562,498271,-2018.959555819223,1083.449620274128,364.51883299847503,2132.201157540106,W00597
501972,502632,364.51883299847503,2132.201157540106,-493.3014109226975,113.54792354855924,W00597
591619,591749,753.3851724438222,2085.781199166297,364.51883299847503,2132.201157540106,W00597
591964,592118,364.51883299847503,2132.201157540106,753.3851724438222,2085.781199166297,W00597
712472,712786,753.3851724438222,2085.781199166297,357.95233295209937,1378.1273013647951,W00597
720919,721540,357.95233295209937,1378.1273013647951,-584.2071226972812,-157.18220917050687,W00597
881843,882427,-2906.0520040511774,3041.230845985579,-1333.1244526763924,2761.931863826379,W00597
886869,887434,-1333.1244526763924,2761.931863826379,-1386.3722255965383,1072.7797094714829,W00597
906570,907093,-1386.3722255965383,1072.7797094714829,-1351.952265455199,2402.817269788199,W00597
915516,915844,-1351.952265455199,2402.817269788199,-1386.3722255965383,1072.7797094714829,W00597
928072,928784,-1386.3722255965383,1072.7797094714829,-2434.4542367719587,2130.308737174774,W00597
