started_at,ended_at,start_x,start_y,end_x,end_y,bike_id
754052,754573,1244.6201406197797,1024.896740019206,2842.538526966029,2153.0177815595557,W00519
888621,889293,2842.538526966029,2153.0177815595557,1120.6795998258754,2058.068864235805,W00519
1068033,1068733,1120.6795998258754,2058.068864235805,-219.1862779950825,754.4078127095321,W00519
1069478,1070057,-219.1862779950825,754.4078127095321,-1367.2120777705156,238.8902414156101,W00519
1082518,1083242,-1367.2120777705156,238.8902414156101,572.5803208358176,131.6901936600965,W00519
1102382,1102665,572.5803208358176,131.6901936600965,42.554840611112105,683.8074999788248,W00519
1159060,1159768,42.554840611112105,683.8074999788248,2175.7585113241184,414.1061034791464,W00519
1254768,1255232,2175.7585113241184,414.1061034791464,2571.547269369305,1244.656006184107,W00519
1321763,1322193,2571.547269369305,1244.656006184107,949.0927421968316,1050.348962199343,W00519
1323993,1325409,949.0927421968316,1050.348962199343,2571.547269369305,1244.656006184107,W00519
1325425,1325799,2571.547269369305,1244.656006184107,3280.834815674903,631.4004889613337,W00519
1325902,1326024,3280.834815674903,631.4004889613337,3280.834815674903,631.4004889613337,W00519
2481954,2489196,3280.834815674903,631.4004889613337,3280.834815674903,631.4004889613337,W00519
