started_at,ended_at,start_x,start_y,end_x,end_y,bike_id
160947,161204,-5962.396216007198,-319.3737663661961,-6005.178050395521,-958.6778933246632,W00519
204427,205030,-6005.178050395521,-958.6778933246632,-7702.658475204281,-1866.3717556292968,W00519
568915,569186,-428.9248489104604,3523.6867203093425,-456.4230317783731,2112.497721972016,W00519
573546,580918,-456.4230317783731,2112.497721972016,2764.381185941672,3432.405267391254,W00519
664733,665029,2764.381185941672,3432.405267391254,3806.5117114282257,3259.9723764533464,W00519
667072,667371,3806.5117114282257,3259.9723764533464,2764.381185941672,3432.405267391254,W00519
723273,723411,2764.381185941672,3432.405267391254,2596.793129117454,3863.209197624172,W00519
734532,735298,2596.793129117454,3863.209197624172,1796.710145560574,852.6864867715699,W00519
754052,754573,1796.710145560574,852.6864867715699,3394.571716709091,1980.8075283119197,W00519
888621,889293,3394.571716709091,1980.8075283119197,1672.7348669763114,1885.8586109881687,W00519
1068033,1068733,1672.7348669763114,1885.8586109881687,332.92911989643176,582.1975594618963,W00519
1069478,1070057,332.92911989643176,582.1975594618963,-815.0661716391357,66.67998816797413,W00519
1082518,1083242,-815.0661716391357,66.67998816797413,1124.7088420298285,-40.52005958753947,W00519
1102382,1102665,1124.7088420298285,-40.52005958753947,594.6698529972505,511.5972467311889,W00519
1159060,1159768,594.6698529972505,511.5972467311889,2727.859706664396,241.8958502315105,W00519
1254768,1255232,2727.859706664396,241.8958502315105,3123.615142939869,1072.4457529364704,W00519
1321763,1322193,3123.615142939869,1072.4457529364704,1501.1850775340426,878.138708951707,W00519
1323993,1325409,1501.1850775340426,878.138708951707,3123.615142939869,1072.4457529364704,W00519
1325425,1325799,3123.615142939869,1072.4457529364704,3832.9163838716586,459.19023571369775,W00519
1325902,1326024,3832.9163838716586,459.19023571369775,3832.9163838716586,459.19023571369775,W00519
2481954,2489196,3832.9163838716586,459.19023571369775,3832.9163838716586,459.19023571369775,W00519
