started_at,ended_at,start_x,start_y,end_x,end_y,bike_id
2063894,2065244,-814.6575640637428,2330.682658213708,-1450.058364987162,-447.3904381419498,W00693
2111816,2112149,259.6497622861215,1818.615971114648,-814.6575640637428,2330.682658213708,W00693
2309664,2312445,-814.6575640637428,2330.682658213708,-2811.396350385682,-425.46062567272384,W00693
2471193,2472165,-2811.396350385682,-425.46062567272384,-1553.8936335864703,1509.7618356025214,W00693
2482835,2486591,-1553.8936335864703,1509.7618356025214,-1450.058364987162,-447.3904381419498,W00693
2486702,2487524,-1450.058364987162,-447.3904381419498,-1553.8936335864703,1509.7618356025214,W00693
2582226,2583608,-1553.8936335864703,1509.7618356025214,-1713.783486068777,1824.4045510561773,W00693
