started_at,ended_at,start_x,start_y,end_x,end_y,bike_id
113876,114528,1554.255559250921,-94.62101826821,-272.30548829993654,-532.3267168924343,W00650
144205,144769,-272.30548829993654,-532.3267168924343,1554.255559250921,-94.62101826821,W00650
145878,146340,1554.255559250921,-94.62101826821,3404.36851430985,-68.46108968777533,W00650
233737,234259,3404.36851430985,-68.46108968777533,1554.255559250921,-94.62101826821,W00650
292415,293381,1554.255559250921,-94.62101826821,-499.66045855245335,-1006.2666995714102,W00650
325206,326748,-499.66045855245335,-1006.2666995714102,-2053.4663687098687,-1523.9549883433065,W00650
402525,404390,-2053.4663687098687,-1523.9549883433065,1812.120848742311,-1161.2781912639423,W00650
454521,454886,1812.120848742311,-1161.2781912639423,1663.732119925616,207.05305173996877,W00650
718843,720012,1663.732119925616,207.05305173996877,-1460.8625118525238,53.58049920683244,W00650
758809,759814,-1460.8625118525238,53.58049920683244,-1619.9365259724264,2337.5844266058048,W00650
763022,763303,-1619.9365259724264,2337.5844266058048,-1158.9332723089417,3460.1236598020096,W00650
803015,803813,-1158.9332723089417,3460.1236598020096,901.9420715355648,3443.4258330482376,W00650
806603,807633,901.9420715355648,3443.4258330482376,-1642.789656665885,1651.749022427998,W00650
808399,809046,-1642.789656665885,1651.749022427998,-1003.3086266819548,370.2716219648887,W00650
1620843,1626855,402.6435208448138,4921.948443349046,-113.54363842153111,4327.405140603152,W00650
1692453,1693444,-113.54363842153111,4327.405140603152,871.3991980230749,5987.395398323987,W00650
1698216,1698981,871.3991980230749,5987.395398323987,-872.6684979461987,6525.733332847432,W00650
1860113,1861014,-872.6684979461987,6525.733332847432,-921.252917726416,7979.22349229289,W00650
