started_at,ended_at,start_x,start_y,end_x,end_y,bike_id
982077,982538,-1375.3554708776364,3230.58420136674,-2194.4774136437,1670.339269546311,W00616
982921,983253,-2194.4774136437,1670.339269546311,-1574.715056457654,1019.791939240589,W00616
999227,999299,-1333.1244526763924,2761.931863826379,-1351.952265455199,2402.817269788199,W00616
1138832,1139514,-493.3014109226975,113.54792354855924,-1592.754378936063,822.8132429757283,W00616
1152529,1153616,-1592.754378936063,822.8132429757283,1002.1298273174614,77.58923497942598,W00616
1171404,1171767,1002.1298273174614,77.58923497942598,949.0927421968316,1050.348962199343,W00616
1172763,1173300,949.0927421968316,1050.348962199343,364.51883299847503,2132.201157540106,W00616
1189044,1189575,364.51883299847503,2132.201157540106,364.51883299847503,2132.201157540106,W00616
1250277,1250481,364.51883299847503,2132.201157540106,-101.53103449587984,1825.183782970942,W00616
1251997,1252380,-101.53103449587984,1825.183782970942,-1008.4935812659144,2284.707975219652,W00616
