started_at,ended_at,start_x,start_y,end_x,end_y,bike_id
226187,227005,-4214.829945059849,1013.5580839200984,-1315.9120102200964,375.0331888763961,W00645
240708,241269,-1315.9120102200964,375.0331888763961,-424.0757252336529,713.6651154317209,W00645
327503,328355,-424.0757252336529,713.6651154317209,1260.3648729942292,461.861887993795,W00645
383260,384607,1260.3648729942292,461.861887993795,-1917.467610232194,723.2385361039151,W00645
417226,417804,-1917.467610232194,723.2385361039151,104.65262178054566,350.0977675920606,W00645
497274,498254,104.65262178054566,350.0977675920606,-912.0125818422052,1947.857150184919,W00645
590267,590557,-2259.436558225718,2967.9830459613117,-1557.3691014905978,2536.900818615751,W00645
1097838,1099172,-1360.182448193738,3399.343570419514,-2259.436558225718,2967.9830459613117,W00645
1175735,1177227,-2259.436558225718,2967.9830459613117,-570.845296965312,382.6028703385173,W00645
1427175,1430195,-570.845296965312,382.6028703385173,-570.845296965312,382.6028703385173,W00645
2550243,2551142,-1375.3554708776364,3230.58420136674,-828.8681814864412,-38.85027691326964,W00645
