started_at,ended_at,start_x,start_y,end_x,end_y,bike_id
734991,735208,-2434.4542367719587,2130.308737174774,-2450.1589905827414,1407.2928387603392,W00672
764336,764965,-2450.1589905827414,1407.2928387603392,-912.0125818422052,1947.857150184919,W00672
822206,822459,-912.0125818422052,1947.857150184919,-1553.745244797235,1509.7618356025214,W00672
824860,825343,-1553.745244797235,1509.7618356025214,-1890.7937293864395,645.4266634342174,W00672
