started_at,ended_at,start_x,start_y,end_x,end_y,bike_id
127387,128511,1706.091148736327,-1036.489765995152,-1450.099395056315,-447.3904381419498,W00684
130306,134191,-1450.099395056315,-447.3904381419498,-1051.840396051375,-834.0564463237743,W00684
135472,142337,-1051.840396051375,-834.0564463237743,-1891.2395552395976,-909.029688445473,W00684
480510,482636,-1891.2395552395976,-909.029688445473,-117.15367456973772,-2177.897543422312,W00684
493507,493771,-117.15367456973772,-2177.897543422312,491.4143385422106,-2930.0207841319307,W00684
583254,584152,491.4143385422106,-2930.0207841319307,1157.659916597574,-143.71262892290716,W00684
585098,586307,1157.659916597574,-143.71262892290716,-117.15367456973772,-2177.897543422312,W00684
639526,640336,-117.15367456973772,-2177.897543422312,903.3176669575872,-2156.246028065728,W00684
683210,683819,2438.2540112858683,-645.8719388147609,1002.1298273174614,77.58923497942598,W00684
713763,714370,1002.1298273174614,77.58923497942598,-824.2637352862973,-1329.162363396306,W00684
