started_at,ended_at,start_x,start_y,end_x,end_y,bike_id
48955,52979,-1031.196919700857,841.1251929813999,912.5376302209072,-1263.1349344592616,W00618
117764,118640,1774.1270397604533,-450.0620904220471,-824.4664002727116,-360.1164636447984,W00618
202511,203255,-2434.4542367719587,2130.308737174774,-1320.292999174232,823.2028589331105,W00618
306307,306447,-1574.715056457654,1019.791939240589,-1553.745244797235,1509.7618356025214,W00618
422126,422750,-494.03119251583706,2141.440621677288,-2089.6479554302955,2393.132530270474,W00618
462225,463489,-2089.6479554302955,2393.132530270474,223.52812242238716,-443.9395539462969,W00618
657973,658422,1017.9191426354972,2436.9921552089254,949.0927421968316,1050.348962199343,W00618
665335,666197,949.0927421968316,1050.348962199343,2167.9162261026786,-1152.7066401975758,W00618
725282,725788,2167.9162261026786,-1152.7066401975758,1230.0885275888672,-1242.652266974825,W00618
742975,744455,1230.0885275888672,-1242.652266974825,1259.9606745071096,-989.0679380163066,W00618
911184,911843,1259.9606745071096,-989.0679380163066,1244.6201406197797,1024.896740019206,W00618
1022683,1023907,1244.6201406197797,1024.896740019206,1365.6807727435448,-2172.053304059203,W00618
1026130,1026773,1365.6807727435448,-2172.053304059203,1835.2706095118488,-1359.8153513599148,W00618
1168860,1177321,1835.2706095118488,-1359.8153513599148,-1367.2120777705156,238.8902414156101,W00618
1362346,1363163,-1367.2120777705156,238.8902414156101,-1557.3691014905978,2536.900818615751,W00618
1416200,1416998,-1557.3691014905978,2536.900818615751,-584.2071226972812,-157.18220917050687,W00618
1456535,1457296,-584.2071226972812,-157.18220917050687,-1351.952265455199,2402.817269788199,W00618
1693105,1696343,1017.9191426354972,2436.9921552089254,1578.918836795151,-370.5804350772885,W00618
2470554,2470903,1578.918836795151,-370.5804350772885,2500.732022251305,-159.2972672261112,W00618
2473053,2473398,2500.732022251305,-159.2972672261112,1835.2706095118488,-1359.8153513599148,W00618
2544812,2545590,1835.2706095118488,-1359.8153513599148,422.87264992317904,94.06442404292608,W00618
2555405,2555538,422.87264992317904,94.06442404292608,380.2384601627839,455.8506703619942,W00618
