started_at,ended_at,start_x,start_y,end_x,end_y,bike_id
124909,126074,-3835.4008240059984,-139.92778819224205,-1917.270644437982,-168.09145598274966,W00696
143988,145532,-1917.270644437982,-168.09145598274966,-816.9135259411414,1201.1303377814577,W00696
232076,232647,-816.9135259411414,1201.1303377814577,-816.9135259411414,1201.1303377814577,W00696
245250,246798,-816.9135259411414,1201.1303377814577,-1898.042090010421,1235.0825855127032,W00696
246838,247167,-1898.042090010421,1235.0825855127032,-834.2552317649786,900.5694562238467,W00696
247360,247637,-834.2552317649786,900.5694562238467,-290.2205511174567,510.9534986484922,W00696
248682,249173,-290.2205511174567,510.9534986484922,-768.1680092204891,650.9926056854747,W00696
251407,251678,-768.1680092204891,650.9926056854747,332.92911989643176,582.1975594618963,W00696
255245,255342,332.92911989643176,582.1975594618963,363.25593041670027,347.31479646722295,W00696
286468,286965,363.25593041670027,347.31479646722295,-908.2838184938292,136.05078453849475,W00696
325131,325430,-908.2838184938292,136.05078453849475,-834.2552317649786,900.5694562238467,W00696
325658,326018,-834.2552317649786,900.5694562238467,-815.0661716391357,66.67998816797413,W00696
369099,369443,-815.0661716391357,66.67998816797413,-2054.783100240468,-321.8227809568126,W00696
408038,409112,-2054.783100240468,-321.8227809568126,1485.3831175752284,-2110.138983442487,W00696
575795,577006,520.8301948654599,8617.080474265777,2982.5318135722605,10051.089835831835,W00696
