started_at,ended_at,start_x,start_y,end_x,end_y,bike_id
202703,203585,916.579749438608,1959.9909042924703,-433.0906763410017,61.67064014200078,W00612
287223,288062,2436.294534689336,-59.66690093113685,788.5325500265636,-1205.8057292724188,W00612
288320,288695,788.5325500265636,-1205.8057292724188,1812.120848742311,-1161.2781912639423,W00612
288941,289535,1812.120848742311,-1161.2781912639423,586.0147279129765,-274.5122718227076,W00612
289920,290265,586.0147279129765,-274.5122718227076,788.5325500265636,-1205.8057292724188,W00612
321674,322643,788.5325500265636,-1205.8057292724188,1124.7088420298285,-40.52005958753947,W00612
568520,568840,1124.7088420298285,-40.52005958753947,594.6698529972505,511.5972467311889,W00612
650597,651938,594.6698529972505,511.5972467311889,-828.1189483765718,-1030.4785483633511,W00612
660274,661945,-828.1189483765718,-1030.4785483633511,-1638.1066826638655,807.8338760203944,W00612
665836,667260,-1638.1066826638655,807.8338760203944,-828.1189483765718,-1030.4785483633511,W00612
667994,671256,-828.1189483765718,-1030.4785483633511,-5465.394141819404,-5945.539512595608,W00612
2057393,2059804,-5465.394141819404,-5945.539512595608,-7361.294805824601,-1540.6528150970785,W00612
2060356,2062203,-7361.294805824601,-1540.6528150970785,-4169.189148603291,-55.102828285707005,W00612
2062305,2063531,-4169.189148603291,-55.102828285707005,-7361.294805824601,-1540.6528150970785,W00612
2219677,2222297,-7361.294805824601,-1540.6528150970785,-3835.4008240059984,-139.92778819224205,W00612
2473274,2474085,-3835.4008240059984,-139.92778819224205,-2946.938203231537,814.4086701772632,W00612
2474120,2474948,-2946.938203231537,814.4086701772632,-3835.4008240059984,-139.92778819224205,W00612
2475031,2476341,-3835.4008240059984,-139.92778819224205,-2721.9020553570567,-3902.504749917194,W00612
