started_at,ended_at,start_x,start_y,end_x,end_y,bike_id
116000,116567,1002.1298273174614,77.58923497942598,-570.845296965312,382.6028703385173,W00641
154482,154799,-570.845296965312,382.6028703385173,-929.3914426548988,1038.6048240499654,W00641
201360,201973,-929.3914426548988,1038.6048240499654,-2646.5254975806206,1031.0908020110053,W00641
310621,311405,-2194.889224699188,1823.9592756756335,-1315.9120102200964,375.0331888763961,W00641
326551,327039,-1315.9120102200964,375.0331888763961,-2469.43675410197,4.1187972648863145,W00641
330307,330540,-2469.43675410197,4.1187972648863145,-2808.1861045329406,513.9591074636016,W00641
336453,337220,-2808.1861045329406,513.9591074636016,-1574.715056457654,1019.791939240589,W00641
369640,369996,-1574.715056457654,1019.791939240589,-1309.9813548408183,-194.6966599429369,W00641
376152,376512,-1309.9813548408183,-194.6966599429369,-824.2637352862973,-1329.162363396306,W00641
584140,585073,-824.2637352862973,-1329.162363396306,-570.845296965312,382.6028703385173,W00641
595633,596639,-570.845296965312,382.6028703385173,-2348.1622084654537,-118.3319322580282,W00641
747719,750311,-2348.1622084654537,-118.3319322580282,-1450.099395056315,-447.3904381419498,W00641
750726,752072,-1450.099395056315,-447.3904381419498,-1713.5857184887172,1824.4045510561773,W00641
1793624,1795123,-2605.6813026458703,-1351.7447350956706,-1890.7937293864395,645.4266634342174,W00641
