started_at,ended_at,start_x,start_y,end_x,end_y,bike_id
757609,757912,-2305.706546172765,-9386.961606433772,-2341.8162033371987,-10296.213932568726,W00673
