started_at,ended_at,start_x,start_y,end_x,end_y,bike_id
42920,43139,-860.0530312968476,4418.244958901389,-873.5983458566102,3804.9894416778247,W00626
53931,54804,-873.5983458566102,3804.9894416778247,-1707.3762434280573,2795.772792713676,W00626
75877,76108,-1707.3762434280573,2795.772792713676,-1068.027447763776,2840.856924947436,W00626
112499,113003,-1068.027447763776,2840.856924947436,-428.9248489104604,3523.6867203093425,W00626
117259,118569,-428.9248489104604,3523.6867203093425,-2052.6947547840787,415.10797308497393,W00626
130029,132201,-2052.6947547840787,415.10797308497393,-1341.804285739922,1150.146306761428,W00626
153471,153981,-1341.804285739922,1150.146306761428,-799.8820989751116,2230.607016540563,W00626
171584,172287,-799.8820989751116,2230.607016540563,-810.2158349534978,3422.163933649827,W00626
195697,195886,-810.2158349534978,3422.163933649827,-367.4370509722781,3097.5581815665946,W00626
197781,198034,-367.4370509722781,3097.5581815665946,-456.4230317783731,2112.497721972016,W00626
199172,199651,-456.4230317783731,2112.497721972016,-768.1680092204891,650.9926056854747,W00626
233046,233581,-768.1680092204891,650.9926056854747,-359.9313181814267,1775.6468969372831,W00626
240224,240456,-359.9313181814267,1775.6468969372831,-816.9135259411414,1201.1303377814577,W00626
290596,290758,-816.9135259411414,1201.1303377814577,-1466.8360433646835,911.2393670264918,W00626
298638,299984,-1466.8360433646835,911.2393670264918,-499.66045855245335,-1006.2666995714102,W00626
399000,399596,-499.66045855245335,-1006.2666995714102,-499.66045855245335,-1006.2666995714102,W00626
405418,407001,-499.66045855245335,-1006.2666995714102,-2301.331649052671,-1063.874201870104,W00626
407860,409923,-2301.331649052671,-1063.874201870104,-499.66045855245335,-1006.2666995714102,W00626
410412,411446,-499.66045855245335,-1006.2666995714102,788.5325500265636,-1205.8057292724188,W00626
412864,413622,788.5325500265636,-1205.8057292724188,1812.4743714305184,289.6516347461591,W00626
456670,458069,1812.4743714305184,289.6516347461591,-1338.6563166249937,473.21641018658136,W00626
466370,467232,-1338.6563166249937,473.21641018658136,-2296.9192411811423,-809.1210250386479,W00626
478579,480289,-2296.9192411811423,-809.1210250386479,-1339.0478585909025,-1081.2399416931091,W00626
480424,482622,-1339.0478585909025,-1081.2399416931091,435.06300640745945,-2350.107796669948,W00626
722432,722743,435.06300640745945,-2350.107796669948,447.87071757646186,-1273.2682585705527,W00626
