started_at,ended_at,start_x,start_y,end_x,end_y,bike_id
56922,58027,2447.178885471176,463.5171925950309,1271.019755402809,-1678.4655452337165,W00630
381957,382733,1271.019755402809,-1678.4655452337165,-298.30049519174673,-188.1288480866431,W00630
403591,403702,-298.30049519174673,-188.1288480866431,33.87216753763598,-102.3020185750716,W00630
461393,461762,33.87216753763598,-102.3020185750716,-104.30822423996608,-1101.0580053229169,W00630
705135,705630,-493.3014109226975,113.54792354855924,-1917.467610232194,723.2385361039151,W00630
814902,815519,-1375.3554708776364,3230.58420136674,-1917.467610232194,723.2385361039151,W00630
823157,823478,-1917.467610232194,723.2385361039151,-1031.196919700857,841.1251929813999,W00630
843479,844709,-1031.196919700857,841.1251929813999,1786.245177219664,2718.294876578199,W00630
896606,897146,1786.245177219664,2718.294876578199,949.0927421968316,1050.348962199343,W00630
899607,900695,949.0927421968316,1050.348962199343,1221.5108251699423,-2365.859413241053,W00630
926095,927004,1221.5108251699423,-2365.859413241053,-117.15367456973772,-2177.897543422312,W00630
1001661,1002062,-117.15367456973772,-2177.897543422312,236.3596737786456,-1033.5954760247828,W00630
1106133,1107858,236.3596737786456,-1033.5954760247828,-1812.32704114666,-1830.5270875335093,W00630
1167517,1170949,-1812.32704114666,-1830.5270875335093,-493.3014109226975,113.54792354855924,W00630
1358277,1359872,-493.3014109226975,113.54792354855924,1908.8005800872415,-2173.611767889524,W00630
1445908,1446268,1908.8005800872415,-2173.611767889524,2167.9162261026786,-1152.7066401975758,W00630
1496215,1497591,2167.9162261026786,-1152.7066401975758,2167.9162261026786,-1152.7066401975758,W00630
1696378,1698376,-104.30822423996608,-1101.0580053229169,-2811.4720009168905,-425.46062567272384,W00630
2382671,2385803,-2811.4720009168905,-425.46062567272384,-2811.4720009168905,-425.46062567272384,W00630
2387106,2388261,-2811.4720009168905,-425.46062567272384,-1994.3215216154588,-3476.932805400522,W00630
