started_at,ended_at,start_x,start_y,end_x,end_y,bike_id
59946,60185,-1369.6307546819692,4935.432312871163,-1369.6307546819692,4935.432312871163,W00601
579570,589462,-1369.6307546819692,4935.432312871163,-860.0530312968476,4418.244958901389,W00601
604715,604985,-860.0530312968476,4418.244958901389,-810.2158349534978,3422.163933649827,W00601
607671,609310,-810.2158349534978,3422.163933649827,-4169.189148603291,-55.102828285707005,W00601
647165,648761,-4169.189148603291,-55.102828285707005,-1638.1066826638655,807.8338760203944,W00601
809214,809614,-1022.594160382934,847.5816859929531,-1460.8625118525238,53.58049920683244,W00601
845045,846978,-1460.8625118525238,53.58049920683244,3029.3783658794664,-1658.0672147087428,W00601
909096,909554,3029.3783658794664,-1658.0672147087428,1782.257882414919,-1414.8625202224605,W00601
913285,913780,1782.257882414919,-1414.8625202224605,3029.3783658794664,-1658.0672147087428,W00601
930489,930749,3029.3783658794664,-1658.0672147087428,2387.4374655296765,-1532.0256046075506,W00601
943160,943587,2387.4374655296765,-1532.0256046075506,2326.262791090281,-622.2723436696831,W00601
1008006,1008487,2326.262791090281,-622.2723436696831,3177.326435678709,-1949.1929763257588,W00601
1102765,1103072,3177.326435678709,-1949.1929763257588,4493.282295126244,-2755.4753708156168,W00601
1320130,1320568,4493.282295126244,-2755.4753708156168,2837.541864470277,-1705.516024573656,W00601
1524137,1524710,2837.541864470277,-1705.516024573656,3404.36851430985,-68.46108968777533,W00601
1710505,1711010,3982.877951863872,-913.9277176259152,2258.2481205983354,-1208.700019242788,W00601
1712812,1713200,2258.2481205983354,-1208.700019242788,3982.877951863872,-913.9277176259152,W00601
1775583,1776427,3982.877951863872,-913.9277176259152,2119.4744593300848,570.151390531336,W00601
1854404,1854574,2119.4744593300848,570.151390531336,1663.732119925616,207.05305173996877,W00601
