started_at,ended_at,start_x,start_y,end_x,end_y,bike_id
200122,200269,-2615.0175673928293,16192.661834510429,-2436.511929751477,15648.368341777552,W00634
2484349,2490818,-2436.511929751477,15648.368341777552,-2436.511929751477,15648.368341777552,W00634
