started_at,ended_at,start_x,start_y,end_x,end_y,bike_id
202252,202508,-8472.347649860825,18282.005236717912,-7838.6869459184,18377.62812459116,W00725
410303,410671,-7838.6869459184,18377.62812459116,-8472.347649860825,18282.005236717912,W00725
720320,720592,-8472.347649860825,18282.005236717912,-7838.6869459184,18377.62812459116,W00725
