started_at,ended_at,start_x,start_y,end_x,end_y,bike_id
280033,280697,-5720.860343980842,-824.8726416089622,-7641.4436188931795,-1060.6459553647228,W00738
285548,286229,-7641.4436188931795,-1060.6459553647228,-5720.860343980842,-824.8726416089622,W00738
327261,327941,-5720.860343980842,-824.8726416089622,-7702.658475204281,-1866.3717556292968,W00738
334878,335693,-7702.658475204281,-1866.3717556292968,-4157.940962258967,-439.7094378350882,W00738
410509,410999,-4157.940962258967,-439.7094378350882,-3874.94773152752,655.3724484528836,W00738
414307,416112,-3874.94773152752,655.3724484528836,-6337.930813702574,2155.13283961516,W00738
1185521,1187190,-6337.930813702574,2155.13283961516,-3145.6904913373305,496.2148835678463,W00738
1612280,1613093,-470.4974132603581,3765.0005667433097,-433.0906763410017,61.67064014200078,W00738
1787761,1788974,-433.0906763410017,61.67064014200078,-2301.331649052671,-1063.874201870104,W00738
1789007,1790248,-2301.331649052671,-1063.874201870104,-1442.0390538905754,-3649.143058648157,W00738
1795682,1800571,-1442.0390538905754,-3649.143058648157,-1442.0390538905754,-3649.143058648157,W00738
1866012,1874210,-1442.0390538905754,-3649.143058648157,-834.2552317649786,900.5694562238467,W00738
1894107,1895434,-834.2552317649786,900.5694562238467,3089.217183615509,659.2302002168292,W00738
1933060,1933368,3089.217183615509,659.2302002168292,1796.710145560574,852.6864867715699,W00738
2036649,2038293,1796.710145560574,852.6864867715699,-3527.1979733126504,1188.885264829166,W00738
2040227,2041742,-3527.1979733126504,1188.885264829166,1796.710145560574,852.6864867715699,W00738
2125972,2126343,1796.710145560574,852.6864867715699,332.92911989643176,582.1975594618963,W00738
2127098,2127289,332.92911989643176,582.1975594618963,932.3577554627492,283.6404171143583,W00738
2479455,2480765,932.3577554627492,283.6404171143583,932.3577554627492,283.6404171143583,W00738
2492700,2493367,932.3577554627492,283.6404171143583,8.662919362128497,1205.5830915821473,W00738
2560243,2560997,8.662919362128497,1205.5830915821473,-2250.9703201658835,124.14651452321117,W00738
2573069,2585578,-2250.9703201658835,124.14651452321117,-2250.9703201658835,124.14651452321117,W00738
