started_at,ended_at,start_x,start_y,end_x,end_y,bike_id
648305,652903,-1380.3033083701418,-858.2682951157151,-1380.3033083701418,-858.2682951157151,W00751
653950,656352,-1380.3033083701418,-858.2682951157151,-1812.32704114666,-1830.5270875335093,W00751
