started_at,ended_at,start_x,start_y,end_x,end_y,bike_id
1881403,1881626,-794.7691416991337,2685.45581729673,-794.7691416991337,2685.45581729673,W00714
