started_at,ended_at,start_x,start_y,end_x,end_y,bike_id
1879094,1879774,15443.999981059278,222.74900888791316,15443.999981059278,222.74900888791316,W00735
2294070,2294823,-4525.883691436464,7428.724488570288,-4525.883691436464,7428.724488570288,W00735
2323046,2324632,-4525.883691436464,7428.724488570288,-4320.698607587493,4126.700903789897,W00735
2480697,2481068,-4320.698607587493,4126.700903789897,-4111.364334099719,2757.4791100264806,W00735
2495989,2496710,-4111.364334099719,2757.4791100264806,-2508.780706691274,2847.424736803729,W00735
2660571,2661559,-2508.780706691274,2847.424736803729,-2652.2426542615626,669.8054904940599,W00735
