started_at,ended_at,start_x,start_y,end_x,end_y,bike_id
721965,723247,5386.8988923230745,-2205.2263198748933,1209.3330173771565,210.72657362589345,W00715
748723,749231,1209.3330173771565,210.72657362589345,788.5325500265636,-1205.8057292724188,W00715
818385,818775,-1135.4390937110154,3149.8780387266734,-1642.372485044098,1498.1290162986752,W00715
822773,823172,-1642.372485044098,1498.1290162986752,-781.0670346867206,2589.721610578743,W00715
825142,825404,-781.0670346867206,2589.721610578743,-1329.3469852904998,1973.9057599206133,W00715
827239,827437,-1329.3469852904998,1973.9057599206133,-1642.372485044098,1498.1290162986752,W00715
838874,839773,-1642.372485044098,1498.1290162986752,-828.1189483765718,-1030.4785483633511,W00715
840880,845672,-828.1189483765718,-1030.4785483633511,-499.66045855245335,-1006.2666995714102,W00715
849520,850385,-499.66045855245335,-1006.2666995714102,128.0433274469788,541.454862184085,W00715
899685,900155,-808.1470002565214,3227.133317171877,-834.2552317649786,900.5694562238467,W00715
913699,913933,-834.2552317649786,900.5694562238467,-1638.1066826638655,807.8338760203944,W00715
924902,926058,-1638.1066826638655,807.8338760203944,-747.4932564629371,3672.408697257432,W00715
1776153,1777035,-6205.127952811877,9671.492574308428,-5348.868243989487,6730.003413461771,W00715
1778961,1782187,-5348.868243989487,6730.003413461771,-834.2552317649786,900.5694562238467,W00715
1789220,1790127,-834.2552317649786,900.5694562238467,-3527.1979733126504,1188.885264829166,W00715
1848920,1849671,-3527.1979733126504,1188.885264829166,-1001.6416887046756,1337.5515823548856,W00715
1851564,1851882,-1001.6416887046756,1337.5515823548856,-2240.045794021533,1289.517500728386,W00715
1858673,1858828,-2240.045794021533,1289.517500728386,-1865.1073615998864,1368.1086053136396,W00715
2049349,2050109,-2508.780706691274,2847.424736803729,-3269.3464976190467,557.7074135573132,W00715
