started_at,ended_at,start_x,start_y,end_x,end_y,bike_id
44777,44994,-1687.4808070499614,3322.088291974309,-1333.1244526763924,2761.931863826379,W00775
45157,46090,-1333.1244526763924,2761.931863826379,-2018.959555819223,1083.449620274128,W00775
106634,107082,-929.3914426548988,1038.6048240499654,422.87264992317904,94.06442404292608,W00775
560487,562209,2477.2140987236085,-1485.856961461107,259.6198942404481,1818.615971114648,W00775
586232,586525,259.6198942404481,1818.615971114648,-490.1426245460887,1831.862913672767,W00775
671508,672636,2049.325672781144,-9.239464137182011,-2892.405826201766,-17.69969635880834,W00775
1159968,1161030,-2892.405826201766,-17.69969635880834,259.6198942404481,1818.615971114648,W00775
1166523,1167289,259.6198942404481,1818.615971114648,-1557.3691014905978,2536.900818615751,W00775
1185932,1186227,-1557.3691014905978,2536.900818615751,-2417.219257666417,1540.3188585612754,W00775
1261288,1262199,-2417.219257666417,1540.3188585612754,-493.99848393693776,3187.837764878856,W00775
1263059,1263634,-493.99848393693776,3187.837764878856,357.95233295209937,1378.1273013647951,W00775
1270065,1270883,357.95233295209937,1378.1273013647951,-493.99848393693776,3187.837764878856,W00775
1275256,1275737,-493.99848393693776,3187.837764878856,-490.1426245460887,1831.862913672767,W00775
2375004,2376186,-1620.0792206913457,3013.067178195072,-1893.9180927095776,1322.3565600090635,W00775
2384400,2384535,-1893.9180927095776,1322.3565600090635,-1923.405460375761,1762.9565486044485,W00775
2395683,2396103,-1923.405460375761,1762.9565486044485,-2792.164519531742,1461.727753976022,W00775
2545231,2545613,-2792.164519531742,1461.727753976022,-2808.1861045329406,513.9591074636016,W00775
2560770,2561009,-2808.1861045329406,513.9591074636016,-2450.1589905827414,1407.2928387603392,W00775
