started_at,ended_at,start_x,start_y,end_x,end_y,bike_id
117546,118180,-1553.745244797235,1509.7618356025214,-985.2325967772824,233.88089338963675,W00718
238531,239032,-2996.425218577444,611.3630968574403,-3697.8467852525214,668.4251368154823,W00718
301798,302502,-3697.8467852525214,668.4251368154823,-2605.6813026458703,-1351.7447350956706,W00718
302819,303593,-2605.6813026458703,-1351.7447350956706,-757.2144788708657,-1761.398084774919,W00718
321997,322943,-757.2144788708657,-1761.398084774919,-246.9191299668783,106.75477237497007,W00718
337872,338622,-246.9191299668783,106.75477237497007,-117.15367456973772,-2177.897543422312,W00718
368030,368393,-117.15367456973772,-2177.897543422312,-824.2637352862973,-1329.162363396306,W00718
574299,575654,-824.2637352862973,-1329.162363396306,-2311.895100954131,239.22419795062223,W00718
619933,620428,-2311.895100954131,239.22419795062223,-1386.3722255965383,1072.7797094714829,W00718
