started_at,ended_at,start_x,start_y,end_x,end_y,bike_id
382820,389396,-842.3816240987607,683.1637518961281,-493.3049536406412,113.54792354855924,W00759
467581,467833,-1367.232735634131,238.8902414156101,-2013.0446574339128,225.7907524544684,W00759
558947,559836,-2013.0446574339128,225.7907524544684,667.0201694225339,1810.1557388930216,W00759
564523,565114,667.0201694225339,1810.1557388930216,-424.0948683241063,713.6651154317209,W00759
574392,580158,-424.0948683241063,713.6651154317209,-424.0948683241063,713.6651154317209,W00759
1088772,1089104,-2172.35676658326,2509.7946798534413,-2524.8855174638293,1823.5140002958813,W00759
1089371,1089619,-2524.8855174638293,1823.5140002958813,-1881.6873246556,2146.116013168249,W00759
1091016,1091722,-1881.6873246556,2146.116013168249,-2996.5410888062315,611.3630968574403,W00759
