started_at,ended_at,start_x,start_y,end_x,end_y,bike_id
128922,130789,-1051.840396051375,-834.0564463237743,-2853.533219035006,-891.6639486224678,W00765
131677,134306,-2853.533219035006,-891.6639486224678,-65.24421585664805,-642.142757506466,W00765
135867,137422,-65.24421585664805,-642.142757506466,-802.7521471361426,-996.414981787365,W00765
232630,235309,-802.7521471361426,-996.414981787365,-802.7521471361426,-996.414981787365,W00765
333519,335080,-802.7521471361426,-996.414981787365,-2194.889224699188,1823.9592756756335,W00765
380003,380582,-2194.889224699188,1823.9592756756335,-1386.3722255965383,1072.7797094714829,W00765
463497,463685,-1386.3722255965383,1072.7797094714829,-2190.235672060508,980.0441292680304,W00765
484013,484396,-2190.235672060508,980.0441292680304,-1320.292999174232,823.2028589331105,W00765
655709,655999,-1320.292999174232,823.2028589331105,-500.12939426980034,1054.6347377329218,W00765
663159,663330,-500.12939426980034,1054.6347377329218,-929.3914426548988,1038.6048240499654,W00765
674049,674179,-929.3914426548988,1038.6048240499654,-842.3452252522125,683.1637518961281,W00765
808190,808531,-1553.745244797235,1509.7618356025214,-1555.445981478385,542.4818752125246,W00765
1455430,1455982,-2328.120578614408,661.3452582716426,-1380.3033083701418,-858.2682951157151,W00765
1455989,1457159,-1380.3033083701418,-858.2682951157151,2167.9162261026786,-1152.7066401975758,W00765
1601132,1601984,2167.9162261026786,-1152.7066401975758,2447.178885471176,463.5171925950309,W00765
1628968,1632078,2447.178885471176,463.5171925950309,2447.178885471176,463.5171925950309,W00765
1866551,1867351,2447.178885471176,463.5171925950309,1244.6201406197797,1024.896740019206,W00765
2034727,2035687,1244.6201406197797,1024.896740019206,666.9437976964771,1810.1557388930216,W00765
2041011,2041870,666.9437976964771,1810.1557388930216,223.52812242238716,-443.9395539462969,W00765
2304037,2306420,223.52812242238716,-443.9395539462969,223.52812242238716,-443.9395539462969,W00765
2306663,2313239,223.52812242238716,-443.9395539462969,223.52812242238716,-443.9395539462969,W00765
2316970,2318908,223.52812242238716,-443.9395539462969,-2170.059593926037,-306.3494614999309,W00765
2571433,2572057,-2170.059593926037,-306.3494614999309,-2450.1589905827414,1407.2928387603392,W00765
2594150,2594495,-2450.1589905827414,1407.2928387603392,-2469.43675410197,4.1187972648863145,W00765
2596337,2596695,-2469.43675410197,4.1187972648863145,-2450.1589905827414,1407.2928387603392,W00765
