started_at,ended_at,start_x,start_y,end_x,end_y,bike_id
60436,61449,2758.999893455809,3991.671144778888,1663.732119925616,207.05305173996877,W00778
61457,61856,1663.732119925616,207.05305173996877,1951.2327644420184,-874.409527643412,W00778
63957,64382,1951.2327644420184,-874.409527643412,1917.8811044698043,-2344.26355730684,W00778
140933,142008,1917.8811044698043,-2344.26355730684,1554.255559250921,-94.62101826821,W00778
288870,290134,-781.0670346867206,2589.721610578743,-1795.993143998876,-290.5421855056642,W00778
324258,324644,-1795.993143998876,-290.5421855056642,-2256.0341078902416,341.74885421596565,W00778
324972,325605,-2256.0341078902416,341.74885421596565,-1642.789656665885,1651.749022427998,W00778
377473,377942,-1642.789656665885,1651.749022427998,-2373.1758978806724,834.1121057461444,W00778
413897,414122,-7361.294805824601,-1540.6528150970785,-7702.658475204281,-1866.3717556292968,W00778
414447,414917,-7702.658475204281,-1866.3717556292968,-7368.509772695037,-2892.954144417242,W00778
463111,463480,-7368.509772695037,-2892.954144417242,-6955.684337452492,-1672.2316899124346,W00778
495711,496009,-6955.684337452492,-1672.2316899124346,-7363.579416077806,-1981.252803691672,W00778
508474,509459,-7363.579416077806,-1981.252803691672,-5623.172082991364,-1430.3358396809242,W00778
721745,722174,-5623.172082991364,-1430.3358396809242,-4282.93758484372,-357.3334925191697,W00778
749530,749724,-4282.93758484372,-357.3334925191697,-4196.091527884038,-878.3056872196086,W00778
750053,751194,-4196.091527884038,-878.3056872196086,-1260.1040304636565,-2002.7373407811456,W00778
775295,779527,-1260.1040304636565,-2002.7373407811456,-1260.1040304636565,-2002.7373407811456,W00778
917364,918184,-1260.1040304636565,-2002.7373407811456,-2296.9192411811423,-809.1210250386479,W00778
932748,933256,-2296.9192411811423,-809.1210250386479,-3145.6904913373305,496.2148835678463,W00778
1496190,1497219,-4998.9148094804095,5384.715171377654,-1865.1073615998864,1368.1086053136396,W00778
1781210,1783825,-2145.3251794658845,2826.719431629812,-431.68621609472046,7071.97490536801,W00778
2293261,2294065,-431.68621609472046,7071.97490536801,-113.54363842153111,4327.405140603152,W00778
2294076,2294440,-113.54363842153111,4327.405140603152,-850.2844639197657,4073.713133559794,W00778
2460395,2463257,-850.2844639197657,4073.713133559794,-850.2844639197657,4073.713133559794,W00778
