started_at,ended_at,start_x,start_y,end_x,end_y,bike_id
1793018,1794067,1271.019755402809,-1678.4655452337165,1271.019755402809,-1678.4655452337165,W00755
2097425,2097696,1271.019755402809,-1678.4655452337165,903.3176669575872,-2156.246028065728,W00755
2224988,2225642,903.3176669575872,-2156.246028065728,-497.6852901437867,-1112.8544936800606,W00755
2296449,2296907,-497.6852901437867,-1112.8544936800606,-117.15367456973772,-2177.897543422312,W00755
2303296,2305995,-117.15367456973772,-2177.897543422312,-117.15367456973772,-2177.897543422312,W00755
