started_at,ended_at,start_x,start_y,end_x,end_y,bike_id
61457,61856,1111.6181164467437,379.2633049876047,1399.084123210781,-702.1992743957761,W00778
63957,64382,1399.084123210781,-702.1992743957761,1365.6807727435448,-2172.053304059203,W00778
140933,142008,1365.6807727435448,-2172.053304059203,1002.1298273174614,77.58923497942598,W00778
288870,290134,-1333.1244526763924,2761.931863826379,-2348.1622084654537,-118.3319322580282,W00778
324258,324644,-2348.1622084654537,-118.3319322580282,-2808.1861045329406,513.9591074636016,W00778
324972,325605,-2808.1861045329406,513.9591074636016,-2194.889224699188,1823.9592756756335,W00778
377473,377942,-2194.889224699188,1823.9592756756335,-2925.311977241168,1006.3223589937804,W00778
775295,779527,-1812.32704114666,-1830.5270875335093,-1812.32704114666,-1830.5270875335093,W00778
917364,918184,-1812.32704114666,-1830.5270875335093,-2849.1118684293083,-636.9107717910118,W00778
932748,933256,-2849.1118684293083,-636.9107717910118,-3697.8467852525214,668.4251368154823,W00778
