started_at,ended_at,start_x,start_y,end_x,end_y,bike_id
1163880,1170307,-88.65279001196733,11091.253123712122,-88.65279001196733,11091.253123712122,W00722
2570454,2574144,-88.65279001196733,11091.253123712122,-88.65279001196733,11091.253123712122,W00722
