started_at,ended_at,start_x,start_y,end_x,end_y,bike_id
212208,212293,-12281.860319265785,25104.62592923782,-12291.462650407191,24881.654282659634,W00748
242911,243013,-12291.462650407191,24881.654282659634,-12281.860319265785,25104.62592923782,W00748
1866440,1866812,-810.2158349534978,3422.163933649827,-799.8820989751116,2230.607016540563,W00748
1870796,1871361,-799.8820989751116,2230.607016540563,-80.1058961165534,3374.191707505921,W00748
2020520,2020825,-80.1058961165534,3374.191707505921,-456.4230317783731,2112.497721972016,W00748
2044962,2045333,-456.4230317783731,2112.497721972016,-1642.789656665885,1651.749022427998,W00748
2186925,2188689,-4712.24978943207,2765.048791487811,447.87071757646186,-1273.2682585705527,W00748
2217127,2218573,447.87071757646186,-1273.2682585705527,-1329.3469852904998,1973.9057599206133,W00748
2295835,2297294,-1329.3469852904998,1973.9057599206133,-2240.045794021533,1289.517500728386,W00748
