started_at,ended_at,start_x,start_y,end_x,end_y,bike_id
131774,132390,-4079.334235838357,1361.0955180768024,-2604.841974791065,587.31822633261,W00701
132558,132754,-2604.841974791065,587.31822633261,-2925.311977241168,1006.3223589937804,W00701
147077,147931,-2925.311977241168,1006.3223589937804,-1351.952265455199,2402.817269788199,W00701
151811,152420,-1351.952265455199,2402.817269788199,-1351.952265455199,2402.817269788199,W00701
153912,154327,-1351.952265455199,2402.817269788199,-919.4722224283496,3269.7684348142307,W00701
201604,201957,-919.4722224283496,3269.7684348142307,-1008.4935812659144,2284.707975219652,W00701
203878,204231,-1008.4935812659144,2284.707975219652,-1369.0198339983065,1373.3405910290935,W00701
204631,205524,-1369.0198339983065,1373.3405910290935,-246.9191299668783,106.75477237497007,W00701
660861,663070,-246.9191299668783,106.75477237497007,-843.6894071192287,220.42732905849545,W00701
894773,895059,-2808.1861045329406,513.9591074636016,-2606.956075627768,-149.61252770917662,W00701
925422,925587,-2606.956075627768,-149.61252770917662,-2803.1298600936816,296.3567677708471,W00701
927376,928526,-2803.1298600936816,296.3567677708471,-2906.0520040511774,3041.230845985579,W00701
933538,933744,-2906.0520040511774,3041.230845985579,-2259.436558225718,2967.9830459613117,W00701
940454,941310,-2259.436558225718,2967.9830459613117,357.95233295209937,1378.1273013647951,W00701
986211,987475,357.95233295209937,1378.1273013647951,-2328.120578614408,661.3452582716426,W00701
1858411,1858828,-1687.4808070499614,3322.088291974309,-2906.0520040511774,3041.230845985579,W00701
2230895,2232879,-2354.6709182688887,2716.8477315926184,753.3851724438222,2085.781199166297,W00701
2486615,2487058,753.3851724438222,2085.781199166297,949.0927421968316,1050.348962199343,W00701
2490042,2490451,949.0927421968316,1050.348962199343,666.9437976964771,1810.1557388930216,W00701
