started_at,ended_at,start_x,start_y,end_x,end_y,bike_id
982186,982589,-2194.7092899865465,1670.339269546311,-2996.5410888062315,611.3630968574403,W00810
1095321,1096822,-2996.5410888062315,611.3630968574403,-1993.883130108986,-3476.932805400522,W00810
