started_at,ended_at,start_x,start_y,end_x,end_y,bike_id
230189,230772,2285.373851356912,-1533.30577132602,1572.4295790921033,412.8815961838383,W00887
242917,243501,1572.4295790921033,412.8815961838383,-570.845296965312,382.6028703385173,W00887
244941,245101,-570.845296965312,382.6028703385173,-843.6894071192287,220.42732905849545,W00887
245732,246033,-843.6894071192287,220.42732905849545,-1031.196919700857,841.1251929813999,W00887
289022,289171,-1031.196919700857,841.1251929813999,-985.2325967772824,233.88089338963675,W00887
320598,320843,-500.12939426980034,1054.6347377329218,-570.845296965312,382.6028703385173,W00887
324085,324898,-570.845296965312,382.6028703385173,-2089.6479554302955,2393.132530270474,W00887
371638,371965,-2089.6479554302955,2393.132530270474,-2697.389185766176,2998.9296848774475,W00887
375201,376149,-2697.389185766176,2998.9296848774475,-1367.2120777705156,238.8902414156101,W00887
411523,412983,-1367.2120777705156,238.8902414156101,1572.4295790921033,412.8815961838383,W00887
413021,413661,1572.4295790921033,412.8815961838383,2537.13450151344,831.4404534644652,W00887
461164,462726,2537.13450151344,831.4404534644652,-1713.5857184887172,1824.4045510561773,W00887
609180,609354,-1713.5857184887172,1824.4045510561773,-912.0125818422052,1947.857150184919,W00887
633401,633657,-912.0125818422052,1947.857150184919,-1553.745244797235,1509.7618356025214,W00887
637620,637963,-1553.745244797235,1509.7618356025214,-912.0125818422052,1947.857150184919,W00887
648747,649230,-912.0125818422052,1947.857150184919,357.95233295209937,1378.1273013647951,W00887
655183,655600,357.95233295209937,1378.1273013647951,-494.03119251583706,2141.440621677288,W00887
688639,689370,-494.03119251583706,2141.440621677288,1260.3648729942292,461.861887993795,W00887
715696,716056,1260.3648729942292,461.861887993795,1774.1270397604533,-450.0620904220471,W00887
717170,718584,1774.1270397604533,-450.0620904220471,-2853.533219035006,-891.6639486224678,W00887
727065,728600,-2853.533219035006,-891.6639486224678,-65.24421585664805,-642.142757506466,W00887
746629,747371,-65.24421585664805,-642.142757506466,-1380.3033083701418,-858.2682951157151,W00887
749134,750463,-1380.3033083701418,-858.2682951157151,-1360.182448193738,3399.343570419514,W00887
757135,759603,-1360.182448193738,3399.343570419514,380.2384601627839,455.8506703619942,W00887
