started_at,ended_at,start_x,start_y,end_x,end_y,bike_id
1004096,1004338,-7838.6869459184,18377.62812459116,-8472.347649860825,18282.005236717912,W00813
1070921,1071176,-8472.347649860825,18282.005236717912,-7838.6869459184,18377.62812459116,W00813
1092694,1092942,-7838.6869459184,18377.62812459116,-8472.347649860825,18282.005236717912,W00813
