started_at,ended_at,start_x,start_y,end_x,end_y,bike_id
202736,203375,-919.4722224283496,3269.7684348142307,-2906.0520040511774,3041.230845985579,W00818
372853,374017,1849.37095562868,720.130750546742,-1309.9813548408183,-194.6966599429369,W00818
501546,501959,-1154.4178996069331,447.5017569858993,-922.0093029382764,1354.416387375768,W00818
645963,646066,-922.0093029382764,1354.416387375768,-929.3914426548988,1038.6048240499654,W00818
648124,648304,-929.3914426548988,1038.6048240499654,-500.12939426980034,1054.6347377329218,W00818
662788,662930,-500.12939426980034,1054.6347377329218,-929.3914426548988,1038.6048240499654,W00818
663316,663600,-929.3914426548988,1038.6048240499654,-570.845296965312,382.6028703385173,W00818
665090,665438,-570.845296965312,382.6028703385173,-500.12939426980034,1054.6347377329218,W00818
673375,673490,-500.12939426980034,1054.6347377329218,-543.4342390331508,1377.793344829783,W00818
720144,721075,-543.4342390331508,1377.793344829783,-2605.26842578739,-423.4568864618599,W00818
746722,748397,-2605.26842578739,-423.4568864618599,-1315.9120102200964,375.0331888763961,W00818
818480,819534,-2104.020490588656,3097.446862721063,-2803.1298600936816,296.3567677708471,W00818
1024916,1026087,-2803.1298600936816,296.3567677708471,-2906.0520040511774,3041.230845985579,W00818
1427428,1427626,-2906.0520040511774,3041.230845985579,-2259.436558225718,2967.9830459613117,W00818
1428727,1429104,-2259.436558225718,2967.9830459613117,-1351.952265455199,2402.817269788199,W00818
