started_at,ended_at,start_x,start_y,end_x,end_y,bike_id
116527,116831,-1881.431886693912,2146.116013168249,-2646.5254975806206,1031.0908020110053,W00897
323210,324002,-2013.015909685712,225.7907524544684,-117.15367456973772,-2177.897543422312,W00897
369826,370879,-117.15367456973772,-2177.897543422312,-1574.715056457654,1019.791939240589,W00897
370891,371361,-1574.715056457654,1019.791939240589,-1351.952265455199,2402.817269788199,W00897
374472,375348,-1351.952265455199,2402.817269788199,-2892.405826201766,-17.69969635880834,W00897
412057,412952,-2892.405826201766,-17.69969635880834,-1923.405460375761,1762.9565486044485,W00897
461607,462402,-1923.405460375761,1762.9565486044485,-2892.405826201766,-17.69969635880834,W00897
491625,492386,-2892.405826201766,-17.69969635880834,-4001.84712299075,833.4441926753292,W00897
720377,720745,-2524.594292383785,1823.5140002958813,-2808.1861045329406,513.9591074636016,W00897
742206,742413,-2808.1861045329406,513.9591074636016,-2646.5254975806206,1031.0908020110053,W00897
764147,764305,-2646.5254975806206,1031.0908020110053,-2996.425218577444,611.3630968574403,W00897
769151,769461,-2996.425218577444,611.3630968574403,-2469.43675410197,4.1187972648863145,W00897
769895,770645,-2469.43675410197,4.1187972648863145,-1386.3722255965383,1072.7797094714829,W00897
854335,855460,-1687.4808070499614,3322.088291974309,357.95233295209937,1378.1273013647951,W00897
897314,897642,357.95233295209937,1378.1273013647951,422.87264992317904,94.06442404292608,W00897
929851,930334,-1893.9180927095776,1322.3565600090635,-2328.120578614408,661.3452582716426,W00897
932489,932886,-2328.120578614408,661.3452582716426,-3499.0812210478525,986.6189234248992,W00897
1108097,1108461,-794.7691416991337,2685.45581729673,-1333.1244526763924,2761.931863826379,W00897
1170411,1170784,-1333.1244526763924,2761.931863826379,-814.5374629822909,2330.682658213708,W00897
1170862,1171323,-814.5374629822909,2330.682658213708,-929.3914426548988,1038.6048240499654,W00897
1171637,1172131,-929.3914426548988,1038.6048240499654,-824.4664002727116,-360.1164636447984,W00897
