started_at,ended_at,start_x,start_y,end_x,end_y,bike_id
754320,754632,-17010.405457046112,3796.0839340764464,-16046.91877917907,2915.667374492187,W00871
