started_at,ended_at,start_x,start_y,end_x,end_y,bike_id
116807,116936,1419.8520538572202,8919.199819653708,1009.6241810945196,8592.701647205933,W00814
135134,135304,1009.6241810945196,8592.701647205933,1419.8520538572202,8919.199819653708,W00814
138084,138892,1419.8520538572202,8919.199819653708,264.6385109299633,6539.51169609528,W00814
201024,203440,264.6385109299633,6539.51169609528,-4169.189148603291,-55.102828285707005,W00814
204279,204991,-4169.189148603291,-55.102828285707005,-2710.368760450222,188.1288480866431,W00814
917230,917874,-4077.689688642877,6368.105848297172,-2834.854701191256,3614.745535536368,W00814
925386,926141,-2834.854701191256,3614.745535536368,-810.2158349534978,3422.163933649827,W00814
927112,927415,-810.2158349534978,3422.163933649827,-1068.027447763776,2840.856924947436,W00814
927669,929039,-1068.027447763776,2840.856924947436,58.83935351161514,-58.66232969907673,W00814
930820,931937,58.83935351161514,-58.66232969907673,2601.443031220058,-181.449717384818,W00814
946571,946906,2601.443031220058,-181.449717384818,2387.4374655296765,-1532.0256046075506,W00814
1027023,1027453,2387.4374655296765,-1532.0256046075506,1663.732119925616,207.05305173996877,W00814
1072241,1072735,1663.732119925616,207.05305173996877,253.84868026828832,-360.3391013342791,W00814
1081799,1082558,253.84868026828832,-360.3391013342791,1485.3831175752284,-2110.138983442487,W00814
1085938,1086762,1485.3831175752284,-2110.138983442487,253.84868026828832,-360.3391013342791,W00814
1091582,1092394,253.84868026828832,-360.3391013342791,2720.0722272102257,-1324.9168934452116,W00814
1104015,1108882,2720.0722272102257,-1324.9168934452116,2397.9510978743274,-870.7360057574874,W00814
1161729,1162154,2397.9510978743274,-870.7360057574874,788.5325500265636,-1205.8057292724188,W00814
2380383,2380510,2283.334914585575,-335.1253829365107,2124.537389012071,240.6713429362023,W00814
2382005,2382223,2124.537389012071,240.6713429362023,2283.334914585575,-335.1253829365107,W00814
2478812,2480836,2283.334914585575,-335.1253829365107,2370.607497604895,4095.42030833954,W00814
2480871,2485516,2370.607497604895,4095.42030833954,2370.607497604895,4095.42030833954,W00814
2485544,2487123,2370.607497604895,4095.42030833954,2283.334914585575,-335.1253829365107,W00814
