started_at,ended_at,start_x,start_y,end_x,end_y,bike_id
284820,285645,-1158.9332723089417,3460.1236598020096,-2256.0341078902416,341.74885421596565,W00895
286300,286567,-2256.0341078902416,341.74885421596565,-1928.381569337254,-343.75259342603863,W00895
321052,321323,-1928.381569337254,-343.75259342603863,-1796.0298137374746,-613.3668360683042,W00895
409279,409412,-1796.0298137374746,-613.3668360683042,-2053.08590707705,-595.6671397094958,W00895
497605,497727,-2053.08590707705,-595.6671397094958,-1796.0298137374746,-613.3668360683042,W00895
652681,655868,-1796.0298137374746,-613.3668360683042,486.9182756857461,-814.3530107541019,W00895
658742,659857,486.9182756857461,-814.3530107541019,2436.294534689336,-59.66690093113685,W00895
722749,723031,2436.294534689336,-59.66690093113685,1554.255559250921,-94.62101826821,W00895
1013189,1013776,-1617.3824598979872,208.1662401897456,-18.713083837096207,210.3926170908813,W00895
1090158,1090756,-18.713083837096207,210.3926170908813,975.0041157596628,-78.1458292047099,W00895
1364466,1364821,2326.262791090281,-622.2723436696831,2387.4374655296765,-1532.0256046075506,W00895
1439143,1439474,2387.4374655296765,-1532.0256046075506,1455.5224809928118,-2328.4562813133634,W00895
1445363,1446994,1455.5224809928118,-2328.4562813133634,-2301.331649052671,-1063.874201870104,W00895
1447019,1449964,-2301.331649052671,-1063.874201870104,1455.5224809928118,-2328.4562813133634,W00895
1535795,1536798,1455.5224809928118,-2328.4562813133634,-828.1189483765718,-1030.4785483633511,W00895
1620146,1621891,-828.1189483765718,-1030.4785483633511,-290.2205511174567,510.9534986484922,W00895
1683522,1691392,-290.2205511174567,510.9534986484922,-290.2205511174567,510.9534986484922,W00895
1765928,1767519,-290.2205511174567,510.9534986484922,-1260.1040304636565,-2002.7373407811456,W00895
1775112,1776667,-1260.1040304636565,-2002.7373407811456,-3508.557329462188,-3818.570340770956,W00895
1805954,1806324,-3508.557329462188,-3818.570340770956,-2646.8223324131995,-4834.493105377716,W00895
1870284,1872348,-2646.8223324131995,-4834.493105377716,-2250.9703201658835,124.14651452321117,W00895
1952933,1954237,-2250.9703201658835,124.14651452321117,-810.2158349534978,3422.163933649827,W00895
1970818,1971584,-810.2158349534978,3422.163933649827,-290.2205511174567,510.9534986484922,W00895
1977715,1978427,-290.2205511174567,510.9534986484922,-428.9248489104604,3523.6867203093425,W00895
