started_at,ended_at,start_x,start_y,end_x,end_y,bike_id
1865022,1866563,-1812.32704114666,-1830.5270875335093,-1380.3033083701418,-858.2682951157151,W00859
1868630,1869403,-1380.3033083701418,-858.2682951157151,223.52812242238716,-443.9395539462969,W00859
2572358,2573222,223.52812242238716,-443.9395539462969,-757.2144788708657,-1761.398084774919,W00859
2575896,2578551,-757.2144788708657,-1761.398084774919,-1994.3215216154588,-3476.932805400522,W00859
