started_at,ended_at,start_x,start_y,end_x,end_y,bike_id
851121,851396,-5365.713663128789,-801.2730464646756,-5962.396216007198,-319.3737663661961,W00835
894770,895400,-5962.396216007198,-319.3737663661961,-4636.804123772981,-486.6859904333901,W00835
902790,902876,-4636.804123772981,-486.6859904333901,-4282.93758484372,-357.3334925191697,W00835
908443,909515,-4282.93758484372,-357.3334925191697,-2250.9703201658835,124.14651452321117,W00835
917195,917906,-2250.9703201658835,124.14651452321117,-2240.045794021533,1289.517500728386,W00835
981790,982330,-2240.045794021533,1289.517500728386,-1040.6264073723517,650.6029897280923,W00835
1012398,1012576,-1040.6264073723517,650.6029897280923,-1001.6416887046756,1337.5515823548856,W00835
1066445,1066736,-834.2552317649786,900.5694562238467,-1696.4355896883285,660.2571677337631,W00835
1093653,1094661,-1696.4355896883285,660.2571677337631,-1707.3762434280573,2795.772792713676,W00835
1123293,1123408,-1707.3762434280573,2795.772792713676,-1707.3762434280573,2795.772792713676,W00835
1186624,1191481,-1707.3762434280573,2795.772792713676,-1460.8625118525238,53.58049920683244,W00835
1438849,1443292,-1460.8625118525238,53.58049920683244,-2296.9192411811423,-809.1210250386479,W00835
1453216,1454411,-2296.9192411811423,-809.1210250386479,-1040.6264073723517,650.6029897280923,W00835
1875135,1879544,-1040.6264073723517,650.6029897280923,-1040.6264073723517,650.6029897280923,W00835
2050772,2051362,-6955.684337452492,-1672.2316899124346,-6955.684337452492,-1672.2316899124346,W00835
2660909,2661141,-6955.684337452492,-1672.2316899124346,-6083.115377944911,-1080.9059851580969,W00835
