started_at,ended_at,start_x,start_y,end_x,end_y,bike_id
397846,399895,3254.527701069016,3432.182629700983,-929.3914426548988,1038.6048240499654,W00899
755485,756804,-2248.5703681191844,832.4674209813991,2049.325672781144,-9.239464137182011,W00899
810819,812422,2049.325672781144,-9.239464137182011,-1051.840396051375,-834.0564463237743,W00899
841988,842479,1017.9191426354972,2436.9921552089254,364.51883299847503,2132.201157540106,W00899
970829,971589,364.51883299847503,2132.201157540106,1002.1298273174614,77.58923497942598,W00899
972753,973263,1002.1298273174614,77.58923497942598,1835.2706095118488,-1359.8153513599148,W00899
973906,974093,1835.2706095118488,-1359.8153513599148,1908.8005800872415,-2173.611767889524,W00899
1007271,1007864,1908.8005800872415,-2173.611767889524,1157.659916597574,-143.71262892290716,W00899
1011211,1019526,1157.659916597574,-143.71262892290716,104.65262178054566,350.0977675920606,W00899
1094935,1095631,104.65262178054566,350.0977675920606,-1460.4283175020964,308.2610377861307,W00899
