started_at,ended_at,start_x,start_y,end_x,end_y,bike_id
927669,929039,-1620.0792206913457,3013.067178195072,-493.3014109226975,113.54792354855924,W00814
930820,931937,-493.3014109226975,113.54792354855924,2049.325672781144,-9.239464137182011,W00814
946571,946906,2049.325672781144,-9.239464137182011,1835.2706095118488,-1359.8153513599148,W00814
1027023,1027453,1835.2706095118488,-1359.8153513599148,1111.6181164467437,379.2633049876047,W00814
1072241,1072735,1111.6181164467437,379.2633049876047,-298.30049519174673,-188.1288480866431,W00814
1081799,1082558,-298.30049519174673,-188.1288480866431,933.1862516873412,-1937.9287301948511,W00814
1085938,1086762,933.1862516873412,-1937.9287301948511,-298.30049519174673,-188.1288480866431,W00814
1091582,1092394,-298.30049519174673,-188.1288480866431,2167.9162261026786,-1152.7066401975758,W00814
1104015,1108882,2167.9162261026786,-1152.7066401975758,1845.807450034228,-698.5257525098514,W00814
1161729,1162154,1845.807450034228,-698.5257525098514,236.3596737786456,-1033.5954760247828,W00814
2380383,2380510,1731.2087241706054,-162.91512968887474,1572.4295790921033,412.8815961838383,W00814
2382005,2382223,1572.4295790921033,412.8815961838383,1731.2087241706054,-162.91512968887474,W00814
