started_at,ended_at,start_x,start_y,end_x,end_y,bike_id
49218,49962,-2620.070575480832,-8557.970167559133,-2368.67656933742,-6145.913433634542,W00883
210264,210413,-2368.67656933742,-6145.913433634542,-2456.980840832993,-5510.950741632024,W00883
235193,235875,-2456.980840832993,-5510.950741632024,-3202.73803418056,-7206.00279477319,W00883
378200,379015,-3202.73803418056,-7206.00279477319,-2473.7071065966,-4476.689433362749,W00883
383792,383990,-2473.7071065966,-4476.689433362749,-3173.4950908272604,-4446.519945536637,W00883
394227,394406,-3173.4950908272604,-4446.519945536637,-3173.4950908272604,-4446.519945536637,W00883
461644,461767,-3173.4950908272604,-4446.519945536637,-3212.045241846323,-3952.598230176928,W00883
644170,645140,-3212.045241846323,-3952.598230176928,-3212.045241846323,-3952.598230176928,W00883
671280,672688,-3212.045241846323,-3952.598230176928,-6770.147537564179,-5284.663024410554,W00883
