started_at,ended_at,start_x,start_y,end_x,end_y,bike_id
5425,6492,-359.9313181814267,1775.6468969372831,2119.4744593300848,570.151390531336,W00821
153928,154287,-815.0661716391357,66.67998816797413,-18.713083837096207,210.3926170908813,W00821
387997,388365,4765.494827986552,-4103.786503460843,3915.4924565580086,-4501.8433194126255,W00821
