started_at,ended_at,start_x,start_y,end_x,end_y,bike_id
231223,232643,-82.14293697444242,-1351.7447350956706,-1891.2395552395976,-909.029688445473,W00989
232666,233535,-1891.2395552395976,-909.029688445473,-2853.533219035006,-891.6639486224678,W00989
237061,238478,-2853.533219035006,-891.6639486224678,-1812.32704114666,-1830.5270875335093,W00989
601501,602801,-1812.32704114666,-1830.5270875335093,-1812.32704114666,-1830.5270875335093,W00989
647685,651717,-1812.32704114666,-1830.5270875335093,-824.4664002727116,-360.1164636447984,W00989
1249740,1250473,-543.4342390331508,1377.793344829783,-2792.164519531742,1461.727753976022,W00989
1255056,1257066,-2792.164519531742,1461.727753976022,1244.6201406197797,1024.896740019206,W00989
1257445,1257695,1244.6201406197797,1024.896740019206,1682.9689672611153,1296.3079502741607,W00989
2371504,2372817,1682.9689672611153,1296.3079502741607,-1375.3554708776364,3230.58420136674,W00989
2452767,2453169,-1375.3554708776364,3230.58420136674,-1369.0198339983065,1373.3405910290935,W00989
2483038,2483607,-1369.0198339983065,1373.3405910290935,364.51883299847503,2132.201157540106,W00989
2567009,2567473,364.51883299847503,2132.201157540106,-543.4342390331508,1377.793344829783,W00989
2568514,2568944,-543.4342390331508,1377.793344829783,364.51883299847503,2132.201157540106,W00989
2623010,2623738,364.51883299847503,2132.201157540106,-1917.467610232194,723.2385361039151,W00989
