started_at,ended_at,start_x,start_y,end_x,end_y,bike_id
717817,718193,-2442.887945172962,16643.603343807346,-2436.511929751477,15648.368341777552,W00968
758551,758778,-2436.511929751477,15648.368341777552,-2615.0175673928293,16192.661834510429,W00968
