started_at,ended_at,start_x,start_y,end_x,end_y,bike_id
74107,74883,-1460.4567918220644,-308.2610377861307,-2089.96432566718,-2393.132530270474,W00944
117573,118315,-2089.96432566718,-2393.132530270474,-3698.003126530832,-668.4251368154823,W00944
1172511,1173216,-1450.058364987162,447.3904381419498,-1574.8166351441266,-1019.791939240589,W00944
1461073,1461599,-1574.8166351441266,-1019.791939240589,-922.0882966995912,-1354.416387375768,W00944
1499708,1500220,-922.0882966995912,-1354.416387375768,-2013.0446574339128,-225.7907524544684,W00944
1692878,1693803,-2013.0446574339128,-225.7907524544684,-3204.558176754409,-842.0157437416958,W00944
1696707,1697456,-3204.558176754409,-842.0157437416958,-543.4816018481092,-1377.793344829783,W00944
2144238,2144498,-2194.7092899865465,-1670.339269546311,-1557.6190541540952,-2536.900818615751,W00944
