started_at,ended_at,start_x,start_y,end_x,end_y,bike_id
37937,38233,1485.3831175752284,-2110.138983442487,2460.9950527066508,-2345.8220211371595,W00912
110364,110629,2460.9950527066508,-2345.8220211371595,1455.5224809928118,-2328.4562813133634,W00912
156080,156696,2326.262791090281,-622.2723436696831,594.6698529972505,511.5972467311889,W00912
198205,198764,594.6698529972505,511.5972467311889,1501.1850775340426,878.138708951707,W00912
231180,231957,1501.1850775340426,878.138708951707,2370.607497604895,4095.42030833954,W00912
240339,240738,2370.607497604895,4095.42030833954,2223.9957656844003,3304.7225521520945,W00912
291840,292400,2223.9957656844003,3304.7225521520945,1796.710145560574,852.6864867715699,W00912
312367,314458,1796.710145560574,852.6864867715699,1501.1850775340426,878.138708951707,W00912
314513,314749,1501.1850775340426,878.138708951707,1552.3696547911195,1465.178638172466,W00912
380864,381539,1552.3696547911195,1465.178638172466,975.0041157596628,-78.1458292047099,W00912
415845,417298,975.0041157596628,-78.1458292047099,363.25593041670027,347.31479646722295,W00912
464405,464707,363.25593041670027,347.31479646722295,-291.54855859263284,48.21707581085942,W00912
496013,496214,-561.0344106619514,10290.202714937715,-566.8482175815814,9928.527787463388,W00912
576312,579783,-566.8482175815814,9928.527787463388,-860.0530312968476,4418.244958901389,W00912
