started_at,ended_at,start_x,start_y,end_x,end_y,bike_id
721221,721450,-237.04301214767733,11045.389759563595,-559.106132691697,10827.527825537472,W00946
734853,735217,-559.106132691697,10827.527825537472,-1372.3172449005554,10894.886681094122,W00946
771533,772527,-1372.3172449005554,10894.886681094122,-2449.860469178927,11339.939423490196,W00946
