started_at,ended_at,start_x,start_y,end_x,end_y,bike_id
390040,391773,-1796.0298137374746,-613.3668360683042,-828.1189483765718,-1030.4785483633511,W00954
391904,393859,-828.1189483765718,-1030.4785483633511,775.6805476381545,-616.1498071939328,W00954
393921,394951,775.6805476381545,-616.1498071939328,58.83935351161514,-58.66232969907673,W00954
402092,402873,58.83935351161514,-58.66232969907673,1209.3330173771565,210.72657362589345,W00954
407150,408075,1209.3330173771565,210.72657362589345,2720.0722272102257,-1324.9168934452116,W00954
652054,652566,2720.0722272102257,-1324.9168934452116,4162.254879813961,-371.3596669912623,W00954
670562,671971,4162.254879813961,-371.3596669912623,2436.294534689336,-59.66690093113685,W00954
720555,721720,2436.294534689336,-59.66690093113685,-355.6398425470696,5.231985716245127,W00954
763072,763966,-355.6398425470696,5.231985716245127,2401.465017575836,547.920497299106,W00954
809133,809955,2401.465017575836,547.920497299106,58.03875561149759,1969.2303684296523,W00954
810358,810957,58.03875561149759,1969.2303684296523,-1371.3067196627298,1590.7462953568122,W00954
811087,811623,-1371.3067196627298,1590.7462953568122,-2250.9703201658835,124.14651452321117,W00954
831544,832555,-2250.9703201658835,124.14651452321117,58.03875561149759,1969.2303684296523,W00954
835112,836391,58.03875561149759,1969.2303684296523,-4111.364334099719,2757.4791100264806,W00954
1012563,1013388,-4111.364334099719,2757.4791100264806,-1898.042090010421,1235.0825855127032,W00954
1016016,1017765,-1898.042090010421,1235.0825855127032,-205.00537057100192,-1933.6083380225548,W00954
1023045,1023302,-205.00537057100192,-1933.6083380225548,435.06300640745945,-2350.107796669948,W00954
1063787,1064317,435.06300640745945,-2350.107796669948,486.9182756857461,-814.3530107541019,W00954
1064352,1065561,486.9182756857461,-814.3530107541019,-1638.1066826638655,807.8338760203944,W00954
