started_at,ended_at,start_x,start_y,end_x,end_y,bike_id
1872799,1873941,-2194.889224699188,1823.9592756756335,-1360.182448193738,3399.343570419514,W00976
1874510,1874933,-1360.182448193738,3399.343570419514,-2194.4774136437,1670.339269546311,W00976
1878649,1880106,-2194.4774136437,1670.339269546311,-1891.2395552395976,-909.029688445473,W00976
1880131,1881348,-1891.2395552395976,-909.029688445473,-2194.4774136437,1670.339269546311,W00976
2436737,2437328,1017.9191426354972,2436.9921552089254,-1553.745244797235,1509.7618356025214,W00976
2458834,2469439,-1553.745244797235,1509.7618356025214,-1460.4283175020964,308.2610377861307,W00976
2483614,2485785,-1460.4283175020964,308.2610377861307,-1460.4283175020964,308.2610377861307,W00976
