started_at,ended_at,start_x,start_y,end_x,end_y,bike_id
1852500,1852929,-27069.508986941444,5220.519874971101,-27069.508986941444,5220.519874971101,W00979
