started_at,ended_at,start_x,start_y,end_x,end_y,bike_id
60012,60242,-1893.9180927095776,1322.3565600090635,-1917.467610232194,723.2385361039151,W00985
220609,221134,-1893.9180927095776,1322.3565600090635,-1620.0792206913457,3013.067178195072,W00985
221700,222753,-1620.0792206913457,3013.067178195072,-3262.531070247399,360.3391013342791,W00985
237994,239708,-3262.531070247399,360.3391013342791,-493.3014109226975,113.54792354855924,W00985
340184,347228,-493.3014109226975,113.54792354855924,1244.6201406197797,1024.896740019206,W00985
506648,507215,1244.6201406197797,1024.896740019206,1372.896741032668,2539.6281303190094,W00985
580623,581806,1372.896741032668,2539.6281303190094,1399.084123210781,-702.1992743957761,W00985
651667,652177,1399.084123210781,-702.1992743957761,1845.807450034228,-698.5257525098514,W00985
655326,656266,1845.807450034228,-698.5257525098514,3861.339855126864,1821.955536465561,W00985
1112647,1114316,3861.339855126864,1821.955536465561,3861.339855126864,1821.955536465561,W00985
1346458,1347698,3861.339855126864,1821.955536465561,2913.10373776828,461.9732068385355,W00985
1447172,1447535,2913.10373776828,461.9732068385355,1849.37095562868,720.130750546742,W00985
1590494,1591842,-1450.099395056315,-447.3904381419498,422.87264992317904,94.06442404292608,W00985
