started_at,ended_at,start_x,start_y,end_x,end_y,bike_id
390040,391773,-2348.210150806419,-441.1565828206682,-1380.3033083701418,-858.2682951157151,W00954
391904,393859,-1380.3033083701418,-858.2682951157151,223.52812242238716,-443.9395539462969,W00954
393921,394951,223.52812242238716,-443.9395539462969,-493.3014109226975,113.54792354855924,W00954
402092,402873,-493.3014109226975,113.54792354855924,657.2141925881731,382.9368268735295,W00954
407150,408075,657.2141925881731,382.9368268735295,2167.9162261026786,-1152.7066401975758,W00954
652054,652566,2167.9162261026786,-1152.7066401975758,3610.147888427871,-199.14941374362635,W00954
670562,671971,3610.147888427871,-199.14941374362635,1884.1796308376872,112.54335231649912,W00954
720555,721720,1884.1796308376872,112.54335231649912,-907.7828902857132,177.44223896388112,W00954
763072,763966,-907.7828902857132,177.44223896388112,1849.37095562868,720.130750546742,W00954
809133,809955,1849.37095562868,720.130750546742,-494.03119251583706,2141.440621677288,W00954
810358,810957,-494.03119251583706,2141.440621677288,-1923.405460375761,1762.9565486044485,W00954
811087,811623,-1923.405460375761,1762.9565486044485,-2803.1298600936816,296.3567677708471,W00954
831544,832555,-2803.1298600936816,296.3567677708471,-494.03119251583706,2141.440621677288,W00954
1016016,1017765,-2450.1589905827414,1407.2928387603392,-757.2144788708657,-1761.398084774919,W00954
1023045,1023302,-757.2144788708657,-1761.398084774919,-117.15367456973772,-2177.897543422312,W00954
1063787,1064317,-117.15367456973772,-2177.897543422312,-65.24421585664805,-642.142757506466,W00954
1064352,1065561,-65.24421585664805,-642.142757506466,-2190.235672060508,980.0441292680304,W00954
