started_at,ended_at,start_x,start_y,end_x,end_y,bike_id
2488338,2489507,-16872.969694480304,2964.086886385906,-16872.969694480304,2964.086886385906,W00923
2622520,2623920,-16872.969694480304,2964.086886385906,-17799.473239799405,-1670.895863771595,W00923
