started_at,ended_at,start_x,start_y,end_x,end_y,bike_id
1721144,1721401,-810.2158349534978,3422.163933649827,-80.1058961165534,3374.191707505921,W00992
1762142,1764149,-80.1058961165534,3374.191707505921,-828.1189483765718,-1030.4785483633511,W00992
1795616,1796019,-810.2158349534978,3422.163933649827,-80.1058961165534,3374.191707505921,W00992
2013671,2013935,-80.1058961165534,3374.191707505921,58.03875561149759,1969.2303684296523,W00992
2095773,2096457,58.03875561149759,1969.2303684296523,-2444.2745727179054,439.1528436098043,W00992
2145743,2146483,-2444.2745727179054,439.1528436098043,58.03875561149759,1969.2303684296523,W00992
2199865,2200023,58.03875561149759,1969.2303684296523,-359.9313181814267,1775.6468969372831,W00992
2205589,2205750,-359.9313181814267,1775.6468969372831,58.03875561149759,1969.2303684296523,W00992
