started_at,ended_at,start_x,start_y,end_x,end_y,bike_id
665161,667508,-1516.5299053546212,-10540.336159701374,-4526.921780003816,-5547.352003953887,W00928
1621536,1622745,-4526.921780003816,-5547.352003953887,-2397.860313486188,-5988.397267929024,W00928
2300304,2301213,-2397.860313486188,-5988.397267929024,-1442.0390538905754,-3649.143058648157,W00928
2308094,2308985,-1442.0390538905754,-3649.143058648157,-2397.860313486188,-5988.397267929024,W00928
2388028,2388831,-2397.860313486188,-5988.397267929024,-1442.0390538905754,-3649.143058648157,W00928
2466604,2468210,-1442.0390538905754,-3649.143058648157,-6177.923519382058,-6685.1419189182825,W00928
2474895,2477406,-6177.923519382058,-6685.1419189182825,-6177.923519382058,-6685.1419189182825,W00928
