started_at,ended_at,start_x,start_y,end_x,end_y,bike_id
37937,38233,933.1862516873412,-1937.9287301948511,1908.8005800872415,-2173.611767889524,W00912
110364,110629,1908.8005800872415,-2173.611767889524,903.3176669575872,-2156.246028065728,W00912
156080,156696,1774.1270397604533,-450.0620904220471,42.554840611112105,683.8074999788248,W00912
198205,198764,42.554840611112105,683.8074999788248,949.0927421968316,1050.348962199343,W00912
291840,292400,1671.9960725413196,3476.9328053997306,1244.6201406197797,1024.896740019206,W00912
312367,314458,1244.6201406197797,1024.896740019206,949.0927421968316,1050.348962199343,W00912
314513,314749,949.0927421968316,1050.348962199343,1000.298381636028,1637.3888914201018,W00912
380864,381539,1000.298381636028,1637.3888914201018,422.87264992317904,94.06442404292608,W00912
415845,417298,422.87264992317904,94.06442404292608,-188.8673402319529,519.5250497148589,W00912
464405,464707,-188.8673402319529,519.5250497148589,-843.6894071192287,220.42732905849545,W00912
