started_at,ended_at,start_x,start_y,end_x,end_y,bike_id
231223,232643,470.0445168883398,-1523.9549883433065,-1339.0478585909025,-1081.2399416931091,W00989
232666,233535,-1339.0478585909025,-1081.2399416931091,-2301.331649052671,-1063.874201870104,W00989
237061,238478,-2301.331649052671,-1063.874201870104,-1260.1040304636565,-2002.7373407811456,W00989
601501,602801,-1260.1040304636565,-2002.7373407811456,-1260.1040304636565,-2002.7373407811456,W00989
647685,651717,-1260.1040304636565,-2002.7373407811456,-272.30548829993654,-532.3267168924343,W00989
839176,839903,-4894.245267275494,5543.34452553295,-4320.698607587493,4126.700903789897,W00989
839942,840933,-4320.698607587493,4126.700903789897,-4111.364334099719,2757.4791100264806,W00989
1061570,1061809,-4111.364334099719,2757.4791100264806,-3926.68557703324,2074.092720440081,W00989
1070188,1070414,-3926.68557703324,2074.092720440081,-4457.1915994264655,1647.9416224841314,W00989
1077550,1078127,-4457.1915994264655,1647.9416224841314,-3662.680070837771,841.3478306724625,W00989
1084059,1084595,-3662.680070837771,841.3478306724625,-4457.1915994264655,1647.9416224841314,W00989
1101731,1103217,-4457.1915994264655,1647.9416224841314,8.662919362128497,1205.5830915821473,W00989
1249740,1250473,8.662919362128497,1205.5830915821473,-2240.045794021533,1289.517500728386,W00989
1255056,1257066,-2240.045794021533,1289.517500728386,1796.710145560574,852.6864867715699,W00989
1257445,1257695,1796.710145560574,852.6864867715699,2235.0447168684573,1124.0976970265244,W00989
2371504,2372817,2235.0447168684573,1124.0976970265244,-823.3139626658171,3058.373948119104,W00989
2452767,2453169,-823.3139626658171,3058.373948119104,-816.9135259411414,1201.1303377814577,W00989
2483038,2483607,-816.9135259411414,1201.1303377814577,916.579749438608,1959.9909042924703,W00989
2567009,2567473,916.579749438608,1959.9909042924703,8.662919362128497,1205.5830915821473,W00989
2568514,2568944,8.662919362128497,1205.5830915821473,916.579749438608,1959.9909042924703,W00989
2623010,2623738,916.579749438608,1959.9909042924703,-1365.3326241855143,551.0282828562791,W00989
