started_at,ended_at,start_x,start_y,end_x,end_y,bike_id
288124,289686,2465.531926494772,-3216.0014326701544,-828.866144832659,-38.85027691326964,W00915
292728,292888,-828.866144832659,-38.85027691326964,-824.4476227646819,-360.1164636447984,W00915
323436,324654,-824.4476227646819,-360.1164636447984,-3698.003126530832,668.4251368154823,W00915
335517,335750,-2259.8608310676686,2967.983045961312,-1375.6365913319034,3230.58420136674,W00915
368580,369385,-1375.6365913319034,3230.58420136674,-1154.4505748659533,447.5017569858993,W00915
409166,409724,-1154.4505748659533,447.5017569858993,-1890.8709195411147,645.4266634342174,W00915
411286,411885,-1890.8709195411147,645.4266634342174,-1890.8709195411147,645.4266634342174,W00915
463195,463930,-1620.3880588270645,3013.067178195072,-2925.498184966575,1006.3223589937804,W00915
