started_at,ended_at,start_x,start_y,end_x,end_y,bike_id
1789742,1790484,-2605.458566939792,1351.7447350956706,-3385.1977554195914,-114.65841037131248,W00909
1865673,1866083,-3385.1977554195914,-114.65841037131248,-4002.05809119474,-833.4441926753292,W00909
1877414,1878334,-4002.05809119474,-833.4441926753292,-4079.6854592920495,-1361.0955180768024,W00909
1878396,1880630,-4079.6854592920495,-1361.0955180768024,-4079.6854592920495,-1361.0955180768024,W00909
1948320,1948798,-4079.6854592920495,-1361.0955180768024,-3385.1977554195914,-114.65841037131248,W00909
2229350,2230252,-3385.1977554195914,-114.65841037131248,-929.4525001462196,-1038.6048240499654,W00909
2263026,2263616,-929.4525001462196,-1038.6048240499654,-2996.5410888062315,-611.3630968574403,W00909
