started_at,ended_at,start_x,start_y,end_x,end_y,bike_id
238999,241107,5456.55513304902,-3184.832156063746,2446.593637413394,-3911.855532899117,W00988
251169,251278,2446.593637413394,-3911.855532899117,2845.1923203050715,-3775.155991212256,W00988
353846,356993,2845.1923203050715,-3775.155991212256,4099.432113755236,-6015.670384959236,W00988
