started_at,ended_at,start_x,start_y,end_x,end_y,bike_id
40384,41323,-751.8934853725037,11307.54563958927,-1877.7008616093417,14201.735213701751,W00990
41363,42113,-1877.7008616093417,14201.735213701751,-2442.887945172962,16643.603343807346,W00990
989800,992736,-2442.887945172962,16643.603343807346,-2442.887945172962,16643.603343807346,W00990
