started_at,ended_at,start_x,start_y,end_x,end_y,bike_id
202124,203480,-919.4722224283496,3269.7684348142307,-2604.841974791065,587.31822633261,W00987
286701,286972,-1881.431886693912,2146.116013168249,-1890.7937293864395,645.4266634342174,W00987
307219,307819,-919.4722224283496,3269.7684348142307,-1893.9180927095776,1322.3565600090635,W00987
310304,310489,-1893.9180927095776,1322.3565600090635,-1923.405460375761,1762.9565486044485,W00987
321853,322275,-1923.405460375761,1762.9565486044485,-490.1426245460887,1831.862913672767,W00987
322347,322685,-490.1426245460887,1831.862913672767,364.51883299847503,2132.201157540106,W00987
325166,326561,364.51883299847503,2132.201157540106,-2311.895100954131,239.22419795062223,W00987
333167,334617,-2311.895100954131,239.22419795062223,1884.1796308376872,112.54335231649912,W00987
419946,420572,-2169.5321645165045,380.3764934373816,-1557.3691014905978,2536.900818615751,W00987
452833,453229,-1557.3691014905978,2536.900818615751,-2646.5254975806206,1031.0908020110053,W00987
500813,501193,-2646.5254975806206,1031.0908020110053,-3385.173206528012,114.65841037131248,W00987
553167,554008,-2259.436558225718,2967.9830459613117,-2259.436558225718,2967.9830459613117,W00987
561734,562432,-2259.436558225718,2967.9830459613117,-2089.6479554302955,2393.132530270474,W00987
574082,574306,-2089.6479554302955,2393.132530270474,-1351.952265455199,2402.817269788199,W00987
1875556,1876291,-1351.952265455199,2402.817269788199,-2259.436558225718,2967.9830459613117,W00987
1963714,1965003,-2259.436558225718,2967.9830459613117,104.65262178054566,350.0977675920606,W00987
2140885,2143324,104.65262178054566,350.0977675920606,104.65262178054566,350.0977675920606,W00987
