started_at,ended_at,start_x,start_y,end_x,end_y,bike_id
66078,66571,-2190.235672060508,980.0441292680304,-1557.3691014905978,2536.900818615751,W00941
114448,114883,-1557.3691014905978,2536.900818615751,-2450.1589905827414,1407.2928387603392,W00941
1105647,1106930,-1812.32704114666,-1830.5270875335093,903.3176669575872,-2156.246028065728,W00941
1169140,1170458,-2853.533219035006,-891.6639486224678,-2605.6813026458703,-1351.7447350956706,W00941
1193132,1194350,-2605.6813026458703,-1351.7447350956706,-2605.6813026458703,-1351.7447350956706,W00941
1254150,1257926,-2605.6813026458703,-1351.7447350956706,-2605.6813026458703,-1351.7447350956706,W00941
1258873,1261129,-2605.6813026458703,-1351.7447350956706,-454.372404106747,-1426.328361259987,W00941
1345407,1349541,-454.372404106747,-1426.328361259987,-1812.32704114666,-1830.5270875335093,W00941
1671048,1672929,-1812.32704114666,-1830.5270875335093,1836.676275980947,-1899.4334526018283,W00941
1775930,1780180,1836.676275980947,-1899.4334526018283,1836.676275980947,-1899.4334526018283,W00941
2194602,2196168,1836.676275980947,-1899.4334526018283,1836.676275980947,-1899.4334526018283,W00941
2290084,2290751,1836.676275980947,-1899.4334526018283,2852.98200490415,-995.5244310270688,W00941
2482821,2485875,2852.98200490415,-995.5244310270688,2852.98200490415,-995.5244310270688,W00941
2528201,2528710,2852.98200490415,-995.5244310270688,1259.9606745071096,-989.0679380163066,W00941
