started_at,ended_at,start_x,start_y,end_x,end_y,bike_id
2044108,2044719,-757.1301394926505,-1761.398084774919,1908.5382328576377,-2173.611767889524,W01055
2047400,2048818,1908.5382328576377,-2173.611767889524,-1993.883130108986,-3476.932805400522,W01055
2487021,2492047,-2605.1986538763904,-423.4568864618599,-2605.1986538763904,-423.4568864618599,W01055
