started_at,ended_at,start_x,start_y,end_x,end_y,bike_id
290056,290787,-912.0125818422052,1947.857150184919,-2169.5321645165045,380.3764934373816,W01049
322787,323702,-2169.5321645165045,380.3764934373816,-2104.020490588656,3097.446862721063,W01049
375925,376812,-2104.020490588656,3097.446862721063,-2013.015909685712,225.7907524544684,W01049
657402,667621,-794.7691416991337,2685.45581729673,-4001.84712299075,833.4441926753292,W01049
669334,670222,-4001.84712299075,833.4441926753292,-2469.43675410197,4.1187972648863145,W01049
674091,674295,-2469.43675410197,4.1187972648863145,-2170.059593926037,-306.3494614999309,W01049
755778,756333,-2170.059593926037,-306.3494614999309,-2811.4720009168905,-425.46062567272384,W01049
928139,929013,-2811.4720009168905,-425.46062567272384,-497.6852901437867,-1112.8544936800606,W01049
933798,934061,-497.6852901437867,-1112.8544936800606,-568.1726241532793,-1955.7830855160428,W01049
982607,983183,-568.1726241532793,-1955.7830855160428,903.3176669575872,-2156.246028065728,W01049
1004358,1004985,903.3176669575872,-2156.246028065728,903.3176669575872,-2156.246028065728,W01049
1013151,1014036,903.3176669575872,-2156.246028065728,1567.3781020660113,742.3616437789719,W01049
1166932,1168409,-824.2637352862973,-1329.162363396306,-824.2637352862973,-1329.162363396306,W01049
1173288,1174678,-824.2637352862973,-1329.162363396306,-2853.533219035006,-891.6639486224678,W01049
1259062,1259858,-2853.533219035006,-891.6639486224678,-2996.425218577444,611.3630968574403,W01049
1287390,1287935,-2996.425218577444,611.3630968574403,-2605.6813026458703,-1351.7447350956706,W01049
2309920,2314184,-1994.3215216154588,-3476.932805400522,-1994.3215216154588,-3476.932805400522,W01049
