started_at,ended_at,start_x,start_y,end_x,end_y,bike_id
1620995,1623107,-1380.3033083701418,-858.2682951157151,1247.2477587830729,3103.680718042345,W01094
1685391,1685693,-1555.445981478385,542.4818752125246,-2194.4774136437,1670.339269546311,W01094
2382128,2383203,-2104.020490588656,3097.446862721063,-1369.0198339983065,1373.3405910290935,W01094
2383999,2384779,-1369.0198339983065,1373.3405910290935,-1351.952265455199,2402.817269788199,W01094
