started_at,ended_at,start_x,start_y,end_x,end_y,bike_id
120277,120694,-3204.387511290492,842.0157437416958,-2450.1589905827414,1407.2928387603392,W01004
287046,287877,-2354.6709182688887,2716.8477315926184,-985.2325967772824,233.88089338963675,W01004
292344,292514,-985.2325967772824,233.88089338963675,-570.845296965312,382.6028703385173,W01004
830877,831310,-2450.1589905827414,1407.2928387603392,-1351.952265455199,2402.817269788199,W01004
900714,901625,1017.9191426354972,2436.9921552089254,-1031.196919700857,841.1251929813999,W01004
915843,916263,-1031.196919700857,841.1251929813999,-985.2325967772824,233.88089338963675,W01004
930739,930875,-985.2325967772824,233.88089338963675,-1367.2120777705156,238.8902414156101,W01004
931449,932237,-1367.2120777705156,238.8902414156101,-2925.311977241168,1006.3223589937804,W01004
943118,944796,-2925.311977241168,1006.3223589937804,1572.4295790921033,412.8815961838383,W01004
980905,981110,1572.4295790921033,412.8815961838383,1002.1298273174614,77.58923497942598,W01004
981457,981651,1002.1298273174614,77.58923497942598,1884.1796308376872,112.54335231649912,W01004
987019,990884,1884.1796308376872,112.54335231649912,-1450.099395056315,-447.3904381419498,W01004
1011779,1012480,-1450.099395056315,-447.3904381419498,-1557.3691014905978,2536.900818615751,W01004
1244363,1244574,-2925.311977241168,1006.3223589937804,-2808.1861045329406,513.9591074636016,W01004
1248450,1249882,-2808.1861045329406,513.9591074636016,-2434.4542367719587,2130.308737174774,W01004
1249897,1250395,-2434.4542367719587,2130.308737174774,-4079.334235838357,1361.0955180768024,W01004
1358423,1359439,-1592.754378936063,822.8132429757283,1244.6201406197797,1024.896740019206,W01004
1363588,1364145,1244.6201406197797,1024.896740019206,2882.7485871704607,1117.1959286344277,W01004
1611387,1618458,2882.7485871704607,1117.1959286344277,-3697.8467852525214,668.4251368154823,W01004
1858596,1860772,-1189.9480965767848,-1984.8150067328563,-1189.9480965767848,-1984.8150067328563,W01004
1864135,1864390,-1189.9480965767848,-1984.8150067328563,-1189.9480965767848,-1984.8150067328563,W01004
2211451,2213226,-65.24421585664805,-642.142757506466,-65.24421585664805,-642.142757506466,W01004
2223615,2223925,-65.24421585664805,-642.142757506466,-65.24421585664805,-642.142757506466,W01004
2315062,2316361,-65.24421585664805,-642.142757506466,-1051.840396051375,-834.0564463237743,W01004
