started_at,ended_at,start_x,start_y,end_x,end_y,bike_id
405042,406168,1744.9539641627885,6073.44486552504,264.6385109299633,6539.51169609528,W01042
454242,454916,264.6385109299633,6539.51169609528,1744.9539641627885,6073.44486552504,W01042
491455,492167,1744.9539641627885,6073.44486552504,264.6385109299633,6539.51169609528,W01042
559427,560001,264.6385109299633,6539.51169609528,-431.68621609472046,7071.97490536801,W01042
563927,564220,-431.68621609472046,7071.97490536801,-921.252917726416,7979.22349229289,W01042
