started_at,ended_at,start_x,start_y,end_x,end_y,bike_id
1171991,1173624,-1380.3033083701418,-858.2682951157151,236.3596737786456,-1033.5954760247828,W01043
1175035,1177888,236.3596737786456,-1033.5954760247828,-2853.533219035006,-891.6639486224678,W01043
1254562,1255583,-2853.533219035006,-891.6639486224678,-1380.3033083701418,-858.2682951157151,W01043
1258398,1259031,-1380.3033083701418,-858.2682951157151,-65.24421585664805,-642.142757506466,W01043
1269430,1269886,-65.24421585664805,-642.142757506466,-802.7521471361426,-996.414981787365,W01043
1780318,1783221,-802.7521471361426,-996.414981787365,-802.7521471361426,-996.414981787365,W01043
1861349,1868295,-802.7521471361426,-996.414981787365,-1051.840396051375,-834.0564463237743,W01043
1872004,1873594,-1051.840396051375,-834.0564463237743,-1051.840396051375,-834.0564463237743,W01043
1881542,1882653,-1051.840396051375,-834.0564463237743,949.0927421968316,1050.348962199343,W01043
1884798,1885095,949.0927421968316,1050.348962199343,1260.3648729942292,461.861887993795,W01043
1965136,1966631,1260.3648729942292,461.861887993795,-1351.952265455199,2402.817269788199,W01043
