started_at,ended_at,start_x,start_y,end_x,end_y,bike_id
1842729,1843453,-2697.90097961775,2998.9296848774475,-2172.35676658326,2509.7946798534413,W01081
1867038,1867488,-1352.1577779900822,2402.817269788199,-1386.4663022827554,1072.7797094714829,W01081
1874875,1875675,-1386.4663022827554,1072.7797094714829,-2853.3723100320794,-891.6639486224678,W01081
2383620,2383937,-2019.097921527496,1083.449620274128,-2892.402588299826,-17.69969635880834,W01081
