started_at,ended_at,start_x,start_y,end_x,end_y,bike_id
58244,58429,-2906.0520040511774,3041.230845985579,-2259.436558225718,2967.9830459613117,W01067
110395,111369,-2259.436558225718,2967.9830459613117,-1555.445981478385,542.4818752125246,W01067
201218,202567,-1557.3691014905978,2536.900818615751,422.87264992317904,94.06442404292608,W01067
290127,291076,1774.1270397604533,-450.0620904220471,-985.2325967772824,233.88089338963675,W01067
324060,325016,-985.2325967772824,233.88089338963675,1399.084123210781,-702.1992743957761,W01067
367878,368153,1399.084123210781,-702.1992743957761,912.5376302209072,-1263.1349344592616,W01067
374521,374760,912.5376302209072,-1263.1349344592616,1365.6807727435448,-2172.053304059203,W01067
497563,498426,1365.6807727435448,-2172.053304059203,1111.6181164467437,379.2633049876047,W01067
650129,650465,1111.6181164467437,379.2633049876047,949.0927421968316,1050.348962199343,W01067
661348,661918,949.0927421968316,1050.348962199343,2882.7485871704607,1117.1959286344277,W01067
711612,712053,2882.7485871704607,1117.1959286344277,1244.6201406197797,1024.896740019206,W01067
721296,722174,1244.6201406197797,1024.896740019206,-2190.235672060508,980.0441292680304,W01067
731088,732070,-1881.431886693912,2146.116013168249,1120.6795998258754,2058.068864235805,W01067
812410,813997,1120.6795998258754,2058.068864235805,223.52812242238716,-443.9395539462969,W01067
850492,851326,223.52812242238716,-443.9395539462969,-1574.715056457654,1019.791939240589,W01067
922815,923346,-1574.715056457654,1019.791939240589,-1557.3691014905978,2536.900818615751,W01067
1004587,1005311,-2417.219257666417,1540.3188585612754,-494.03119251583706,2141.440621677288,W01067
1070244,1071290,-2354.6709182688887,2716.8477315926184,364.51883299847503,2132.201157540106,W01067
1072064,1072856,364.51883299847503,2132.201157540106,422.87264992317904,94.06442404292608,W01067
1265523,1265800,1774.1270397604533,-450.0620904220471,1002.1298273174614,77.58923497942598,W01067
1317162,1317753,1002.1298273174614,77.58923497942598,1365.6807727435448,-2172.053304059203,W01067
1342980,1343329,1365.6807727435448,-2172.053304059203,-117.15367456973772,-2177.897543422312,W01067
1345830,1346063,-117.15367456973772,-2177.897543422312,-104.30822423996608,-1101.0580053229169,W01067
1928472,1929138,-104.30822423996608,-1101.0580053229169,657.2141925881731,382.9368268735295,W01067
