started_at,ended_at,start_x,start_y,end_x,end_y,bike_id
113210,113761,-497.6502651030011,-1112.8544936800606,-907.7930782432848,177.44223896388112,W01164
124436,125080,-794.9041712895468,2685.45581729673,357.9835377213828,1378.1273013647951,W01164
126644,127067,357.9835377213828,1378.1273013647951,572.5850899284466,131.6901936600965,W01164
