started_at,ended_at,start_x,start_y,end_x,end_y,bike_id
146946,147466,1661.0597938622689,-2394.4683564113134,470.0445168883398,-1523.9549883433065,W01199
231229,232646,470.0445168883398,-1523.9549883433065,-1339.0478585909025,-1081.2399416931091,W01199
232712,233537,-1339.0478585909025,-1081.2399416931091,-2301.331649052671,-1063.874201870104,W01199
234387,235207,-2301.331649052671,-1063.874201870104,-499.66045855245335,-1006.2666995714102,W01199
243588,244685,-499.66045855245335,-1006.2666995714102,-2301.331649052671,-1063.874201870104,W01199
244949,245982,-2301.331649052671,-1063.874201870104,-499.66045855245335,-1006.2666995714102,W01199
583008,583834,-499.66045855245335,-1006.2666995714102,1951.2327644420184,-874.409527643412,W01199
586034,586309,1951.2327644420184,-874.409527643412,2601.443031220058,-181.449717384818,W01199
633880,635403,2601.443031220058,-181.449717384818,2258.2481205983354,-1208.700019242788,W01199
725664,726437,2258.2481205983354,-1208.700019242788,-291.54855859263284,48.21707581085942,W01199
817214,817738,-80.1058961165534,3374.191707505921,-810.2158349534978,3422.163933649827,W01199
824344,826688,-810.2158349534978,3422.163933649827,2223.9957656844003,3304.7225521520945,W01199
1013666,1013995,2223.9957656844003,3304.7225521520945,2596.793129117454,3863.209197624172,W01199
1016039,1016266,2596.793129117454,3863.209197624172,3754.99291463305,3909.517837153241,W01199
1182609,1183225,-367.4370509722781,3097.5581815665946,-1642.372485044098,1498.1290162986752,W01199
1695471,1697280,-1135.4390937110154,3149.8780387266734,-1865.1073615998864,1368.1086053136396,W01199
1735584,1736111,-1865.1073615998864,1368.1086053136396,-1068.027447763776,2840.856924947436,W01199
1751929,1752369,-1068.027447763776,2840.856924947436,-2094.393320151142,858.8805487633692,W01199
1771577,1773082,-2094.393320151142,858.8805487633692,-2301.331649052671,-1063.874201870104,W01199
