started_at,ended_at,start_x,start_y,end_x,end_y,bike_id
140980,141394,2842.538526966029,2153.0177815595557,2537.13450151344,831.4404534644652,W01140
142248,143318,2537.13450151344,831.4404534644652,-500.12939426980034,1054.6347377329218,W01140
147017,147336,-500.12939426980034,1054.6347377329218,357.95233295209937,1378.1273013647951,W01140
233610,234287,-2434.4542367719587,2130.308737174774,357.95233295209937,1378.1273013647951,W01140
239266,239794,357.95233295209937,1378.1273013647951,-570.845296965312,382.6028703385173,W01140
248848,249888,-570.845296965312,382.6028703385173,491.4143385422106,-2930.0207841319307,W01140
584406,585625,491.4143385422106,-2930.0207841319307,1002.1298273174614,77.58923497942598,W01140
729105,729566,98.47671969768471,1232.2751862723885,-1386.3722255965383,1072.7797094714829,W01140
820113,820494,-1687.4808070499614,3322.088291974309,-2194.889224699188,1823.9592756756335,W01140
835361,835784,-2194.889224699188,1823.9592756756335,-2287.4332348769594,449.3941773512319,W01140
844510,845194,-2287.4332348769594,449.3941773512319,-1369.0198339983065,1373.3405910290935,W01140
850340,852861,-1369.0198339983065,1373.3405910290935,-824.2637352862973,-1329.162363396306,W01140
919812,920149,-824.2637352862973,-1329.162363396306,-1189.9480965767848,-1984.8150067328563,W01140
1169671,1170079,-1189.9480965767848,-1984.8150067328563,-757.2144788708657,-1761.398084774919,W01140
1171899,1173005,-757.2144788708657,-1761.398084774919,-101.53103449587984,1825.183782970942,W01140
1176093,1176951,-101.53103449587984,1825.183782970942,1682.9689672611153,1296.3079502741607,W01140
1265215,1266389,1682.9689672611153,1296.3079502741607,-570.845296965312,382.6028703385173,W01140
1267067,1267508,-570.845296965312,382.6028703385173,-1460.4283175020964,308.2610377861307,W01140
1268998,1269757,-1460.4283175020964,308.2610377861307,-2417.219257666417,1540.3188585612754,W01140
1386339,1386612,-2354.6709182688887,2716.8477315926184,-2417.219257666417,1540.3188585612754,W01140
1626896,1627289,-2354.6709182688887,2716.8477315926184,-2594.876311980931,495.12537678995767,W01140
2026438,2026823,-101.53103449587984,1825.183782970942,-188.8673402319529,519.5250497148589,W01140
2138359,2138570,-188.8673402319529,519.5250497148589,380.2384601627839,455.8506703619942,W01140
