started_at,ended_at,start_x,start_y,end_x,end_y,bike_id
110958,111329,753.3851724438222,2085.781199166297,-490.1426245460887,1831.862913672767,W01122
115579,116386,-490.1426245460887,1831.862913672767,-1917.467610232194,723.2385361039151,W01122
134930,135259,-1917.467610232194,723.2385361039151,-2524.594292383785,1823.5140002958813,W01122
138911,140062,-2524.594292383785,1823.5140002958813,-1917.467610232194,723.2385361039151,W01122
147864,148561,-1917.467610232194,723.2385361039151,1002.1298273174614,77.58923497942598,W01122
290919,291461,-490.1426245460887,1831.862913672767,-919.4722224283496,3269.7684348142307,W01122
293121,293837,-919.4722224283496,3269.7684348142307,-2524.594292383785,1823.5140002958813,W01122
293952,294588,-2524.594292383785,1823.5140002958813,-2808.1861045329406,513.9591074636016,W01122
326986,328054,-2808.1861045329406,513.9591074636016,-568.1726241532793,-1955.7830855160428,W01122
383749,387678,-568.1726241532793,-1955.7830855160428,-117.15367456973772,-2177.897543422312,W01122
398052,399043,-117.15367456973772,-2177.897543422312,-570.845296965312,382.6028703385173,W01122
399093,403556,-570.845296965312,382.6028703385173,-493.3014109226975,113.54792354855924,W01122
663541,664760,-1008.4935812659144,2284.707975219652,-3385.173206528012,114.65841037131248,W01122
838374,838592,-3385.173206528012,114.65841037131248,-2808.1861045329406,513.9591074636016,W01122
842417,843100,-2808.1861045329406,513.9591074636016,-4214.829945059849,1013.5580839200984,W01122
925531,926717,-4214.829945059849,1013.5580839200984,-2906.0520040511774,3041.230845985579,W01122
983354,983720,-3060.847950466069,3019.634990051365,-2434.4542367719587,2130.308737174774,W01122
987805,988192,-2434.4542367719587,2130.308737174774,-2925.311977241168,1006.3223589937804,W01122
990234,991542,-2925.311977241168,1006.3223589937804,-1462.7862234637655,22.472351936458256,W01122
992874,994172,-1462.7862234637655,22.472351936458256,236.3596737786456,-1033.5954760247828,W01122
1012799,1016457,236.3596737786456,-1033.5954760247828,935.5683550562323,-2444.89579320685,W01122
2483570,2486862,3430.750056568192,-741.7174643782791,2167.9162261026786,-1152.7066401975758,W01122
2558855,2559130,2167.9162261026786,-1152.7066401975758,2625.1536130326635,-1776.9827230781227,W01122
2559745,2559986,2625.1536130326635,-1776.9827230781227,2167.9162261026786,-1152.7066401975758,W01122
2567242,2567452,2167.9162261026786,-1152.7066401975758,1774.1270397604533,-450.0620904220471,W01122
