started_at,ended_at,start_x,start_y,end_x,end_y,bike_id
470551,470876,1774.1270397604533,-450.0620904220471,572.5803208358176,131.6901936600965,W01125
565860,566738,572.5803208358176,131.6901936600965,-117.15367456973772,-2177.897543422312,W01125
567975,569296,-117.15367456973772,-2177.897543422312,-3697.8467852525214,668.4251368154823,W01125
660230,661865,-2605.6813026458703,-1351.7447350956706,-2605.6813026458703,-1351.7447350956706,W01125
663223,664065,-2605.6813026458703,-1351.7447350956706,-1380.3033083701418,-858.2682951157151,W01125
664153,665029,-1380.3033083701418,-858.2682951157151,-188.8673402319529,519.5250497148589,W01125
690333,690725,-188.8673402319529,519.5250497148589,949.0927421968316,1050.348962199343,W01125
720139,721094,949.0927421968316,1050.348962199343,-497.6852901437867,-1112.8544936800606,W01125
760754,762315,-497.6852901437867,-1112.8544936800606,-2853.533219035006,-891.6639486224678,W01125
774734,776545,-2853.533219035006,-891.6639486224678,-104.30822423996608,-1101.0580053229169,W01125
839347,839877,-104.30822423996608,-1101.0580053229169,1002.1298273174614,77.58923497942598,W01125
840021,840245,1002.1298273174614,77.58923497942598,1572.4295790921033,412.8815961838383,W01125
896247,896888,1572.4295790921033,412.8815961838383,-500.12939426980034,1054.6347377329218,W01125
922860,923740,-500.12939426980034,1054.6347377329218,-802.7521471361426,-996.414981787365,W01125
1006941,1007820,-802.7521471361426,-996.414981787365,1002.1298273174614,77.58923497942598,W01125
1008184,1008472,1002.1298273174614,77.58923497942598,1260.3648729942292,461.861887993795,W01125
1063247,1063846,-814.5374629822909,2330.682658213708,-842.3452252522125,683.1637518961281,W01125
1098734,1099340,-842.3452252522125,683.1637518961281,-757.2144788708657,-1761.398084774919,W01125
1669011,1670507,-1687.4808070499614,3322.088291974309,-1687.4808070499614,3322.088291974309,W01125
1690044,1690700,-1687.4808070499614,3322.088291974309,-1553.745244797235,1509.7618356025214,W01125
1775829,1777526,-3060.847950466069,3019.634990051365,-2605.6813026458703,-1351.7447350956706,W01125
