started_at,ended_at,start_x,start_y,end_x,end_y,bike_id
320905,321460,-929.3914426548988,1038.6048240499654,-2194.889224699188,1823.9592756756335,W01147
338847,339470,-2194.889224699188,1823.9592756756335,-1008.4935812659144,2284.707975219652,W01147
378023,378504,-1008.4935812659144,2284.707975219652,-843.6894071192287,220.42732905849545,W01147
722523,723945,259.6198942404481,1818.615971114648,-3499.0812210478525,986.6189234248992,W01147
739425,740208,-3499.0812210478525,986.6189234248992,-2996.425218577444,611.3630968574403,W01147
752543,753063,-2996.425218577444,611.3630968574403,-1923.405460375761,1762.9565486044485,W01147
759872,760192,-1923.405460375761,1762.9565486044485,-2172.0118915123644,2509.7946798534413,W01147
782742,783758,-2172.0118915123644,2509.7946798534413,-1351.952265455199,2402.817269788199,W01147
811210,812085,-1351.952265455199,2402.817269788199,-2248.5703681191844,832.4674209813991,W01147
816355,816674,-2248.5703681191844,832.4674209813991,-1574.715056457654,1019.791939240589,W01147
840281,841097,-1574.715056457654,1019.791939240589,-188.8673402319529,519.5250497148589,W01147
855549,856131,-188.8673402319529,519.5250497148589,-1553.745244797235,1509.7618356025214,W01147
858635,858860,-1553.745244797235,1509.7618356025214,-1557.3691014905978,2536.900818615751,W01147
893051,893580,-1557.3691014905978,2536.900818615751,-1555.445981478385,542.4818752125246,W01147
926256,926630,-1687.4808070499614,3322.088291974309,-1881.431886693912,2146.116013168249,W01147
978818,980394,-1881.431886693912,2146.116013168249,903.3176669575872,-2156.246028065728,W01147
1099290,1099998,903.3176669575872,-2156.246028065728,-757.2144788708657,-1761.398084774919,W01147
