started_at,ended_at,start_x,start_y,end_x,end_y,bike_id
234639,237910,-637.7264760323915,-2157.025259980492,-637.7264760323915,-2157.025259980492,W01169
556815,557225,1744.9539641627885,6073.44486552504,871.3991980230749,5987.395398323987,W01169
723354,723647,871.3991980230749,5987.395398323987,1744.9539641627885,6073.44486552504,W01169
746398,746662,1744.9539641627885,6073.44486552504,1786.632226663973,6640.503062064276,W01169
836403,836556,1786.632226663973,6640.503062064276,2333.6103339647016,7116.279805686214,W01169
