started_at,ended_at,start_x,start_y,end_x,end_y,bike_id
719889,720278,-1687.4808070499614,3322.088291974309,-1351.952265455199,2402.817269788199,W01182
722412,722844,-1351.952265455199,2402.817269788199,-1893.9180927095776,1322.3565600090635,W01182
839956,841177,-1893.9180927095776,1322.3565600090635,-794.7691416991337,2685.45581729673,W01182
847110,847697,-794.7691416991337,2685.45581729673,-570.845296965312,382.6028703385173,W01182
852764,853631,-570.845296965312,382.6028703385173,-1557.3691014905978,2536.900818615751,W01182
887376,887661,-1557.3691014905978,2536.900818615751,-2194.4774136437,1670.339269546311,W01182
893156,893672,-2194.4774136437,1670.339269546311,-2892.405826201766,-17.69969635880834,W01182
929439,929587,-2892.405826201766,-17.69969635880834,-2808.1861045329406,513.9591074636016,W01182
929865,930192,-2808.1861045329406,513.9591074636016,-2013.015909685712,225.7907524544684,W01182
982360,983048,-2172.0118915123644,2509.7946798534413,-2925.311977241168,1006.3223589937804,W01182
1091871,1092261,-4001.84712299075,833.4441926753292,-2803.1298600936816,296.3567677708471,W01182
1101908,1102479,-2803.1298600936816,296.3567677708471,-2853.533219035006,-891.6639486224678,W01182
