started_at,ended_at,start_x,start_y,end_x,end_y,bike_id
36624,37449,2873.9839282869875,-707.4312601120213,2842.538526966029,2153.0177815595557,W01149
62111,62354,2842.538526966029,2153.0177815595557,2571.547269369305,1244.656006184107,W01149
229546,230257,2842.538526966029,2153.0177815595557,949.0927421968316,1050.348962199343,W01149
234333,235542,949.0927421968316,1050.348962199343,-2451.030497734943,814.965264401756,W01149
236151,236463,-2451.030497734943,814.965264401756,-1890.7937293864395,645.4266634342174,W01149
237055,237299,-1890.7937293864395,645.4266634342174,-1893.9180927095776,1322.3565600090635,W01149
281510,281723,-1893.9180927095776,1322.3565600090635,-1917.467610232194,723.2385361039151,W01149
287551,287954,-1917.467610232194,723.2385361039151,-2480.55393373072,-171.54234017840264,W01149
324466,325495,-2480.55393373072,-171.54234017840264,351.2753779368917,-2232.165480370884,W01149
378780,379078,351.2753779368917,-2232.165480370884,-568.1726241532793,-1955.7830855160428,W01149
409058,410165,-568.1726241532793,-1955.7830855160428,-568.1726241532793,-1955.7830855160428,W01149
1077092,1077522,-1687.4808070499614,3322.088291974309,-1923.405460375761,1762.9565486044485,W01149
1082843,1082995,-1923.405460375761,1762.9565486044485,-2194.889224699188,1823.9592756756335,W01149
1087409,1087734,-2194.889224699188,1823.9592756756335,-2190.235672060508,980.0441292680304,W01149
1105832,1106532,-2190.235672060508,980.0441292680304,-1333.1244526763924,2761.931863826379,W01149
1161976,1162319,-1333.1244526763924,2761.931863826379,-1687.4808070499614,3322.088291974309,W01149
1167469,1167728,-1687.4808070499614,3322.088291974309,-1333.1244526763924,2761.931863826379,W01149
1168423,1169351,-1333.1244526763924,2761.931863826379,-3499.0812210478525,986.6189234248992,W01149
