started_at,ended_at,start_x,start_y,end_x,end_y,bike_id
113210,113761,-497.6852901437867,-1112.8544936800606,-907.7828902857132,177.44223896388112,W01164
124436,125080,-794.7691416991337,2685.45581729673,357.95233295209937,1378.1273013647951,W01164
126644,127067,357.95233295209937,1378.1273013647951,572.5803208358176,131.6901936600965,W01164
