started_at,ended_at,start_x,start_y,end_x,end_y,bike_id
1784906,1786434,-824.4664002727116,-360.1164636447984,2625.1536130326635,-1776.9827230781227,W01171
1861884,1862487,2625.1536130326635,-1776.9827230781227,3430.750056568192,-741.7174643782791,W01171
1874740,1875521,3430.750056568192,-741.7174643782791,3280.834815674903,631.4004889613337,W01171
2224307,2224696,3280.834815674903,631.4004889613337,4215.109312018323,-34.31086097147756,W01171
2365282,2366179,4215.109312018323,-34.31086097147756,2285.373851356912,-1533.30577132602,W01171
