started_at,ended_at,start_x,start_y,end_x,end_y,bike_id
1101886,1103109,3832.9163838716586,459.19023571369775,2388.861960030208,-2071.6437058494644,W01175
1768297,1771502,2596.793129117454,3863.209197624172,4413.373510244691,1649.7452832179245,W01175
1774746,1775821,4413.373510244691,1649.7452832179245,3052.8497049862785,-331.5075204737472,W01175
1844576,1845802,3052.8497049862785,-331.5075204737472,-272.0689885867906,-1501.372616643942,W01175
2484083,2487377,-272.0689885867906,-1501.372616643942,435.06300640745945,-2350.107796669948,W01175
2549672,2551378,435.06300640745945,-2350.107796669948,435.06300640745945,-2350.107796669948,W01175
