started_at,ended_at,start_x,start_y,end_x,end_y,bike_id
254235,255105,-6955.684337452492,-1672.2316899124346,-9739.103603760188,-1872.1603355708255,W01291
288076,288713,-9739.103603760188,-1872.1603355708255,-7702.658475204281,-1866.3717556292968,W01291
325290,325556,-7702.658475204281,-1866.3717556292968,-8476.710496197149,-2108.3789247063387,W01291
404902,406287,-8476.710496197149,-2108.3789247063387,-11358.05766519392,-2195.7642180482303,W01291
462210,462388,-11358.05766519392,-2195.7642180482303,-11571.843862945265,-1390.2766539863078,W01291
467718,468142,-11571.843862945265,-1390.2766539863078,-12750.84981053476,-1676.9070814033955,W01291
1339190,1339476,-12750.84981053476,-1676.9070814033955,-11571.843862945265,-1390.2766539863078,W01291
1618223,1618610,-11571.843862945265,-1390.2766539863078,-10349.243394335324,-1309.332255142008,W01291
