started_at,ended_at,start_x,start_y,end_x,end_y,bike_id
489895,491889,-559.106132691697,10827.527825537472,-559.106132691697,10827.527825537472,W01232
567419,568160,-559.106132691697,10827.527825537472,-237.04301214767733,11045.389759563595,W01232
568192,569081,-237.04301214767733,11045.389759563595,-237.04301214767733,11045.389759563595,W01232
569486,571017,-237.04301214767733,11045.389759563595,-88.65279001196733,11091.253123712122,W01232
758338,759843,-88.65279001196733,11091.253123712122,-2449.860469178927,11339.939423490196,W01232
