started_at,ended_at,start_x,start_y,end_x,end_y,bike_id
229016,229794,2285.373851356912,-1533.30577132602,1244.6201406197797,1024.896740019206,W01245
236854,237309,1244.6201406197797,1024.896740019206,2571.547269369305,1244.656006184107,W01245
298861,299629,2571.547269369305,1244.656006184107,1835.2706095118488,-1359.8153513599148,W01245
305779,306645,1835.2706095118488,-1359.8153513599148,-65.24421585664805,-642.142757506466,W01245
320810,321195,-65.24421585664805,-642.142757506466,-1450.099395056315,-447.3904381419498,W01245
324290,325231,-1450.099395056315,-447.3904381419498,-2018.959555819223,1083.449620274128,W01245
325596,326238,-2018.959555819223,1083.449620274128,-814.5374629822909,2330.682658213708,W01245
375808,376445,-814.5374629822909,2330.682658213708,-188.8673402319529,519.5250497148589,W01245
378091,379976,-188.8673402319529,519.5250497148589,-1386.3722255965383,1072.7797094714829,W01245
395606,396648,-1386.3722255965383,1072.7797094714829,-2434.4542367719587,2130.308737174774,W01245
396860,397054,-2434.4542367719587,2130.308737174774,-2089.6479554302955,2393.132530270474,W01245
397459,397897,-2089.6479554302955,2393.132530270474,-1553.745244797235,1509.7618356025214,W01245
460773,461609,-919.4722224283496,3269.7684348142307,-3034.094275550209,1150.702900985921,W01245
498910,499906,-3034.094275550209,1150.702900985921,-1031.196919700857,841.1251929813999,W01245
503279,503619,-1031.196919700857,841.1251929813999,-219.1862779950825,754.4078127095321,W01245
508488,509048,-219.1862779950825,754.4078127095321,-1386.3722255965383,1072.7797094714829,W01245
553802,554166,-1386.3722255965383,1072.7797094714829,-2792.164519531742,1461.727753976022,W01245
1331403,1331549,-3204.387511290492,842.0157437416958,-2451.030497734943,814.965264401756,W01245
1358500,1358732,-2451.030497734943,814.965264401756,-1917.467610232194,723.2385361039151,W01245
1487105,1488251,-1881.431886693912,2146.116013168249,-2170.059593926037,-306.3494614999309,W01245
1789963,1790507,-2170.059593926037,-306.3494614999309,-2450.1589905827414,1407.2928387603392,W01245
1938378,1939587,-2450.1589905827414,1407.2928387603392,1244.6201406197797,1024.896740019206,W01245
