started_at,ended_at,start_x,start_y,end_x,end_y,bike_id
754643,755056,1244.6201406197797,1024.896740019206,2571.547269369305,1244.656006184107,W01238
757257,757612,2571.547269369305,1244.656006184107,2842.538526966029,2153.0177815595557,W01238
769933,770738,2842.538526966029,2153.0177815595557,98.47671969768471,1232.2751862723885,W01238
806039,806679,98.47671969768471,1232.2751862723885,-1154.4178996069331,447.5017569858993,W01238
1277481,1278803,-1309.9813548408183,-194.6966599429369,1108.854912819232,-2222.2581031636773,W01238
1524721,1525385,1259.9606745071096,-989.0679380163066,-117.15367456973772,-2177.897543422312,W01238
1533405,1534672,-117.15367456973772,-2177.897543422312,2867.906680146335,-2550.6486959767835,W01238
1534893,1535938,2867.906680146335,-2550.6486959767835,4215.109312018323,-34.31086097147756,W01238
1536332,1536403,4215.109312018323,-34.31086097147756,4215.109312018323,-34.31086097147756,W01238
1536583,1538201,4215.109312018323,-34.31086097147756,933.1862516873412,-1937.9287301948511,W01238
1538651,1539026,933.1862516873412,-1937.9287301948511,-117.15367456973772,-2177.897543422312,W01238
1599778,1600747,-117.15367456973772,-2177.897543422312,-1051.840396051375,-834.0564463237743,W01238
1600792,1601712,-1051.840396051375,-834.0564463237743,-117.15367456973772,-2177.897543422312,W01238
1622012,1624653,-117.15367456973772,-2177.897543422312,-117.15367456973772,-2177.897543422312,W01238
1685217,1685656,-117.15367456973772,-2177.897543422312,-454.372404106747,-1426.328361259987,W01238
