started_at,ended_at,start_x,start_y,end_x,end_y,bike_id
157270,158548,-1865.1073615998864,1368.1086053136396,775.6805476381545,-616.1498071939328,W01271
238561,239378,775.6805476381545,-616.1498071939328,1552.3696547911195,1465.178638172466,W01271
284936,287403,1552.3696547911195,1465.178638172466,7419.901313215855,-876.6359045437569,W01271
493156,494077,7419.901313215855,-876.6359045437569,5436.444927875664,-140.9296577972785,W01271
494096,495655,5436.444927875664,-140.9296577972785,1552.3696547911195,1465.178638172466,W01271
644403,645020,1552.3696547911195,1465.178638172466,61.93809413467237,1659.6526604251312,W01271
653923,654931,61.93809413467237,1659.6526604251312,2235.0447168684573,1124.0976970265244,W01271
667526,667872,2235.0447168684573,1124.0976970265244,3123.615142939869,1072.4457529364704,W01271
670791,671225,3123.615142939869,1072.4457529364704,2124.537389012071,240.6713429362023,W01271
681853,682344,2124.537389012071,240.6713429362023,1672.7348669763114,1885.8586109881687,W01271
713138,713807,1672.7348669763114,1885.8586109881687,1554.255559250921,-94.62101826821,W01271
715550,716146,1554.255559250921,-94.62101826821,447.87071757646186,-1273.2682585705527,W01271
839117,841299,447.87071757646186,-1273.2682585705527,-3501.469604136133,-4292.009388647019,W01271
1087385,1088267,-3501.469604136133,-4292.009388647019,-3501.469604136133,-4292.009388647019,W01271
1102435,1103323,-3501.469604136133,-4292.009388647019,-3501.469604136133,-4292.009388647019,W01271
1615753,1621057,-3501.469604136133,-4292.009388647019,-3508.557329462188,-3818.570340770956,W01271
1855522,1861095,-3508.557329462188,-3818.570340770956,-3508.557329462188,-3818.570340770956,W01271
1969001,1969932,-3508.557329462188,-3818.570340770956,-2164.682050714061,-7599.180955388938,W01271
1972047,1973109,-2164.682050714061,-7599.180955388938,-3508.557329462188,-3818.570340770956,W01271
2472920,2474483,-3508.557329462188,-3818.570340770956,-4282.93758484372,-357.3334925191697,W01271
2474499,2476017,-4282.93758484372,-357.3334925191697,-6337.930813702574,2155.13283961516,W01271
2483252,2485840,-6337.930813702574,2155.13283961516,-2259.2871664561067,-597.6708789203599,W01271
2488722,2490696,-2259.2871664561067,-597.6708789203599,-355.6398425470696,5.231985716245127,W01271
