started_at,ended_at,start_x,start_y,end_x,end_y,bike_id
1786501,1787513,-2853.3723100320794,891.6639486224678,-1380.2283887746603,858.2682951157151,W01252
1862036,1863380,-2803.182402743171,-296.3567677708471,-2605.458566939792,1351.7447350956706,W01252
2485975,2486773,-919.6624414465116,-3269.7684348142307,364.56800198026895,-2132.201157540106,W01252
2561072,2562075,364.56800198026895,-2132.201157540106,-2287.4982534152964,-449.3941773512319,W01252
2562465,2563248,-2287.4982534152964,-449.3941773512319,-543.4816018481092,-1377.793344829783,W01252
2563949,2564465,-543.4816018481092,-1377.793344829783,364.56800198026895,-2132.201157540106,W01252
