started_at,ended_at,start_x,start_y,end_x,end_y,bike_id
669399,671127,-2348.210150806419,-441.1565828206682,1111.6181164467437,379.2633049876047,W01246
731997,732318,1111.6181164467437,379.2633049876047,422.87264992317904,94.06442404292608,W01246
743924,744770,422.87264992317904,94.06442404292608,-1475.6435123868507,638.6362138876518,W01246
744902,745142,-1475.6435123868507,638.6362138876518,-985.2325967772824,233.88089338963675,W01246
1167569,1169185,-2853.533219035006,-891.6639486224678,-1051.840396051375,-834.0564463237743,W01246
1169711,1177260,-1051.840396051375,-834.0564463237743,-2849.1118684293083,-636.9107717910118,W01246
1179390,1180159,-2849.1118684293083,-636.9107717910118,-3499.0812210478525,986.6189234248992,W01246
2233481,2235581,-2259.436558225718,2967.9830459613117,-2605.26842578739,-423.4568864618599,W01246
2386143,2387557,-2605.26842578739,-423.4568864618599,-2013.015909685712,225.7907524544684,W01246
