started_at,ended_at,start_x,start_y,end_x,end_y,bike_id
1167822,1168200,351.2753779368917,-2232.165480370884,933.1862516873412,-1937.9287301948511,W01263
1169937,1170480,933.1862516873412,-1937.9287301948511,1835.2706095118488,-1359.8153513599148,W01263
1176812,1180748,1835.2706095118488,-1359.8153513599148,-2853.533219035006,-891.6639486224678,W01263
1186489,1187772,-2853.533219035006,-891.6639486224678,-1462.7862234637655,22.472351936458256,W01263
1188175,1188859,-1462.7862234637655,22.472351936458256,-842.3452252522125,683.1637518961281,W01263
1275347,1276169,-2906.0520040511774,3041.230845985579,-2450.1589905827414,1407.2928387603392,W01263
1294502,1295187,-2450.1589905827414,1407.2928387603392,-1360.182448193738,3399.343570419514,W01263
1338273,1338687,-1360.182448193738,3399.343570419514,-1386.3722255965383,1072.7797094714829,W01263
1352090,1352665,-1386.3722255965383,1072.7797094714829,-584.2071226972812,-157.18220917050687,W01263
1595835,1600522,-1386.3722255965383,1072.7797094714829,-2605.26842578739,-423.4568864618599,W01263
1612970,1616249,-2605.26842578739,-423.4568864618599,-2605.26842578739,-423.4568864618599,W01263
