started_at,ended_at,start_x,start_y,end_x,end_y,bike_id
720847,722396,3610.102417495319,-199.14941374362635,-2190.3714482407813,980.0441292680304,W01277
740652,741015,-1352.1577779900822,2402.817269788199,-1375.6365913319034,3230.58420136674,W01277
802459,802842,-1375.6365913319034,3230.58420136674,-2906.611169067512,3041.230845985579,W01277
2220944,2221923,-4215.100165025086,1013.5580839200984,-543.4816018481092,1377.793344829783,W01277
2230108,2230287,-543.4816018481092,1377.793344829783,-491.914710978856,1997.1891388458932,W01277
