started_at,ended_at,start_x,start_y,end_x,end_y,bike_id
8731,9486,-1351.952265455199,2402.817269788199,-2089.6479554302955,2393.132530270474,W01285
36464,36932,-2089.6479554302955,2393.132530270474,-1917.467610232194,723.2385361039151,W01285
38687,39224,-1917.467610232194,723.2385361039151,-1881.431886693912,2146.116013168249,W01285
39597,39954,-1881.431886693912,2146.116013168249,-2417.219257666417,1540.3188585612754,W01285
116720,117429,-1687.4808070499614,3322.088291974309,-1553.745244797235,1509.7618356025214,W01285
117528,117742,-1553.745244797235,1509.7618356025214,-1923.405460375761,1762.9565486044485,W01285
118086,118562,-1923.405460375761,1762.9565486044485,-2604.841974791065,587.31822633261,W01285
157314,159788,-2604.841974791065,587.31822633261,236.3596737786456,-1033.5954760247828,W01285
221843,223064,236.3596737786456,-1033.5954760247828,-1380.3033083701418,-858.2682951157151,W01285
234702,235209,-1380.3033083701418,-858.2682951157151,-1189.9480965767848,-1984.8150067328563,W01285
1009582,1009991,-1189.9480965767848,-1984.8150067328563,-757.2144788708657,-1761.398084774919,W01285
1100901,1101243,-1475.6435123868507,638.6362138876518,-1713.5857184887172,1824.4045510561773,W01285
1103186,1104590,-1713.5857184887172,1824.4045510561773,1002.1298273174614,77.58923497942598,W01285
1297367,1299159,1671.9960725413196,3476.9328053997306,422.87264992317904,94.06442404292608,W01285
1303276,1305052,422.87264992317904,94.06442404292608,1671.9960725413196,3476.9328053997306,W01285
1338003,1338940,1671.9960725413196,3476.9328053997306,572.5803208358176,131.6901936600965,W01285
1339363,1340488,572.5803208358176,131.6901936600965,1671.9960725413196,3476.9328053997306,W01285
1407005,1408287,1671.9960725413196,3476.9328053997306,903.3176669575872,-2156.246028065728,W01285
1432442,1434060,903.3176669575872,-2156.246028065728,259.6198942404481,1818.615971114648,W01285
1434301,1435419,259.6198942404481,1818.615971114648,-2417.219257666417,1540.3188585612754,W01285
1591787,1592856,-919.4722224283496,3269.7684348142307,422.87264992317904,94.06442404292608,W01285
1676276,1679016,422.87264992317904,94.06442404292608,422.87264992317904,94.06442404292608,W01285
1703251,1703672,422.87264992317904,94.06442404292608,-65.24421585664805,-642.142757506466,W01285
1705711,1707591,-65.24421585664805,-642.142757506466,-2853.533219035006,-891.6639486224678,W01285
2643144,2644075,-4001.84712299075,833.4441926753292,-1713.5857184887172,1824.4045510561773,W01285
