started_at,ended_at,start_x,start_y,end_x,end_y,bike_id
574214,574973,-1375.3554708776364,3230.58420136674,-1890.7937293864395,645.4266634342174,W01234
682764,683452,-1890.7937293864395,645.4266634342174,-2104.020490588656,3097.446862721063,W01234
721839,722755,-2104.020490588656,3097.446862721063,-2013.015909685712,225.7907524544684,W01234
820214,820472,-2808.1861045329406,513.9591074636016,-2811.4720009168905,-425.46062567272384,W01234
925767,926642,-2811.4720009168905,-425.46062567272384,-188.8673402319529,519.5250497148589,W01234
929025,931044,-188.8673402319529,519.5250497148589,2913.10373776828,461.9732068385355,W01234
1171575,1172728,2913.10373776828,461.9732068385355,1835.2706095118488,-1359.8153513599148,W01234
1176863,1180786,1835.2706095118488,-1359.8153513599148,-2853.533219035006,-891.6639486224678,W01234
1274936,1276202,-2853.533219035006,-891.6639486224678,-1891.2395552395976,-909.029688445473,W01234
1279657,1280676,-1891.2395552395976,-909.029688445473,-1369.0198339983065,1373.3405910290935,W01234
1328046,1328159,-1369.0198339983065,1373.3405910290935,-1553.745244797235,1509.7618356025214,W01234
1328432,1328858,-1553.745244797235,1509.7618356025214,-490.1426245460887,1831.862913672767,W01234
1350457,1351691,-490.1426245460887,1831.862913672767,-117.15367456973772,-2177.897543422312,W01234
1365896,1366057,-117.15367456973772,-2177.897543422312,-82.14293697444242,-1351.7447350956706,W01234
1369329,1369508,-82.14293697444242,-1351.7447350956706,-117.15367456973772,-2177.897543422312,W01234
1411948,1413165,-117.15367456973772,-2177.897543422312,-3499.0812210478525,986.6189234248992,W01234
1445789,1446872,-3499.0812210478525,986.6189234248992,-568.1726241532793,-1955.7830855160428,W01234
1451846,1452358,-568.1726241532793,-1955.7830855160428,903.3176669575872,-2156.246028065728,W01234
1664014,1664398,1845.807450034228,-698.5257525098514,1002.1298273174614,77.58923497942598,W01234
