started_at,ended_at,start_x,start_y,end_x,end_y,bike_id
324199,324745,-1890.7937293864395,645.4266634342174,422.87264992317904,94.06442404292608,W01248
324826,325431,422.87264992317904,94.06442404292608,-82.14293697444242,-1351.7447350956706,W01248
390034,390598,-82.14293697444242,-1351.7447350956706,491.4143385422106,-2930.0207841319307,W01248
583675,584982,491.4143385422106,-2930.0207841319307,-1017.6238913195454,-1111.63304402804,W01248
750176,751218,-1369.0198339983065,1373.3405910290935,1572.4295790921033,412.8815961838383,W01248
756259,757011,1572.4295790921033,412.8815961838383,-543.4342390331508,1377.793344829783,W01248
759457,759800,-543.4342390331508,1377.793344829783,-570.845296965312,382.6028703385173,W01248
892734,892991,-922.0093029382764,1354.416387375768,-985.2325967772824,233.88089338963675,W01248
1777528,1780603,-2853.533219035006,-891.6639486224678,-824.4664002727116,-360.1164636447984,W01248
1866091,1868791,-824.4664002727116,-360.1164636447984,-824.4664002727116,-360.1164636447984,W01248
1930514,1930655,-1881.431886693912,2146.116013168249,-2194.4774136437,1670.339269546311,W01248
2050714,2051167,753.3851724438222,2085.781199166297,1682.9689672611153,1296.3079502741607,W01248
2502879,2503798,1682.9689672611153,1296.3079502741607,1372.896741032668,2539.6281303190094,W01248
