started_at,ended_at,start_x,start_y,end_x,end_y,bike_id
639288,639557,-1713.783486068777,-1824.4045510561773,-2524.8855174638293,-1823.5140002958813,W01312
645764,646912,-2524.8855174638293,-1823.5140002958813,-1450.058364987162,447.3904381419498,W01312
649230,650441,-1620.3880588270645,-3013.067178195072,1000.4019913418696,-1637.3888914201018,W01312
653307,653966,1000.4019913418696,-1637.3888914201018,-570.8591111335667,-382.6028703385173,W01312
669230,669499,-570.8591111335667,-382.6028703385173,380.2494234372797,-455.8506703619942,W01312
671435,671703,380.2494234372797,-455.8506703619942,-219.1967371281292,-754.4078127095321,W01312
673477,673842,-219.1967371281292,-754.4078127095321,259.6497622861215,-1818.615971114648,W01312
718083,719045,259.6497622861215,-1818.615971114648,-2469.4373973937936,-4.1187972648863145,W01312
746227,746630,-2469.4373973937936,-4.1187972648863145,-2169.584360579388,-380.3764934373816,W01312
