started_at,ended_at,start_x,start_y,end_x,end_y,bike_id
1360640,1361527,-454.372404106747,-1426.328361259987,1230.0885275888672,-1242.652266974825,W01383
1408331,1408574,1230.0885275888672,-1242.652266974825,1365.6807727435448,-2172.053304059203,W01383
2050112,2051139,1365.6807727435448,-2172.053304059203,2852.98200490415,-995.5244310270688,W01383
