started_at,ended_at,start_x,start_y,end_x,end_y,bike_id
284061,287252,-751.8934853725037,11307.54563958927,-6494.074623275686,11306.432451138702,W01307
2004296,2005787,-6494.074623275686,11306.432451138702,-4894.245267275494,5543.34452553295,W01307
2051807,2052248,-4894.245267275494,5543.34452553295,-3553.1503144752514,5203.154135147305,W01307
2535585,2537917,-3553.1503144752514,5203.154135147305,-276.7184401763835,-211.0605301609056,W01307
