started_at,ended_at,start_x,start_y,end_x,end_y,bike_id
201140,201412,-219.1862779950825,754.4078127095321,-843.6894071192287,220.42732905849545,W01394
