started_at,ended_at,start_x,start_y,end_x,end_y,bike_id
1863886,1865515,3254.527701069016,3432.182629700983,3861.339855126864,1821.955536465561,W01386
2196523,2197812,3861.339855126864,1821.955536465561,3430.750056568192,-741.7174643782791,W01386
2307476,2308756,3430.750056568192,-741.7174643782791,-298.30049519174673,-188.1288480866431,W01386
2486747,2487402,-298.30049519174673,-188.1288480866431,98.47671969768471,1232.2751862723885,W01386
