started_at,ended_at,start_x,start_y,end_x,end_y,bike_id
117411,118292,-3697.8467852525214,668.4251368154823,-757.2144788708657,-1761.398084774919,W01382
146436,147226,-757.2144788708657,-1761.398084774919,-1994.3215216154588,-3476.932805400522,W01382
1168698,1178397,-1812.32704114666,-1830.5270875335093,-493.3014109226975,113.54792354855924,W01382
1186772,1187261,-493.3014109226975,113.54792354855924,-104.30822423996608,-1101.0580053229169,W01382
1187708,1187896,-104.30822423996608,-1101.0580053229169,-497.6852901437867,-1112.8544936800606,W01382
1342697,1344033,-497.6852901437867,-1112.8544936800606,-2853.533219035006,-891.6639486224678,W01382
1424637,1429036,-2853.533219035006,-891.6639486224678,-2853.533219035006,-891.6639486224678,W01382
1450485,1450706,-2853.533219035006,-891.6639486224678,-2853.533219035006,-891.6639486224678,W01382
1535401,1536906,-2853.533219035006,-891.6639486224678,-1380.3033083701418,-858.2682951157151,W01382
1620419,1621149,-1189.9480965767848,-1984.8150067328563,-584.2071226972812,-157.18220917050687,W01382
1629259,1629875,-584.2071226972812,-157.18220917050687,-1008.4935812659144,2284.707975219652,W01382
1855295,1856278,-1008.4935812659144,2284.707975219652,-1154.4178996069331,447.5017569858993,W01382
1856292,1857560,-1154.4178996069331,447.5017569858993,-757.2144788708657,-1761.398084774919,W01382
2015526,2018422,-757.2144788708657,-1761.398084774919,-757.2144788708657,-1761.398084774919,W01382
2019440,2019725,-757.2144788708657,-1761.398084774919,-117.15367456973772,-2177.897543422312,W01382
2022249,2023581,-117.15367456973772,-2177.897543422312,-2169.5321645165045,380.3764934373816,W01382
2029675,2030846,-2169.5321645165045,380.3764934373816,-117.15367456973772,-2177.897543422312,W01382
2394194,2395964,3430.750056568192,-741.7174643782791,-1051.840396051375,-834.0564463237743,W01382
