started_at,ended_at,start_x,start_y,end_x,end_y,bike_id
1617243,1617506,-1687.835498630181,-3322.088291974309,-1333.3573997784088,-2761.931863826379,W01347
1776809,1784689,-1333.3573997784088,-2761.931863826379,-1369.1387647616386,-1373.3405910290935,W01347
1866963,1867226,-1369.1387647616386,-1373.3405910290935,-1553.8936335864703,-1509.7618356025214,W01347
2109980,2110788,-1375.6365913319034,-3230.58420136674,-2646.698106240912,-1031.0908020110053,W01347
