started_at,ended_at,start_x,start_y,end_x,end_y,bike_id
36476,37406,650.571967409161,1060.0649330247525,1812.120848742311,-1161.2781912639423,W01361
129830,130699,1812.120848742311,-1161.2781912639423,-272.30548829993654,-532.3267168924343,W01361
146317,146873,-272.30548829993654,-532.3267168924343,8.662919362128497,1205.5830915821473,W01361
147887,148033,8.662919362128497,1205.5830915821473,60.22239463894543,1824.9788855982576,W01361
199329,199975,60.22239463894543,1824.9788855982576,-272.30548829993654,-532.3267168924343,W01361
231402,231966,-272.30548829993654,-532.3267168924343,1209.3330173771565,210.72657362589345,W01361
235838,236410,1209.3330173771565,210.72657362589345,3089.217183615509,659.2302002168292,W01361
297341,298025,3089.217183615509,659.2302002168292,1951.2327644420184,-874.409527643412,W01361
302496,303138,1951.2327644420184,-874.409527643412,305.21918808728344,-65.4554808726659,W01361
377046,377360,305.21918808728344,-65.4554808726659,1209.3330173771565,210.72657362589345,W01361
380713,381106,1209.3330173771565,210.72657362589345,305.21918808728344,-65.4554808726659,W01361
410543,411422,305.21918808728344,-65.4554808726659,3982.877951863872,-913.9277176259152,W01361
456884,457714,3982.877951863872,-913.9277176259152,305.21918808728344,-65.4554808726659,W01361
658714,662261,-808.1470002565214,3227.133317171877,-828.1189483765718,-1030.4785483633511,W01361
668199,670443,-828.1189483765718,-1030.4785483633511,-499.66045855245335,-1006.2666995714102,W01361
