started_at,ended_at,start_x,start_y,end_x,end_y,bike_id
1609416,1610758,-1812.1172615052687,1830.5270875335093,933.0718976437946,1937.9287301948511,W01354
1617762,1619482,933.0718976437946,1937.9287301948511,-2848.997106809029,636.9107717910118,W01354
1705894,1707064,-1891.130832604516,909.029688445473,422.87516574033486,-94.06442404292608,W01354
1879313,1881458,422.87516574033486,-94.06442404292608,422.87516574033486,-94.06442404292608,W01354
2136799,2138488,45.65467389201976,-2377.6592108128007,45.65467389201976,-2377.6592108128007,W01354
2279375,2280128,45.65467389201976,-2377.6592108128007,33.87194837741417,102.3020185750716,W01354
2573160,2573278,33.87194837741417,102.3020185750716,-246.9207971631472,-106.75477237497007,W01354
