started_at,ended_at,start_x,start_y,end_x,end_y,bike_id
1361916,1363775,-10349.243394335324,-1309.332255142008,-9739.103603760188,-1872.1603355708255,W01351
1870377,1872323,-9739.103603760188,-1872.1603355708255,-9739.103603760188,-1872.1603355708255,W01351
