started_at,ended_at,start_x,start_y,end_x,end_y,bike_id
1265002,1266026,-1557.6190541540952,2536.900818615751,-1450.058364987162,-447.3904381419498,W01367
1354277,1354560,-1713.783486068777,1824.4045510561773,-1008.6393466202468,2284.707975219652,W01367
