started_at,ended_at,start_x,start_y,end_x,end_y,bike_id
1773954,1776276,-3060.847950466069,3019.634990051365,-2792.164519531742,1461.727753976022,W01372
1781682,1782623,-2792.164519531742,1461.727753976022,-2811.4720009168905,-425.46062567272384,W01372
1836603,1837142,-2811.4720009168905,-425.46062567272384,-2849.1118684293083,-636.9107717910118,W01372
1841566,1842414,-2849.1118684293083,-636.9107717910118,-2605.6813026458703,-1351.7447350956706,W01372
1848049,1848575,-2605.6813026458703,-1351.7447350956706,-2811.4720009168905,-425.46062567272384,W01372
2031175,2032080,-2354.6709182688887,2716.8477315926184,1682.9689672611153,1296.3079502741607,W01372
2279762,2281339,1682.9689672611153,1296.3079502741607,-2925.311977241168,1006.3223589937804,W01372
