started_at,ended_at,start_x,start_y,end_x,end_y,bike_id
2304574,2305581,2537.880827642464,-6808.717984141977,1505.9005562474165,-8162.899586578053,W01381
2305590,2306589,1505.9005562474165,-8162.899586578053,2537.880827642464,-6808.717984141977,W01381
2306603,2307890,2537.880827642464,-6808.717984141977,2537.880827642464,-6808.717984141977,W01381
2549288,2549938,2537.880827642464,-6808.717984141977,1505.9005562474165,-8162.899586578053,W01381
2549948,2550713,1505.9005562474165,-8162.899586578053,2537.880827642464,-6808.717984141977,W01381
