started_at,ended_at,start_x,start_y,end_x,end_y,bike_id
840515,841184,-14871.259050514998,23096.99055927544,-12388.824646850037,24707.77424673615,W01350
