started_at,ended_at,start_x,start_y,end_x,end_y,bike_id
293655,294026,-907.7930782432848,-177.44223896388112,-246.9207971631472,-106.75477237497007,W01322
318755,319719,-246.9207971631472,-106.75477237497007,-2925.498184966575,-1006.3223589937804,W01322
471710,471824,-2925.498184966575,-1006.3223589937804,-3204.558176754409,-842.0157437416958,W01322
479154,479277,-3204.558176754409,-842.0157437416958,-3698.003126530832,-668.4251368154823,W01322
2477880,2478326,-2996.5410888062315,-611.3630968574403,-4079.6854592920495,-1361.0955180768024,W01322
