started_at,ended_at,start_x,start_y,end_x,end_y,bike_id
41377,47674,-6686.771908884874,10526.866579453772,-2373.1758978806724,834.1121057461444,W01370
49474,55345,-2373.1758978806724,834.1121057461444,1487.7828964138257,-2617.106046454486,W01370
494969,495196,1487.7828964138257,-2617.106046454486,903.488853408454,-2404.37573361852,W01370
934801,935100,594.6698529972505,511.5972467311889,910.0396597345538,1205.9170481171593,W01370
975247,976221,910.0396597345538,1205.9170481171593,447.87071757646186,-1273.2682585705527,W01370
1013136,1015355,447.87071757646186,-1273.2682585705527,-2250.9703201658835,124.14651452321117,W01370
1107182,1107544,-2250.9703201658835,124.14651452321117,-2240.045794021533,1289.517500728386,W01370
1165058,1165184,-2240.045794021533,1289.517500728386,-2240.045794021533,1289.517500728386,W01370
1262011,1262277,-2240.045794021533,1289.517500728386,-2256.0341078902416,341.74885421596565,W01370
1435277,1435898,-2256.0341078902416,341.74885421596565,-2094.393320151142,858.8805487633692,W01370
1489745,1490383,-2094.393320151142,858.8805487633692,8.662919362128497,1205.5830915821473,W01370
1493006,1493277,8.662919362128497,1205.5830915821473,-377.2782335264637,866.3945708023293,W01370
1498197,1498689,-377.2782335264637,866.3945708023293,-1759.7389167323108,67.0139447029863,W01370
1529937,1530271,-1759.7389167323108,67.0139447029863,-1003.3086266819548,370.2716219648887,W01370
1778649,1779235,-1619.9365259724264,2337.5844266058048,-456.4230317783731,2112.497721972016,W01370
1863098,1863344,-456.4230317783731,2112.497721972016,-456.4230317783731,2112.497721972016,W01370
2043786,2044656,-456.4230317783731,2112.497721972016,-3662.680070837771,841.3478306724625,W01370
2050737,2051793,-3662.680070837771,841.3478306724625,-456.4230317783731,2112.497721972016,W01370
2184349,2187726,-456.4230317783731,2112.497721972016,-456.4230317783731,2112.497721972016,W01370
2226826,2228626,-456.4230317783731,2112.497721972016,-1329.3469852904998,1973.9057599206133,W01370
2272675,2272818,-1329.3469852904998,1973.9057599206133,-1642.789656665885,1651.749022427998,W01370
2470121,2476637,-763.7714170882605,202.8229356287601,-908.2838184938292,136.05078453849475,W01370
2637957,2638431,-873.5983458566102,3804.9894416778247,-873.5983458566102,3804.9894416778247,W01370
2655295,2656448,-873.5983458566102,3804.9894416778247,975.0041157596628,-78.1458292047099,W01370
