started_at,ended_at,start_x,start_y,end_x,end_y,bike_id
58596,60647,-1260.1040304636565,-2002.7373407811456,1823.2038828180252,-1850.6757984813523,W01316
230915,231748,1823.2038828180252,-1850.6757984813523,1554.255559250921,-94.62101826821,W01316
237840,238357,1554.255559250921,-94.62101826821,1812.120848742311,-1161.2781912639423,W01316
280682,281165,1812.120848742311,-1161.2781912639423,1796.710145560574,852.6864867715699,W01316
291984,292637,1796.710145560574,852.6864867715699,-18.713083837096207,210.3926170908813,W01316
569918,570251,-4077.689688642877,6368.105848297172,-3553.1503144752514,5203.154135147305,W01316
675714,676677,-3553.1503144752514,5203.154135147305,-1158.9332723089417,3460.1236598020096,W01316
717658,718693,-1158.9332723089417,3460.1236598020096,-1365.3326241855143,551.0282828562791,W01316
806597,808023,-823.3139626658171,3058.373948119104,-4457.1915994264655,1647.9416224841314,W01316
817845,818425,-4457.1915994264655,1647.9416224841314,-2946.938203231537,814.4086701772632,W01316
840929,841445,-2946.938203231537,814.4086701772632,-1865.1073615998864,1368.1086053136396,W01316
844349,844762,-1865.1073615998864,1368.1086053136396,-3145.6904913373305,496.2148835678463,W01316
894517,895499,-1379.7769751705168,3794.859426781138,-3662.680070837771,841.3478306724625,W01316
899409,899591,-3662.680070837771,841.3478306724625,-2946.938203231537,814.4086701772632,W01316
926167,927421,-3926.68557703324,2074.092720440081,-242.71491869602204,2513.245564049094,W01316
930556,931212,-242.71491869602204,2513.245564049094,-1001.6416887046756,1337.5515823548856,W01316
943784,944133,-1001.6416887046756,1337.5515823548856,-799.8820989751116,2230.607016540563,W01316
1065789,1066283,-747.4932564629371,3672.408697257432,901.9420715355648,3443.4258330482376,W01316
1180054,1181300,901.9420715355648,3443.4258330482376,-1068.027447763776,2840.856924947436,W01316
1186282,1186638,-1068.027447763776,2840.856924947436,-1882.362757780742,1958.0984839271373,W01316
1191138,1191565,-1882.362757780742,1958.0984839271373,-262.4706326389354,2158.472404966072,W01316
2211740,2212050,8.662919362128497,1205.5830915821473,60.22239463894543,1824.9788855982576,W01316
2212387,2212542,60.22239463894543,1824.9788855982576,8.662919362128497,1205.5830915821473,W01316
2276244,2277628,8.662919362128497,1205.5830915821473,-4457.1915994264655,1647.9416224841314,W01316
2294581,2295495,-4457.1915994264655,1647.9416224841314,-2240.045794021533,1289.517500728386,W01316
