started_at,ended_at,start_x,start_y,end_x,end_y,bike_id
115353,116523,2049.324475222406,9.239464137182011,-985.2471709658158,-233.88089338963675,W01375
154794,155903,-985.2471709658158,-233.88089338963675,1399.021992029718,702.1992743957761,W01375
198326,198688,1399.021992029718,702.1992743957761,1002.1347450933658,-77.58923497942598,W01375
199054,199804,1002.1347450933658,-77.58923497942598,1908.5382328576377,2173.611767889524,W01375
238120,238733,1908.5382328576377,2173.611767889524,1002.1347450933658,-77.58923497942598,W01375
290893,291380,1002.1347450933658,-77.58923497942598,-298.2969459159975,188.1288480866431,W01375
