started_at,ended_at,start_x,start_y,end_x,end_y,bike_id
196652,197079,1554.255559250921,-94.62101826821,1464.7111583213482,-1435.3451877068974,W01318
197688,197962,1464.7111583213482,-1435.3451877068974,1661.0597938622689,-2394.4683564113134,W01318
202610,202706,1661.0597938622689,-2394.4683564113134,1917.8811044698043,-2344.26355730684,W01318
203780,204769,1917.8811044698043,-2344.26355730684,1796.710145560574,852.6864867715699,W01318
243807,244387,1796.710145560574,852.6864867715699,1924.932438194748,2367.4178770713734,W01318
287373,288693,1924.932438194748,2367.4178770713734,2837.541864470277,-1705.516024573656,W01318
290781,291168,2837.541864470277,-1705.516024573656,3426.1166896475306,-879.6415133596573,W01318
293333,293618,3426.1166896475306,-879.6415133596573,3177.326435678709,-1949.1929763257588,W01318
302683,303039,3177.326435678709,-1949.1929763257588,4493.282295126244,-2755.4753708156168,W01318
845109,847530,4493.282295126244,-2755.4753708156168,1487.7828964138257,-2617.106046454486,W01318
978033,979290,1487.7828964138257,-2617.106046454486,-763.7714170882605,202.8229356287601,W01318
1268902,1269991,-1068.027447763776,2840.856924947436,-897.9286217198713,-619.6006913895858,W01318
1326342,1326550,-369.90720380120285,1182.206134128132,-433.0906763410017,61.67064014200078,W01318
1342864,1343153,-433.0906763410017,61.67064014200078,656.7786122192275,177.88751434442463,W01318
1359924,1360517,656.7786122192275,177.88751434442463,-1365.3326241855143,551.0282828562791,W01318
1402410,1402626,-1365.3326241855143,551.0282828562791,-768.1680092204891,650.9926056854747,W01318
1405304,1406852,-768.1680092204891,650.9926056854747,-872.6684979461987,6525.733332847432,W01318
1545160,1546818,-872.6684979461987,6525.733332847432,-602.2815962612653,275.29150373826326,W01318
1607452,1609016,-602.2815962612653,275.29150373826326,-2330.4996228661403,-4975.451437656579,W01318
1699259,1700473,-2330.4996228661403,-4975.451437656579,-2164.682050714061,-7599.180955388938,W01318
1785124,1785716,-2164.682050714061,-7599.180955388938,-3367.383192474405,-9473.122392480356,W01318
