started_at,ended_at,start_x,start_y,end_x,end_y,bike_id
204265,205831,-3499.0812210478525,986.6189234248992,-2849.1118684293083,-636.9107717910118,W01464
207139,208356,-2849.1118684293083,-636.9107717910118,-1380.3033083701418,-858.2682951157151,W01464
218073,219588,-1380.3033083701418,-858.2682951157151,-1380.3033083701418,-858.2682951157151,W01464
228820,229584,-1380.3033083701418,-858.2682951157151,1002.1298273174614,77.58923497942598,W01464
230576,231043,1002.1298273174614,77.58923497942598,2500.732022251305,-159.2972672261112,W01464
236212,238039,2500.732022251305,-159.2972672261112,1774.1270397604533,-450.0620904220471,W01464
289235,289619,1774.1270397604533,-450.0620904220471,1835.2706095118488,-1359.8153513599148,W01464
307268,307607,1835.2706095118488,-1359.8153513599148,1365.6807727435448,-2172.053304059203,W01464
396902,399500,-2853.533219035006,-891.6639486224678,-1460.4283175020964,308.2610377861307,W01464
502882,504806,-1460.4283175020964,308.2610377861307,-2853.533219035006,-891.6639486224678,W01464
505041,507584,-2853.533219035006,-891.6639486224678,-65.24421585664805,-642.142757506466,W01464
507875,509148,-65.24421585664805,-642.142757506466,-1051.840396051375,-834.0564463237743,W01464
509555,510787,-1051.840396051375,-834.0564463237743,-828.8681814864412,-38.85027691326964,W01464
674910,675979,-828.8681814864412,-38.85027691326964,-104.30822423996608,-1101.0580053229169,W01464
713774,714071,-104.30822423996608,-1101.0580053229169,223.52812242238716,-443.9395539462969,W01464
721341,722546,223.52812242238716,-443.9395539462969,-2606.956075627768,-149.61252770917662,W01464
751628,751829,-2606.956075627768,-149.61252770917662,-2808.1861045329406,513.9591074636016,W01464
765807,766192,-2808.1861045329406,513.9591074636016,-1881.431886693912,2146.116013168249,W01464
801428,802825,-1881.431886693912,2146.116013168249,236.3596737786456,-1033.5954760247828,W01464
850681,851937,236.3596737786456,-1033.5954760247828,-2194.4774136437,1670.339269546311,W01464
1093991,1094350,-493.99848393693776,3187.837764878856,-912.0125818422052,1947.857150184919,W01464
1518537,1518631,-1333.1244526763924,2761.931863826379,-1351.952265455199,2402.817269788199,W01464
