started_at,ended_at,start_x,start_y,end_x,end_y,bike_id
202009,202317,1731.2087241706054,-162.91512968887474,1002.1298273174614,77.58923497942598,W01421
202665,203515,1002.1298273174614,77.58923497942598,-1051.840396051375,-834.0564463237743,W01421
290315,291427,380.2384601627839,455.8506703619942,-2170.059593926037,-306.3494614999309,W01421
315814,316664,-2170.059593926037,-306.3494614999309,-1017.6238913195454,-1111.63304402804,W01421
474007,483137,-1017.6238913195454,-1111.63304402804,-907.7828902857132,177.44223896388112,W01421
571263,573700,-907.7828902857132,177.44223896388112,935.5683550562323,-2444.89579320685,W01421
594854,596832,935.5683550562323,-2444.89579320685,2873.9839282869875,-707.4312601120213,W01421
603743,604172,2873.9839282869875,-707.4312601120213,2625.1536130326635,-1776.9827230781227,W01421
652596,653020,2625.1536130326635,-1776.9827230781227,903.3176669575872,-2156.246028065728,W01421
770517,771333,-985.2325967772824,233.88089338963675,1271.019755402809,-1678.4655452337165,W01421
980726,981200,1271.019755402809,-1678.4655452337165,-497.6852901437867,-1112.8544936800606,W01421
1009146,1009546,-497.6852901437867,-1112.8544936800606,-117.15367456973772,-2177.897543422312,W01421
1012911,1013484,-117.15367456973772,-2177.897543422312,223.52812242238716,-443.9395539462969,W01421
1016200,1016625,223.52812242238716,-443.9395539462969,1260.3648729942292,461.861887993795,W01421
1084352,1084672,1260.3648729942292,461.861887993795,949.0927421968316,1050.348962199343,W01421
1100160,1101714,949.0927421968316,1050.348962199343,-1051.840396051375,-834.0564463237743,W01421
1103324,1104718,-1051.840396051375,-834.0564463237743,949.0927421968316,1050.348962199343,W01421
1105408,1105838,949.0927421968316,1050.348962199343,1000.298381636028,1637.3888914201018,W01421
1163897,1165168,1000.298381636028,1637.3888914201018,223.52812242238716,-443.9395539462969,W01421
1167127,1168453,223.52812242238716,-443.9395539462969,1774.1270397604533,-450.0620904220471,W01421
1187319,1187947,1774.1270397604533,-450.0620904220471,1836.676275980947,-1899.4334526018283,W01421
1591849,1592537,1836.676275980947,-1899.4334526018283,2852.98200490415,-995.5244310270688,W01421
1596660,1597813,2852.98200490415,-995.5244310270688,-907.7828902857132,177.44223896388112,W01421
1783522,1784859,98.47671969768471,1232.2751862723885,2842.538526966029,2153.0177815595557,W01421
