started_at,ended_at,start_x,start_y,end_x,end_y,bike_id
2478447,2479798,1247.492676401489,3103.680718042345,-188.8735464652516,519.5250497148589,W01461
2638441,2639597,-188.8735464652516,519.5250497148589,-2190.3714482407813,980.0441292680304,W01461
2640243,2641267,-2190.3714482407813,980.0441292680304,-188.8735464652516,519.5250497148589,W01461
2659360,2660658,-188.8735464652516,519.5250497148589,-494.0981199113877,3187.837764878856,W01461
