started_at,ended_at,start_x,start_y,end_x,end_y,bike_id
1792568,1793952,1259.9606745071096,-989.0679380163066,-3697.8467852525214,668.4251368154823,W01458
1970192,1971046,-2996.425218577444,611.3630968574403,-494.03119251583706,2141.440621677288,W01458
2009716,2010406,-494.03119251583706,2141.440621677288,-2646.5254975806206,1031.0908020110053,W01458
2010482,2011126,-2646.5254975806206,1031.0908020110053,-494.03119251583706,2141.440621677288,W01458
2011708,2012468,-494.03119251583706,2141.440621677288,-2996.425218577444,611.3630968574403,W01458
2048925,2049470,-2996.425218577444,611.3630968574403,-1553.745244797235,1509.7618356025214,W01458
2064360,2064619,-1553.745244797235,1509.7618356025214,-1555.445981478385,542.4818752125246,W01458
2194217,2200152,-1555.445981478385,542.4818752125246,-1555.445981478385,542.4818752125246,W01458
2225734,2230971,-1555.445981478385,542.4818752125246,-1555.445981478385,542.4818752125246,W01458
