started_at,ended_at,start_x,start_y,end_x,end_y,bike_id
117856,118609,-1360.182448193738,3399.343570419514,-1553.745244797235,1509.7618356025214,W01463
119091,119844,-1553.745244797235,1509.7618356025214,-2311.895100954131,239.22419795062223,W01463
155917,156499,-2311.895100954131,239.22419795062223,-929.3914426548988,1038.6048240499654,W01463
180430,180531,-929.3914426548988,1038.6048240499654,-500.12939426980034,1054.6347377329218,W01463
202343,203598,-500.12939426980034,1054.6347377329218,-4214.829945059849,1013.5580839200984,W01463
218264,218636,-4214.829945059849,1013.5580839200984,-2803.1298600936816,296.3567677708471,W01463
234395,235291,-2803.1298600936816,296.3567677708471,-2104.020490588656,3097.446862721063,W01463
286285,287261,-2104.020490588656,3097.446862721063,-2594.876311980931,495.12537678995767,W01463
308200,308773,-2594.876311980931,495.12537678995767,-543.4342390331508,1377.793344829783,W01463
320440,320959,-543.4342390331508,1377.793344829783,-2013.015909685712,225.7907524544684,W01463
321805,322855,-2013.015909685712,225.7907524544684,949.0927421968316,1050.348962199343,W01463
322892,323575,949.0927421968316,1050.348962199343,2842.538526966029,2153.0177815595557,W01463
644075,644893,2842.538526966029,2153.0177815595557,1260.3648729942292,461.861887993795,W01463
661834,663067,1120.6795998258754,2058.068864235805,-985.2325967772824,233.88089338963675,W01463
669874,670495,-985.2325967772824,233.88089338963675,-1923.405460375761,1762.9565486044485,W01463
676556,676716,-1923.405460375761,1762.9565486044485,-1881.431886693912,2146.116013168249,W01463
678932,679143,-1881.431886693912,2146.116013168249,-1893.9180927095776,1322.3565600090635,W01463
720463,720857,-1893.9180927095776,1322.3565600090635,-1031.196919700857,841.1251929813999,W01463
724732,725498,-1031.196919700857,841.1251929813999,-2328.120578614408,661.3452582716426,W01463
