started_at,ended_at,start_x,start_y,end_x,end_y,bike_id
554409,554978,-919.4722224283496,3269.7684348142307,-2089.6479554302955,2393.132530270474,W01453
851899,852792,-2259.436558225718,2967.9830459613117,-922.0093029382764,1354.416387375768,W01453
893446,893794,-922.0093029382764,1354.416387375768,-907.7828902857132,177.44223896388112,W01453
938195,939353,-907.7828902857132,177.44223896388112,1260.3648729942292,461.861887993795,W01453
981645,982006,-543.4342390331508,1377.793344829783,-843.6894071192287,220.42732905849545,W01453
1072015,1072265,-2172.0118915123644,2509.7946798534413,-2104.020490588656,3097.446862721063,W01453
1078374,1079148,-2104.020490588656,3097.446862721063,-2190.235672060508,980.0441292680304,W01453
1081677,1081994,-2190.235672060508,980.0441292680304,-1553.745244797235,1509.7618356025214,W01453
1454195,1455782,-2849.1118684293083,-636.9107717910118,-1891.2395552395976,-909.029688445473,W01453
1779993,1780549,-2811.4720009168905,-425.46062567272384,-2605.6813026458703,-1351.7447350956706,W01453
1780559,1781455,-2605.6813026458703,-1351.7447350956706,-1380.3033083701418,-858.2682951157151,W01453
