started_at,ended_at,start_x,start_y,end_x,end_y,bike_id
1598014,1599371,-1994.3215216154588,-3476.932805400522,-500.12939426980034,1054.6347377329218,W01415
1599646,1600616,-500.12939426980034,1054.6347377329218,-500.12939426980034,1054.6347377329218,W01415
1619397,1622307,-500.12939426980034,1054.6347377329218,-1369.0198339983065,1373.3405910290935,W01415
1622420,1623300,-1369.0198339983065,1373.3405910290935,-500.12939426980034,1054.6347377329218,W01415
1783519,1783880,-500.12939426980034,1054.6347377329218,-494.03119251583706,2141.440621677288,W01415
1784035,1784658,-494.03119251583706,2141.440621677288,-2434.4542367719587,2130.308737174774,W01415
