started_at,ended_at,start_x,start_y,end_x,end_y,bike_id
719898,720707,-12388.824646850037,24707.77424673615,-14871.259050514998,23096.99055927544,W01457
753848,754555,-14871.259050514998,23096.99055927544,-12388.824646850037,24707.77424673615,W01457
892599,893339,-12388.824646850037,24707.77424673615,-14871.259050514998,23096.99055927544,W01457
915846,916625,-14871.259050514998,23096.99055927544,-12388.824646850037,24707.77424673615,W01457
2304981,2305892,1744.9539641627885,6073.44486552504,-872.6684979461987,6525.733332847432,W01457
