started_at,ended_at,start_x,start_y,end_x,end_y,bike_id
329453,329942,-4214.829945059849,1013.5580839200984,-3204.387511290492,842.0157437416958,W01404
333861,334586,-3204.387511290492,842.0157437416958,-101.53103449587984,1825.183782970942,W01404
374720,375079,-101.53103449587984,1825.183782970942,-219.1862779950825,754.4078127095321,W01404
380196,380765,-219.1862779950825,754.4078127095321,-1553.745244797235,1509.7618356025214,W01404
381635,382000,-1553.745244797235,1509.7618356025214,-1917.467610232194,723.2385361039151,W01404
394221,394464,-1917.467610232194,723.2385361039151,-2328.120578614408,661.3452582716426,W01404
