started_at,ended_at,start_x,start_y,end_x,end_y,bike_id
321402,322934,-3499.2995900004858,-986.6189234248992,2571.749731503465,-1244.656006184107,W01466
375656,376431,2571.749731503465,-1244.656006184107,422.87516574033486,-94.06442404292608,W01466
377687,378703,422.87516574033486,-94.06442404292608,-2287.4982534152964,-449.3941773512319,W01466
383093,383691,-2287.4982534152964,-449.3941773512319,-1369.1387647616386,-1373.3405910290935,W01466
464544,465706,-2417.454784827981,-1540.3188585612754,-1051.7849150501052,834.0564463237743,W01466
