started_at,ended_at,start_x,start_y,end_x,end_y,bike_id
1629573,1629678,-1375.6365913319034,3230.58420136674,-1333.3573997784088,2761.931863826379,W01482
1635079,1635767,-1333.3573997784088,2761.931863826379,-570.8591111335667,382.6028703385173,W01482
1708765,1709246,-570.8591111335667,382.6028703385173,-2013.0446574339128,225.7907524544684,W01482
