started_at,ended_at,start_x,start_y,end_x,end_y,bike_id
4736,5131,-1898.042090010421,1235.0825855127032,-1329.3469852904998,1973.9057599206133,W01448
60778,62801,-1329.3469852904998,1973.9057599206133,2990.389368117216,-818.0821920623969,W01448
112615,113089,2990.389368117216,-818.0821920623969,1554.255559250921,-94.62101826821,W01448
113233,114136,1554.255559250921,-94.62101826821,1773.7194936638002,-2538.069666488689,W01448
233176,233832,1773.7194936638002,-2538.069666488689,97.82170735439732,-1598.5386145076236,W01448
409942,410649,97.82170735439732,-1598.5386145076236,1812.120848742311,-1161.2781912639423,W01448
415185,415442,1812.120848742311,-1161.2781912639423,2283.334914585575,-335.1253829365107,W01448
455813,456088,2283.334914585575,-335.1253829365107,2258.2481205983354,-1208.700019242788,W01448
459558,459820,2258.2481205983354,-1208.700019242788,2283.334914585575,-335.1253829365107,W01448
460762,461788,2283.334914585575,-335.1253829365107,-499.66045855245335,-1006.2666995714102,W01448
463225,465055,-499.66045855245335,-1006.2666995714102,788.5325500265636,-1205.8057292724188,W01448
490342,490763,51.97857877547188,882.4244844852859,910.0396597345538,1205.9170481171593,W01448
561174,561599,910.0396597345538,1205.9170481171593,1305.4434734316112,1913.5709459186608,W01448
676560,678576,-2053.08590707705,-595.6671397094958,-3874.94773152752,655.3724484528836,W01448
751875,754616,-3874.94773152752,655.3724484528836,-15.958787378240622,-2127.9933387636784,W01448
1018768,1098250,-15.958787378240622,-2127.9933387636784,-205.00537057100192,-1933.6083380225548,W01448
1697445,1697606,-823.3139626658171,3058.373948119104,-799.8820989751116,2230.607016540563,W01448
1703159,1703635,-799.8820989751116,2230.607016540563,-80.1058961165534,3374.191707505921,W01448
1708723,1709868,-80.1058961165534,3374.191707505921,-291.54855859263284,48.21707581085942,W01448
1713658,1716078,-291.54855859263284,48.21707581085942,-1707.3762434280573,2795.772792713676,W01448
1765181,1767334,-1707.3762434280573,2795.772792713676,-1707.3762434280573,2795.772792713676,W01448
1773182,1774337,-1707.3762434280573,2795.772792713676,-1003.3086266819548,370.2716219648887,W01448
2023740,2024089,1812.120848742311,-1161.2781912639423,1812.120848742311,-1161.2781912639423,W01448
2024344,2024721,1812.120848742311,-1161.2781912639423,788.5325500265636,-1205.8057292724188,W01448
2220116,2220835,788.5325500265636,-1205.8057292724188,2387.4374655296765,-1532.0256046075506,W01448
