started_at,ended_at,start_x,start_y,end_x,end_y,bike_id
1262377,1265862,-6288.612723581445,-5616.035731331934,-2473.7071065966,-4476.689433362749,W01424
1446098,1447535,-2473.7071065966,-4476.689433362749,-3367.383192474405,-9473.122392480356,W01424
1496814,1498602,-3367.383192474405,-9473.122392480356,-2473.7071065966,-4476.689433362749,W01424
1506265,1506468,-2473.7071065966,-4476.689433362749,-2482.9389959136106,-5245.566615100968,W01424
