started_at,ended_at,start_x,start_y,end_x,end_y,bike_id
36982,37373,-2104.020490588656,3097.446862721063,-2194.4774136437,1670.339269546311,W01480
40044,41329,-2194.4774136437,1670.339269546311,1682.9689672611153,1296.3079502741607,W01480
505144,505408,1682.9689672611153,1296.3079502741607,2571.547269369305,1244.656006184107,W01480
753855,754395,-4079.334235838357,1361.0955180768024,-2417.219257666417,1540.3188585612754,W01480
766543,767456,-2417.219257666417,1540.3188585612754,-490.1426245460887,1831.862913672767,W01480
813581,814371,-490.1426245460887,1831.862913672767,-3034.094275550209,1150.702900985921,W01480
836951,837286,-3034.094275550209,1150.702900985921,-2792.164519531742,1461.727753976022,W01480
837295,837545,-2792.164519531742,1461.727753976022,-2417.219257666417,1540.3188585612754,W01480
851032,851865,-2417.219257666417,1540.3188585612754,33.87216753763598,-102.3020185750716,W01480
909668,911258,33.87216753763598,-102.3020185750716,949.0927421968316,1050.348962199343,W01480
915075,915277,949.0927421968316,1050.348962199343,1111.6181164467437,379.2633049876047,W01480
1509405,1516898,1111.6181164467437,379.2633049876047,1111.6181164467437,379.2633049876047,W01480
1671580,1674015,1111.6181164467437,379.2633049876047,1572.4295790921033,412.8815961838383,W01480
1698487,1700412,1572.4295790921033,412.8815961838383,-3697.8467852525214,668.4251368154823,W01480
