started_at,ended_at,start_x,start_y,end_x,end_y,bike_id
4736,5131,-2450.1589905827414,1407.2928387603392,-1881.431886693912,2146.116013168249,W01448
60778,62801,-1881.431886693912,2146.116013168249,2438.2540112858683,-645.8719388147609,W01448
112615,113089,2438.2540112858683,-645.8719388147609,1002.1298273174614,77.58923497942598,W01448
113233,114136,1002.1298273174614,77.58923497942598,1221.5108251699423,-2365.859413241053,W01448
233176,233832,1221.5108251699423,-2365.859413241053,-454.372404106747,-1426.328361259987,W01448
409942,410649,-454.372404106747,-1426.328361259987,1259.9606745071096,-989.0679380163066,W01448
415185,415442,1259.9606745071096,-989.0679380163066,1731.2087241706054,-162.91512968887474,W01448
455813,456088,1731.2087241706054,-162.91512968887474,1706.091148736327,-1036.489765995152,W01448
459558,459820,1706.091148736327,-1036.489765995152,1731.2087241706054,-162.91512968887474,W01448
460762,461788,1731.2087241706054,-162.91512968887474,-1051.840396051375,-834.0564463237743,W01448
463225,465055,-1051.840396051375,-834.0564463237743,236.3596737786456,-1033.5954760247828,W01448
490342,490763,-500.12939426980034,1054.6347377329218,357.95233295209937,1378.1273013647951,W01448
561174,561599,357.95233295209937,1378.1273013647951,753.3851724438222,2085.781199166297,W01448
1018768,1098250,-568.1726241532793,-1955.7830855160428,-757.2144788708657,-1761.398084774919,W01448
1697445,1697606,-1375.3554708776364,3230.58420136674,-1351.952265455199,2402.817269788199,W01448
1713658,1716078,-843.6894071192287,220.42732905849545,-2259.436558225718,2967.9830459613117,W01448
1765181,1767334,-2259.436558225718,2967.9830459613117,-2259.436558225718,2967.9830459613117,W01448
1773182,1774337,-2259.436558225718,2967.9830459613117,-1555.445981478385,542.4818752125246,W01448
2023740,2024089,1259.9606745071096,-989.0679380163066,1259.9606745071096,-989.0679380163066,W01448
2024344,2024721,1259.9606745071096,-989.0679380163066,236.3596737786456,-1033.5954760247828,W01448
2220116,2220835,236.3596737786456,-1033.5954760247828,1835.2706095118488,-1359.8153513599148,W01448
