started_at,ended_at,start_x,start_y,end_x,end_y,bike_id
925407,926129,-584.2071226972812,-157.18220917050687,-2311.895100954131,239.22419795062223,W01487
927747,927879,-2311.895100954131,239.22419795062223,-2287.4332348769594,449.3941773512319,W01487
933010,933390,-2287.4332348769594,449.3941773512319,-1315.9120102200964,375.0331888763961,W01487
938761,939070,-1315.9120102200964,375.0331888763961,-1890.7937293864395,645.4266634342174,W01487
974521,975058,-1890.7937293864395,645.4266634342174,-188.8673402319529,519.5250497148589,W01487
985235,985826,-188.8673402319529,519.5250497148589,-2248.5703681191844,832.4674209813991,W01487
1019302,1019541,-2248.5703681191844,832.4674209813991,-2417.219257666417,1540.3188585612754,W01487
1705805,1706122,572.5803208358176,131.6901936600965,42.554840611112105,683.8074999788248,W01487
1706464,1706636,42.554840611112105,683.8074999788248,380.2384601627839,455.8506703619942,W01487
1804570,1805153,380.2384601627839,455.8506703619942,2447.178885471176,463.5171925950309,W01487
2190075,2191668,2447.178885471176,463.5171925950309,-2605.26842578739,-423.4568864618599,W01487
2208882,2210852,-2605.26842578739,-423.4568864618599,-824.4664002727116,-360.1164636447984,W01487
