started_at,ended_at,start_x,start_y,end_x,end_y,bike_id
36982,37373,-1551.966391370401,2925.236609473427,-1642.372485044098,1498.1290162986752,W01480
40044,41329,-1642.372485044098,1498.1290162986752,2235.0447168684573,1124.0976970265244,W01480
505144,505408,2235.0447168684573,1124.0976970265244,3123.615142939869,1072.4457529364704,W01480
567744,572283,3123.615142939869,1072.4457529364704,-4225.972107402708,1105.3961310626798,W01480
575125,575757,-4225.972107402708,1105.3961310626798,-5023.2373402162775,-22.041131313966417,W01480
643319,643748,-5023.2373402162775,-22.041131313966417,-4225.972107402708,1105.3961310626798,W01480
648324,648801,-4225.972107402708,1105.3961310626798,-4803.655511274901,130.68832405506004,W01480
658761,659681,-4803.655511274901,130.68832405506004,-3527.1979733126504,1188.885264829166,W01480
753855,754395,-3527.1979733126504,1188.885264829166,-1865.1073615998864,1368.1086053136396,W01480
766543,767456,-1865.1073615998864,1368.1086053136396,61.93809413467237,1659.6526604251312,W01480
813581,814371,61.93809413467237,1659.6526604251312,-2481.962052989563,978.492647738285,W01480
836951,837286,-2481.962052989563,978.492647738285,-2240.045794021533,1289.517500728386,W01480
837295,837545,-2240.045794021533,1289.517500728386,-1865.1073615998864,1368.1086053136396,W01480
851032,851865,-1865.1073615998864,1368.1086053136396,586.0147279129765,-274.5122718227076,W01480
909668,911258,586.0147279129765,-274.5122718227076,1501.1850775340426,878.138708951707,W01480
915075,915277,1501.1850775340426,878.138708951707,1663.732119925616,207.05305173996877,W01480
1509405,1516898,1663.732119925616,207.05305173996877,1663.732119925616,207.05305173996877,W01480
1671580,1674015,1663.732119925616,207.05305173996877,2124.537389012071,240.6713429362023,W01480
1698487,1700412,2124.537389012071,240.6713429362023,-3145.6904913373305,496.2148835678463,W01480
1774484,1775817,-3145.6904913373305,496.2148835678463,-1774.6185104616818,3346.4671190349422,W01480
1777231,1778877,-1774.6185104616818,3346.4671190349422,-2833.000982424627,-57.55184287632349,W01480
