started_at,ended_at,start_x,start_y,end_x,end_y,bike_id
841126,843342,-2341.8162033371987,-10296.213932568726,-3501.469604136133,-4292.009388647019,W01418
1616573,1621048,-3501.469604136133,-4292.009388647019,-3173.4950908272604,-4446.519945536637,W01418
