started_at,ended_at,start_x,start_y,end_x,end_y,bike_id
124263,125008,3651.5096207492434,8314.40453465177,2333.6103339647016,7116.279805686214,W01500
886360,887492,2333.6103339647016,7116.279805686214,5948.815008659526,7907.200199563929,W01500
986614,987870,5948.815008659526,7907.200199563929,2333.6103339647016,7116.279805686214,W01500
1080558,1081595,2333.6103339647016,7116.279805686214,4744.505435842784,6405.1750236890575,W01500
