started_at,ended_at,start_x,start_y,end_x,end_y,bike_id
7392,8016,1002.1298273174614,77.58923497942598,-219.1862779950825,754.4078127095321,W20039
38364,38689,-219.1862779950825,754.4078127095321,-543.4342390331508,1377.793344829783,W20039
115813,116885,-543.4342390331508,1377.793344829783,-2169.5321645165045,380.3764934373816,W20039
151926,153004,-2169.5321645165045,380.3764934373816,-1380.3033083701418,-858.2682951157151,W20039
153086,154282,-1380.3033083701418,-858.2682951157151,-1994.3215216154588,-3476.932805400522,W20039
465563,466287,-1460.4283175020964,308.2610377861307,-2287.4332348769594,449.3941773512319,W20039
664925,670409,-2287.4332348769594,449.3941773512319,-2287.4332348769594,449.3941773512319,W20039
759258,759854,-2287.4332348769594,449.3941773512319,-4001.84712299075,833.4441926753292,W20039
841292,841961,-4001.84712299075,833.4441926753292,-2811.4720009168905,-425.46062567272384,W20039
842326,842618,-2811.4720009168905,-425.46062567272384,-3385.173206528012,114.65841037131248,W20039
946426,947710,-3385.173206528012,114.65841037131248,98.47671969768471,1232.2751862723885,W20039
980520,981005,98.47671969768471,1232.2751862723885,-1386.3722255965383,1072.7797094714829,W20039
981753,981975,-1386.3722255965383,1072.7797094714829,-2190.235672060508,980.0441292680304,W20039
1079078,1079468,-1351.952265455199,2402.817269788199,-1386.3722255965383,1072.7797094714829,W20039
1168415,1170187,-2104.020490588656,3097.446862721063,-2853.533219035006,-891.6639486224678,W20039
1170212,1171623,-2853.533219035006,-891.6639486224678,-1891.2395552395976,-909.029688445473,W20039
1171713,1172745,-1891.2395552395976,-909.029688445473,-2248.5703681191844,832.4674209813991,W20039
1175996,1176699,-2248.5703681191844,832.4674209813991,-490.1426245460887,1831.862913672767,W20039
