started_at,ended_at,start_x,start_y,end_x,end_y,bike_id
918323,918922,-82.14293697444242,-1351.7447350956706,-493.3014109226975,113.54792354855924,W20082
927181,927842,-493.3014109226975,113.54792354855924,-101.53103449587984,1825.183782970942,W20082
1070933,1071564,-101.53103449587984,1825.183782970942,-1893.9180927095776,1322.3565600090635,W20082
1078401,1078956,-1893.9180927095776,1322.3565600090635,-1315.9120102200964,375.0331888763961,W20082
1087146,1087761,-1315.9120102200964,375.0331888763961,-1553.745244797235,1509.7618356025214,W20082
1091907,1092686,-1553.745244797235,1509.7618356025214,-929.3914426548988,1038.6048240499654,W20082
1093754,1093932,-929.3914426548988,1038.6048240499654,-500.12939426980034,1054.6347377329218,W20082
1164932,1165250,-500.12939426980034,1054.6347377329218,42.554840611112105,683.8074999788248,W20082
1259447,1260030,42.554840611112105,683.8074999788248,-1369.0198339983065,1373.3405910290935,W20082
1321312,1321579,-2354.6709182688887,2716.8477315926184,-2104.020490588656,3097.446862721063,W20082
1330812,1331492,-2104.020490588656,3097.446862721063,-3385.173206528012,114.65841037131248,W20082
