started_at,ended_at,start_x,start_y,end_x,end_y,bike_id
2103657,2104750,-2697.389185766176,2998.9296848774475,-1154.4178996069331,447.5017569858993,W20081
2227906,2228230,-919.4722224283496,3269.7684348142307,-912.0125818422052,1947.857150184919,W20081
2288918,2290318,-912.0125818422052,1947.857150184919,-543.4342390331508,1377.793344829783,W20081
2653322,2656113,-2248.5703681191844,832.4674209813991,-1553.745244797235,1509.7618356025214,W20081
