started_at,ended_at,start_x,start_y,end_x,end_y,bike_id
1698945,1701238,-1812.32704114666,-1830.5270875335093,-2853.533219035006,-891.6639486224678,W20097
1706912,1707311,-2853.533219035006,-891.6639486224678,-1812.32704114666,-1830.5270875335093,W20097
1771626,1773155,-1812.32704114666,-1830.5270875335093,1731.2087241706054,-162.91512968887474,W20097
1780689,1781532,1731.2087241706054,-162.91512968887474,3861.339855126864,1821.955536465561,W20097
