started_at,ended_at,start_x,start_y,end_x,end_y,bike_id
43540,47390,-1051.840396051375,-834.0564463237743,-1450.099395056315,-447.3904381419498,W20079
208082,208896,2049.325672781144,-9.239464137182011,-570.845296965312,382.6028703385173,W20079
