started_at,ended_at,start_x,start_y,end_x,end_y,bike_id
324057,324618,-491.8525682028344,1997.1891388458932,-1881.431886693912,2146.116013168249,W20000
374633,376019,-1881.431886693912,2146.116013168249,236.3596737786456,-1033.5954760247828,W20000
507360,508240,236.3596737786456,-1033.5954760247828,-2853.533219035006,-891.6639486224678,W20000
752713,753454,-2606.956075627768,-149.61252770917662,-2434.4542367719587,2130.308737174774,W20000
811912,812552,-2434.4542367719587,2130.308737174774,-2287.4332348769594,449.3941773512319,W20000
840685,841497,-2287.4332348769594,449.3941773512319,-543.4342390331508,1377.793344829783,W20000
1361634,1362532,-1051.840396051375,-834.0564463237743,1845.807450034228,-698.5257525098514,W20000
1423742,1424557,1845.807450034228,-698.5257525098514,-65.24421585664805,-642.142757506466,W20000
1435500,1441731,-65.24421585664805,-642.142757506466,-65.24421585664805,-642.142757506466,W20000
1443256,1446925,-65.24421585664805,-642.142757506466,-65.24421585664805,-642.142757506466,W20000
1500266,1500780,-65.24421585664805,-642.142757506466,949.0927421968316,1050.348962199343,W20000
1603432,1604123,949.0927421968316,1050.348962199343,-1051.840396051375,-834.0564463237743,W20000
1611446,1613865,-1051.840396051375,-834.0564463237743,-2811.4720009168905,-425.46062567272384,W20000
1618615,1619128,-2811.4720009168905,-425.46062567272384,-2451.030497734943,814.965264401756,W20000
1623815,1624777,-2451.030497734943,814.965264401756,-500.12939426980034,1054.6347377329218,W20000
1668182,1669439,-500.12939426980034,1054.6347377329218,-2849.1118684293083,-636.9107717910118,W20000
1703031,1704752,-2996.425218577444,611.3630968574403,-65.24421585664805,-642.142757506466,W20000
1704768,1706391,-65.24421585664805,-642.142757506466,223.52812242238716,-443.9395539462969,W20000
1706406,1707560,223.52812242238716,-443.9395539462969,-2808.1861045329406,513.9591074636016,W20000
1777638,1779432,-2808.1861045329406,513.9591074636016,949.0927421968316,1050.348962199343,W20000
1779854,1780015,949.0927421968316,1050.348962199343,1244.6201406197797,1024.896740019206,W20000
1780057,1781260,1244.6201406197797,1024.896740019206,3861.339855126864,1821.955536465561,W20000
1865848,1874946,3861.339855126864,1821.955536465561,3861.339855126864,1821.955536465561,W20000
1877272,1878207,3861.339855126864,1821.955536465561,3254.527701069016,3432.182629700983,W20000
