started_at,ended_at,start_x,start_y,end_x,end_y,bike_id
1171195,1171911,-814.6575640637428,2330.682658213708,-1687.835498630181,3322.088291974309,W20066
1176022,1176193,-1687.835498630181,3322.088291974309,-2259.8608310676686,2967.9830459613117,W20066
1182606,1182757,-2259.8608310676686,2967.9830459613117,-1620.3880588270645,3013.067178195072,W20066
