started_at,ended_at,start_x,start_y,end_x,end_y,bike_id
118228,118710,1578.881831505927,370.5804350772885,-188.8735464652516,-519.5250497148589,W20064
143476,143911,-188.8735464652516,-519.5250497148589,-298.2969459159975,188.1288480866431,W20064
148924,149344,-298.2969459159975,188.1288480866431,-454.3314212995938,1426.328361259987,W20064
150685,151292,-454.3314212995938,1426.328361259987,33.87194837741417,102.3020185750716,W20064
152777,153092,33.87194837741417,102.3020185750716,380.2494234372797,-455.8506703619942,W20064
204499,204772,380.2494234372797,-455.8506703619942,-570.8591111335667,-382.6028703385173,W20064
1341755,1344918,3300.632597357217,3392.887077409542,3300.632597357217,3392.887077409542,W20064
