started_at,ended_at,start_x,start_y,end_x,end_y,bike_id
1180908,1185839,-2905.8530181229416,-3418.601730609433,-2905.8530181229416,-3418.601730609433,W20028
1426299,1427652,-2905.8530181229416,-3418.601730609433,-929.3914426548988,1038.6048240499654,W20028
1431462,1432053,-929.3914426548988,1038.6048240499654,-929.3914426548988,1038.6048240499654,W20028
1435549,1435955,-929.3914426548988,1038.6048240499654,-1553.745244797235,1509.7618356025214,W20028
1510040,1514749,-3060.847950466069,3019.634990051365,-3060.847950466069,3019.634990051365,W20028
1522414,1525534,-3060.847950466069,3019.634990051365,-2849.1118684293083,-636.9107717910118,W20028
1525612,1527369,-2849.1118684293083,-636.9107717910118,-3060.847950466069,3019.634990051365,W20028
1618530,1619094,-2792.164519531742,1461.727753976022,-2450.1589905827414,1407.2928387603392,W20028
1697439,1697766,-2450.1589905827414,1407.2928387603392,-1881.431886693912,2146.116013168249,W20028
1701360,1701505,-1881.431886693912,2146.116013168249,-1923.405460375761,1762.9565486044485,W20028
1705368,1705600,-1923.405460375761,1762.9565486044485,-2018.959555819223,1083.449620274128,W20028
1968663,1968860,-2018.959555819223,1083.449620274128,-1386.3722255965383,1072.7797094714829,W20028
2015656,2016002,-1386.3722255965383,1072.7797094714829,-2451.030497734943,814.965264401756,W20028
2016961,2017293,-2451.030497734943,814.965264401756,-1386.3722255965383,1072.7797094714829,W20028
2034271,2034482,-1386.3722255965383,1072.7797094714829,-1893.9180927095776,1322.3565600090635,W20028
2215198,2215561,-1893.9180927095776,1322.3565600090635,-1893.9180927095776,1322.3565600090635,W20028
