started_at,ended_at,start_x,start_y,end_x,end_y,bike_id
1169941,1173423,-751.8934853725037,11307.54563958927,-559.106132691697,10827.527825537472,W20069
1359461,1360684,-113.54363842153111,4327.405140603152,128.0433274469788,541.454862184085,W20069
1362089,1364395,128.0433274469788,541.454862184085,-113.54363842153111,4327.405140603152,W20069
1535755,1536152,-113.54363842153111,4327.405140603152,-367.4370509722781,3097.5581815665946,W20069
1536573,1536889,-367.4370509722781,3097.5581815665946,-799.8820989751116,2230.607016540563,W20069
1538239,1538706,-799.8820989751116,2230.607016540563,-367.4370509722781,3097.5581815665946,W20069
1540154,1540420,-367.4370509722781,3097.5581815665946,-359.9313181814267,1775.6468969372831,W20069
1551214,1551850,-359.9313181814267,1775.6468969372831,-1865.1073615998864,1368.1086053136396,W20069
1709823,1710568,-1865.1073615998864,1368.1086053136396,-262.4706326389354,2158.472404966072,W20069
1768231,1769678,-262.4706326389354,2158.472404966072,-262.4706326389354,2158.472404966072,W20069
1785924,1787495,-262.4706326389354,2158.472404966072,-897.9286217198713,-619.6006913895858,W20069
2044803,2046929,-897.9286217198713,-619.6006913895858,-1005.3013800123252,2364.690565368115,W20069
2053844,2055358,-1005.3013800123252,2364.690565368115,-1972.4911166466836,1651.3037470482452,W20069
2211798,2211985,-1972.4911166466836,1651.3037470482452,-1329.3469852904998,1973.9057599206133,W20069
2217917,2218296,-1329.3469852904998,1973.9057599206133,-816.9135259411414,1201.1303377814577,W20069
