started_at,ended_at,start_x,start_y,end_x,end_y,bike_id
2103657,2104750,-2697.90097961775,-2998.9296848774475,-1154.4505748659533,-447.5017569858993,W20081
2227906,2228230,-919.6624414465116,-3269.7684348142307,-912.1249626238716,-1947.857150184919,W20081
2288918,2290318,-912.1249626238716,-1947.857150184919,-543.4816018481092,-1377.793344829783,W20081
2653322,2656113,-2248.688768655308,-832.4674209813991,-1553.8936335864703,-1509.7618356025214,W20081
