started_at,ended_at,start_x,start_y,end_x,end_y,bike_id
1536573,1536889,-919.4722224283496,3269.7684348142307,-1351.952265455199,2402.817269788199,W20069
1538239,1538706,-1351.952265455199,2402.817269788199,-919.4722224283496,3269.7684348142307,W20069
1540154,1540420,-919.4722224283496,3269.7684348142307,-912.0125818422052,1947.857150184919,W20069
1551214,1551850,-912.0125818422052,1947.857150184919,-2417.219257666417,1540.3188585612754,W20069
1709823,1710568,-2417.219257666417,1540.3188585612754,-814.5374629822909,2330.682658213708,W20069
1768231,1769678,-814.5374629822909,2330.682658213708,-814.5374629822909,2330.682658213708,W20069
1785924,1787495,-814.5374629822909,2330.682658213708,-1450.099395056315,-447.3904381419498,W20069
2044803,2046929,-1450.099395056315,-447.3904381419498,-1557.3691014905978,2536.900818615751,W20069
2053844,2055358,-1557.3691014905978,2536.900818615751,-2524.594292383785,1823.5140002958813,W20069
2211798,2211985,-2524.594292383785,1823.5140002958813,-1881.431886693912,2146.116013168249,W20069
2217917,2218296,-1881.431886693912,2146.116013168249,-1369.0198339983065,1373.3405910290935,W20069
