started_at,ended_at,start_x,start_y,end_x,end_y,bike_id
56073,56949,-1369.0198339983065,1373.3405910290935,-1051.840396051375,-834.0564463237743,W20179
156254,158072,-1051.840396051375,-834.0564463237743,-1051.840396051375,-834.0564463237743,W20179
406795,407108,-1051.840396051375,-834.0564463237743,-1450.099395056315,-447.3904381419498,W20179
414275,416068,-1450.099395056315,-447.3904381419498,-2849.1118684293083,-636.9107717910118,W20179
483594,484795,-2849.1118684293083,-636.9107717910118,-1380.3033083701418,-858.2682951157151,W20179
569509,570044,-1380.3033083701418,-858.2682951157151,-65.24421585664805,-642.142757506466,W20179
570227,570591,-65.24421585664805,-642.142757506466,-104.30822423996608,-1101.0580053229169,W20179
722544,723171,-2172.0118915123644,2509.7946798534413,-2594.876311980931,495.12537678995767,W20179
839810,840170,-1574.715056457654,1019.791939240589,-2925.311977241168,1006.3223589937804,W20179
