started_at,ended_at,start_x,start_y,end_x,end_y,bike_id
644419,644607,935.4237256342964,2444.89579320685,1365.4932069247875,2172.053304059203,W20174
1094016,1094833,2882.952305394294,-1117.1959286344277,1731.1908863231297,162.91512968887474,W20174
1161117,1162227,1731.1908863231297,162.91512968887474,-65.24156624682065,642.142757506466,W20174
1179135,1180486,-65.24156624682065,642.142757506466,-2848.997106809029,636.9107717910118,W20174
1893997,1895300,-3204.558176754409,-842.0157437416958,949.1557991213356,-1050.348962199343,W20174
2049939,2053271,949.1557991213356,-1050.348962199343,949.1557991213356,-1050.348962199343,W20174
2059765,2060386,949.1557991213356,-1050.348962199343,-814.6575640637428,-2330.682658213708,W20174
2270688,2270972,-814.6575640637428,-2330.682658213708,-543.4816018481092,-1377.793344829783,W20174
