started_at,ended_at,start_x,start_y,end_x,end_y,bike_id
496157,496667,-10728.366846599922,20768.64559680681,-10254.117713944914,19872.75153207472,W20153
1443269,1446002,-10254.117713944914,19872.75153207472,-10254.117713944914,19872.75153207472,W20153
1701815,1707666,-10254.117713944914,19872.75153207472,-10254.117713944914,19872.75153207472,W20153
1866115,1868773,-10254.117713944914,19872.75153207472,-10254.117713944914,19872.75153207472,W20153
