started_at,ended_at,start_x,start_y,end_x,end_y,bike_id
116400,118237,-1687.4808070499614,3322.088291974309,657.2141925881731,382.9368268735295,W20119
238995,239469,657.2141925881731,382.9368268735295,1399.084123210781,-702.1992743957761,W20119
288918,289830,1399.084123210781,-702.1992743957761,491.4143385422106,-2930.0207841319307,W20119
373302,373571,491.4143385422106,-2930.0207841319307,-117.15367456973772,-2177.897543422312,W20119
376319,377638,-117.15367456973772,-2177.897543422312,-1460.4283175020964,308.2610377861307,W20119
381393,382822,-1460.4283175020964,308.2610377861307,-65.24421585664805,-642.142757506466,W20119
659832,661111,-65.24421585664805,-642.142757506466,-2853.533219035006,-891.6639486224678,W20119
663356,664457,-2853.533219035006,-891.6639486224678,-1017.6238913195454,-1111.63304402804,W20119
678386,679029,-1687.4808070499614,3322.088291974309,-1881.431886693912,2146.116013168249,W20119
714926,715307,-1881.431886693912,2146.116013168249,-2996.425218577444,611.3630968574403,W20119
