started_at,ended_at,start_x,start_y,end_x,end_y,bike_id
1184833,1185523,-3034.3151206031275,-1150.702900985921,-1553.8936335864703,-1509.7618356025214,W20122
1188284,1188593,-1553.8936335864703,-1509.7618356025214,-1555.499352562064,-542.4818752125246,W20122
1346989,1347328,2447.250630792388,-463.5171925950309,1111.6447822315015,-379.2633049876047,W20122
1441908,1442579,1111.6447822315015,-379.2633049876047,1365.4932069247875,2172.053304059203,W20122
1622790,1623546,2476.9813389677024,1485.856961461107,1871.390976861553,-409.52126345482736,W20122
