started_at,ended_at,start_x,start_y,end_x,end_y,bike_id
315076,315803,6132.346305542714,-3586.6931865913925,6132.346305542714,-3586.6931865913925,W20117
806825,807676,6132.346305542714,-3586.6931865913925,3915.4924565580086,-4501.8433194126255,W20117
926460,926580,3915.4924565580086,-4501.8433194126255,3915.4924565580086,-4501.8433194126255,W20117
