started_at,ended_at,start_x,start_y,end_x,end_y,bike_id
72019,72675,-1351.952265455199,2402.817269788199,-929.3914426548988,1038.6048240499654,W20106
77006,77316,-929.3914426548988,1038.6048240499654,-490.1426245460887,1831.862913672767,W20106
203920,204394,-490.1426245460887,1831.862913672767,-1031.196919700857,841.1251929813999,W20106
240033,240246,-1031.196919700857,841.1251929813999,-570.845296965312,382.6028703385173,W20106
408118,408734,-3034.094275550209,1150.702900985921,-1031.196919700857,841.1251929813999,W20106
413134,413363,-1031.196919700857,841.1251929813999,-570.845296965312,382.6028703385173,W20106
415290,416083,-570.845296965312,382.6028703385173,1259.9606745071096,-989.0679380163066,W20106
465084,465451,1259.9606745071096,-989.0679380163066,1111.6181164467437,379.2633049876047,W20106
806372,807300,1017.9191426354972,2436.9921552089254,-493.3014109226975,113.54792354855924,W20106
983717,984604,1017.9191426354972,2436.9921552089254,-907.7828902857132,177.44223896388112,W20106
1011816,1012057,-907.7828902857132,177.44223896388112,-188.8673402319529,519.5250497148589,W20106
1012749,1014080,-188.8673402319529,519.5250497148589,-2354.6709182688887,2716.8477315926184,W20106
1019625,1020286,-2354.6709182688887,2716.8477315926184,-912.0125818422052,1947.857150184919,W20106
1077559,1078005,-912.0125818422052,1947.857150184919,-1574.715056457654,1019.791939240589,W20106
1084115,1084516,-1574.715056457654,1019.791939240589,-1351.952265455199,2402.817269788199,W20106
1120630,1122245,-912.0125818422052,1947.857150184919,-1051.840396051375,-834.0564463237743,W20106
1123547,1124159,-1051.840396051375,-834.0564463237743,-1812.32704114666,-1830.5270875335093,W20106
1124190,1125732,-1812.32704114666,-1830.5270875335093,-1812.32704114666,-1830.5270875335093,W20106
1125758,1126703,-1812.32704114666,-1830.5270875335093,-824.4664002727116,-360.1164636447984,W20106
1259790,1260210,-2194.889224699188,1823.9592756756335,-2259.436558225718,2967.9830459613117,W20106
1338966,1339936,-2259.436558225718,2967.9830459613117,-912.0125818422052,1947.857150184919,W20106
2190022,2190194,-2172.0118915123644,2509.7946798534413,-2194.889224699188,1823.9592756756335,W20106
