started_at,ended_at,start_x,start_y,end_x,end_y,bike_id
56073,56949,-1369.1387647616386,1373.3405910290935,-1051.7849150501052,-834.0564463237743,W20179
156254,158072,-1051.7849150501052,-834.0564463237743,-1051.7849150501052,-834.0564463237743,W20179
406795,407108,-1051.7849150501052,-834.0564463237743,-1450.058364987162,-447.3904381419498,W20179
414275,416068,-1450.058364987162,-447.3904381419498,-2848.997106809029,-636.9107717910118,W20179
483594,484795,-2848.997106809029,-636.9107717910118,-1380.2283887746603,-858.2682951157151,W20179
569509,570044,-1380.2283887746603,-858.2682951157151,-65.24156624682065,-642.142757506466,W20179
570227,570591,-65.24156624682065,-642.142757506466,-104.30096126102605,-1101.0580053229169,W20179
722544,723171,-2172.35676658326,2509.7946798534413,-2594.957575458331,495.12537678995767,W20179
839810,840170,-1574.8166351441266,1019.791939240589,-2925.498184966575,1006.3223589937804,W20179
