started_at,ended_at,start_x,start_y,end_x,end_y,bike_id
200687,200971,491.4143385422106,-2930.0207841319307,-117.15367456973772,-2177.897543422312,W20121
201482,202626,-117.15367456973772,-2177.897543422312,-1555.445981478385,542.4818752125246,W20121
339074,339509,-424.0757252336529,713.6651154317209,-2451.030497734943,814.965264401756,W20121
342503,342813,-2451.030497734943,814.965264401756,-3499.0812210478525,986.6189234248992,W20121
402986,404095,-3499.0812210478525,986.6189234248992,-3499.0812210478525,986.6189234248992,W20121
477049,477627,-2354.6709182688887,2716.8477315926184,-922.0093029382764,1354.416387375768,W20121
505637,505860,-922.0093029382764,1354.416387375768,-842.3452252522125,683.1637518961281,W20121
590521,590890,-842.3452252522125,683.1637518961281,-1460.4283175020964,308.2610377861307,W20121
650735,651179,-1460.4283175020964,308.2610377861307,-1450.099395056315,-447.3904381419498,W20121
656144,659875,-1450.099395056315,-447.3904381419498,-1450.099395056315,-447.3904381419498,W20121
746837,748241,-1450.099395056315,-447.3904381419498,-1309.9813548408183,-194.6966599429369,W20121
751018,751790,-1309.9813548408183,-194.6966599429369,1002.1298273174614,77.58923497942598,W20121
752471,752940,1002.1298273174614,77.58923497942598,1399.084123210781,-702.1992743957761,W20121
756024,756475,1399.084123210781,-702.1992743957761,2873.9839282869875,-707.4312601120213,W20121
798325,798647,2873.9839282869875,-707.4312601120213,1835.2706095118488,-1359.8153513599148,W20121
832156,832598,1835.2706095118488,-1359.8153513599148,2049.325672781144,-9.239464137182011,W20121
895115,895843,2049.325672781144,-9.239464137182011,-246.9191299668783,106.75477237497007,W20121
926441,927349,-246.9191299668783,106.75477237497007,-1923.405460375761,1762.9565486044485,W20121
931824,932097,-1923.405460375761,1762.9565486044485,-1553.745244797235,1509.7618356025214,W20121
1020792,1021216,-2311.895100954131,239.22419795062223,-2792.164519531742,1461.727753976022,W20121
1719019,1719674,-2792.164519531742,1461.727753976022,-1351.952265455199,2402.817269788199,W20121
1776704,1778771,-1351.952265455199,2402.817269788199,-1553.745244797235,1509.7618356025214,W20121
2308769,2309145,-2808.1861045329406,513.9591074636016,-2194.889224699188,1823.9592756756335,W20121
