started_at,ended_at,start_x,start_y,end_x,end_y,bike_id
1102904,1103310,-3034.094275550209,1150.702900985921,-3385.173206528012,114.65841037131248,W20192
1177685,1178616,-3385.173206528012,114.65841037131248,-2450.1589905827414,1407.2928387603392,W20192
1256964,1260524,-2450.1589905827414,1407.2928387603392,-2605.6813026458703,-1351.7447350956706,W20192
1357812,1358779,-1574.715056457654,1019.791939240589,-1450.099395056315,-447.3904381419498,W20192
1362231,1364155,-1450.099395056315,-447.3904381419498,666.9437976964771,1810.1557388930216,W20192
1367725,1368709,666.9437976964771,1810.1557388930216,104.65262178054566,350.0977675920606,W20192
1412983,1413209,104.65262178054566,350.0977675920606,-298.30049519174673,-188.1288480866431,W20192
1447075,1447263,-298.30049519174673,-188.1288480866431,104.65262178054566,350.0977675920606,W20192
1620155,1622389,104.65262178054566,350.0977675920606,-188.8673402319529,519.5250497148589,W20192
1700233,1700502,-188.8673402319529,519.5250497148589,-584.2071226972812,-157.18220917050687,W20192
1703410,1704345,-584.2071226972812,-157.18220917050687,2852.2638477301693,103.74916355986063,W20192
2481466,2483584,2852.2638477301693,103.74916355986063,2438.2540112858683,-645.8719388147609,W20192
2489009,2489998,2438.2540112858683,-645.8719388147609,-117.15367456973772,-2177.897543422312,W20192
2531248,2532009,-117.15367456973772,-2177.897543422312,-117.15367456973772,-2177.897543422312,W20192
