started_at,ended_at,start_x,start_y,end_x,end_y,bike_id
757206,757826,-1260.1040304636565,-2002.7373407811456,-1339.0478585909025,-1081.2399416931091,W20126
757919,758632,-1339.0478585909025,-1081.2399416931091,-2259.2871664561067,-597.6708789203599,W20126
843313,844420,-2259.2871664561067,-597.6708789203599,656.7786122192275,177.88751434442463,W20126
925103,925654,656.7786122192275,177.88751434442463,-377.2782335264637,866.3945708023293,W20126
943367,943759,-377.2782335264637,866.3945708023293,-1001.6416887046756,1337.5515823548856,W20126
944417,944555,-1001.6416887046756,1337.5515823548856,-1161.491409832351,1652.194297808541,W20126
982224,982590,-1161.491409832351,1652.194297808541,-2094.393320151142,858.8805487633692,W20126
1009205,1010158,-2094.393320151142,858.8805487633692,-1068.027447763776,2840.856924947436,W20126
1012544,1013370,-1068.027447763776,2840.856924947436,58.03875561149759,1969.2303684296523,W20126
1013847,1014616,58.03875561149759,1969.2303684296523,-1068.027447763776,2840.856924947436,W20126
1027414,1027540,-1068.027447763776,2840.856924947436,-823.3139626658171,3058.373948119104,W20126
1066135,1067204,-823.3139626658171,3058.373948119104,-1371.3067196627298,1590.7462953568122,W20126
1067295,1067809,-1371.3067196627298,1590.7462953568122,-1003.3086266819548,370.2716219648887,W20126
1100587,1100788,-823.3139626658171,3058.373948119104,-799.8820989751116,2230.607016540563,W20126
1164473,1165649,-1379.7769751705168,3794.859426781138,51.97857877547188,882.4244844852859,W20126
1176619,1184747,51.97857877547188,882.4244844852859,2596.793129117454,3863.209197624172,W20126
1444262,1444497,2596.793129117454,3863.209197624172,3754.99291463305,3909.517837153241,W20126
2644952,2645748,3754.99291463305,3909.517837153241,2370.607497604895,4095.42030833954,W20126
