started_at,ended_at,start_x,start_y,end_x,end_y,bike_id
124256,124570,98.47671969768471,1232.2751862723885,-188.8673402319529,519.5250497148589,W20150
1260924,1262237,-919.4722224283496,3269.7684348142307,-2792.164519531742,1461.727753976022,W20150
1342871,1343060,-1893.9180927095776,1322.3565600090635,-2248.5703681191844,832.4674209813991,W20150
1454051,1454571,-2248.5703681191844,832.4674209813991,-188.8673402319529,519.5250497148589,W20150
1454738,1455265,-188.8673402319529,519.5250497148589,2049.325672781144,-9.239464137182011,W20150
1869832,1873127,-188.8673402319529,519.5250497148589,223.52812242238716,-443.9395539462969,W20150
2054801,2055313,223.52812242238716,-443.9395539462969,-219.1862779950825,754.4078127095321,W20150
2206634,2207726,-219.1862779950825,754.4078127095321,-2925.311977241168,1006.3223589937804,W20150
2465447,2471905,-1994.3215216154588,-3476.932805400522,-1994.3215216154588,-3476.932805400522,W20150
2481475,2485138,-1994.3215216154588,-3476.932805400522,-1994.3215216154588,-3476.932805400522,W20150
