started_at,ended_at,start_x,start_y,end_x,end_y,bike_id
835516,836205,-2849.1118684293083,-636.9107717910118,-493.3014109226975,113.54792354855924,W20124
845302,846368,-493.3014109226975,113.54792354855924,1849.37095562868,720.130750546742,W20124
919992,920515,1849.37095562868,720.130750546742,2852.2638477301693,103.74916355986063,W20124
