started_at,ended_at,start_x,start_y,end_x,end_y,bike_id
195286,195439,-2104.020490588656,3097.446862721063,-2089.6479554302955,2393.132530270474,W20144
225855,227286,-2089.6479554302955,2393.132530270474,-497.6852901437867,-1112.8544936800606,W20144
235507,236065,-497.6852901437867,-1112.8544936800606,-570.845296965312,382.6028703385173,W20144
236186,236830,-570.845296965312,382.6028703385173,1259.9606745071096,-989.0679380163066,W20144
240601,241131,1259.9606745071096,-989.0679380163066,104.65262178054566,350.0977675920606,W20144
250600,251120,104.65262178054566,350.0977675920606,1259.9606745071096,-989.0679380163066,W20144
292268,292467,1259.9606745071096,-989.0679380163066,1706.091148736327,-1036.489765995152,W20144
321265,321399,1706.091148736327,-1036.489765995152,1835.2706095118488,-1359.8153513599148,W20144
324290,324970,1835.2706095118488,-1359.8153513599148,1884.1796308376872,112.54335231649912,W20144
331828,332042,1835.2706095118488,-1359.8153513599148,2285.373851356912,-1533.30577132602,W20144
377744,377934,2285.373851356912,-1533.30577132602,1835.2706095118488,-1359.8153513599148,W20144
387308,387690,1835.2706095118488,-1359.8153513599148,1578.918836795151,-370.5804350772885,W20144
396237,396424,1578.918836795151,-370.5804350772885,1572.4295790921033,412.8815961838383,W20144
397904,398938,1572.4295790921033,412.8815961838383,949.0927421968316,1050.348962199343,W20144
496190,496578,-1687.4808070499614,3322.088291974309,-919.4722224283496,3269.7684348142307,W20144
563021,564206,-919.4722224283496,3269.7684348142307,1260.3648729942292,461.861887993795,W20144
564752,564964,1260.3648729942292,461.861887993795,1244.6201406197797,1024.896740019206,W20144
572780,573332,1244.6201406197797,1024.896740019206,2175.7585113241184,414.1061034791464,W20144
587438,588126,2175.7585113241184,414.1061034791464,1244.6201406197797,1024.896740019206,W20144
656201,657243,1244.6201406197797,1024.896740019206,223.52812242238716,-443.9395539462969,W20144
674945,676274,223.52812242238716,-443.9395539462969,-842.3452252522125,683.1637518961281,W20144
749561,750553,-842.3452252522125,683.1637518961281,236.3596737786456,-1033.5954760247828,W20144
755150,756024,236.3596737786456,-1033.5954760247828,3193.6869502417144,171.98761555736422,W20144
