started_at,ended_at,start_x,start_y,end_x,end_y,bike_id
413531,415298,2882.7485871704607,1117.1959286344277,-814.5374629822909,2330.682658213708,W20188
509610,509818,-828.8681814864412,-38.85027691326964,-584.2071226972812,-157.18220917050687,W20188
567287,568320,-1375.3554708776364,3230.58420136674,-1555.445981478385,542.4818752125246,W20188
580891,581737,-1555.445981478385,542.4818752125246,-491.8525682028344,1997.1891388458932,W20188
639116,639441,259.6198942404481,1818.615971114648,-219.1862779950825,754.4078127095321,W20188
650055,650422,-219.1862779950825,754.4078127095321,949.0927421968316,1050.348962199343,W20188
650598,650983,949.0927421968316,1050.348962199343,1572.4295790921033,412.8815961838383,W20188
660847,661287,1572.4295790921033,412.8815961838383,2500.732022251305,-159.2972672261112,W20188
662026,662461,2500.732022251305,-159.2972672261112,1572.4295790921033,412.8815961838383,W20188
727605,730658,666.9437976964771,1810.1557388930216,-2594.876311980931,495.12537678995767,W20188
980024,980353,-4001.84712299075,833.4441926753292,-2996.425218577444,611.3630968574403,W20188
1002319,1002440,-2996.425218577444,611.3630968574403,-2594.876311980931,495.12537678995767,W20188
1098758,1099805,-2594.876311980931,495.12537678995767,-188.8673402319529,519.5250497148589,W20188
1109809,1110463,-188.8673402319529,519.5250497148589,-1008.4935812659144,2284.707975219652,W20188
1267684,1268530,753.3851724438222,2085.781199166297,1244.6201406197797,1024.896740019206,W20188
1282036,1282911,1244.6201406197797,1024.896740019206,753.3851724438222,2085.781199166297,W20188
1357812,1358191,753.3851724438222,2085.781199166297,-490.1426245460887,1831.862913672767,W20188
1704385,1706589,-912.0125818422052,1947.857150184919,-912.0125818422052,1947.857150184919,W20188
1771889,1772150,-912.0125818422052,1947.857150184919,-1881.431886693912,2146.116013168249,W20188
1781668,1783361,-1881.431886693912,2146.116013168249,-1380.3033083701418,-858.2682951157151,W20188
