started_at,ended_at,start_x,start_y,end_x,end_y,bike_id
213415,214985,-2849.1118684293083,-636.9107717910118,-65.24421585664805,-642.142757506466,W20118
228800,239055,-65.24421585664805,-642.142757506466,-2853.533219035006,-891.6639486224678,W20118
302107,304597,-2853.533219035006,-891.6639486224678,-568.1726241532793,-1955.7830855160428,W20118
304662,305681,-568.1726241532793,-1955.7830855160428,-1380.3033083701418,-858.2682951157151,W20118
315544,316468,-1380.3033083701418,-858.2682951157151,1157.659916597574,-143.71262892290716,W20118
327674,328161,1157.659916597574,-143.71262892290716,-188.8673402319529,519.5250497148589,W20118
341888,342109,-188.8673402319529,519.5250497148589,-543.4342390331508,1377.793344829783,W20118
375581,375997,-543.4342390331508,1377.793344829783,-1154.4178996069331,447.5017569858993,W20118
