started_at,ended_at,start_x,start_y,end_x,end_y,bike_id
491151,492892,1671.9960725413196,3476.9328053997306,-497.6852901437867,-1112.8544936800606,W20244
663478,665992,-497.6852901437867,-1112.8544936800606,223.52812242238716,-443.9395539462969,W20244
670958,677199,223.52812242238716,-443.9395539462969,223.52812242238716,-443.9395539462969,W20244
758664,759060,-568.1726241532793,-1955.7830855160428,-1017.6238913195454,-1111.63304402804,W20244
818123,824476,-1017.6238913195454,-1111.63304402804,1002.1298273174614,77.58923497942598,W20244
842817,843185,1002.1298273174614,77.58923497942598,2447.178885471176,463.5171925950309,W20244
891603,892043,2447.178885471176,463.5171925950309,1002.1298273174614,77.58923497942598,W20244
892098,892783,1002.1298273174614,77.58923497942598,-802.7521471361426,-996.414981787365,W20244
927801,928115,-802.7521471361426,-996.414981787365,236.3596737786456,-1033.5954760247828,W20244
928465,929313,236.3596737786456,-1033.5954760247828,3193.6869502417144,171.98761555736422,W20244
1175875,1176474,3193.6869502417144,171.98761555736422,1884.1796308376872,112.54335231649912,W20244
1181783,1182039,1884.1796308376872,112.54335231649912,1260.3648729942292,461.861887993795,W20244
1190872,1191470,1260.3648729942292,461.861887993795,949.0927421968316,1050.348962199343,W20244
1222178,1223070,949.0927421968316,1050.348962199343,45.64780756438548,2377.6592108128007,W20244
1279535,1280292,45.64780756438548,2377.6592108128007,-2089.6479554302955,2393.132530270474,W20244
1364220,1365434,-2089.6479554302955,2393.132530270474,364.51883299847503,2132.201157540106,W20244
1414184,1415297,364.51883299847503,2132.201157540106,912.5376302209072,-1263.1349344592616,W20244
1434450,1441916,912.5376302209072,-1263.1349344592616,-1380.3033083701418,-858.2682951157151,W20244
1531351,1535535,2537.13450151344,831.4404534644652,2537.13450151344,831.4404534644652,W20244
1769261,1772467,2537.13450151344,831.4404534644652,-1380.3033083701418,-858.2682951157151,W20244
1778255,1779398,-1380.3033083701418,-858.2682951157151,-1557.3691014905978,2536.900818615751,W20244
1857237,1858113,-1557.3691014905978,2536.900818615751,-4214.829945059849,1013.5580839200984,W20244
