started_at,ended_at,start_x,start_y,end_x,end_y,bike_id
119307,119911,357.95233295209937,1378.1273013647951,-843.6894071192287,220.42732905849545,W20295
156461,157114,-1333.1244526763924,2761.931863826379,753.3851724438222,2085.781199166297,W20295
199263,200187,753.3851724438222,2085.781199166297,-842.3452252522125,683.1637518961281,W20295
291358,291637,-842.3452252522125,683.1637518961281,-1309.9813548408183,-194.6966599429369,W20295
328658,329973,-1309.9813548408183,-194.6966599429369,2842.538526966029,2153.0177815595557,W20295
330315,330582,2842.538526966029,2153.0177815595557,3861.339855126864,1821.955536465561,W20295
376035,377681,3861.339855126864,1821.955536465561,-1460.4283175020964,308.2610377861307,W20295
495919,496515,-1460.4283175020964,308.2610377861307,-2194.889224699188,1823.9592756756335,W20295
600538,600718,-2194.889224699188,1823.9592756756335,-2172.0118915123644,2509.7946798534413,W20295
606295,606804,-2172.0118915123644,2509.7946798534413,-1369.0198339983065,1373.3405910290935,W20295
638534,638740,-1369.0198339983065,1373.3405910290935,-1555.445981478385,542.4818752125246,W20295
642074,642341,-1555.445981478385,542.4818752125246,-1553.745244797235,1509.7618356025214,W20295
653192,653465,-1620.0792206913457,3013.067178195072,-1008.4935812659144,2284.707975219652,W20295
654362,655646,-1008.4935812659144,2284.707975219652,-1380.3033083701418,-858.2682951157151,W20295
657807,660999,-1380.3033083701418,-858.2682951157151,-802.7521471361426,-996.414981787365,W20295
837407,838486,-802.7521471361426,-996.414981787365,-2853.533219035006,-891.6639486224678,W20295
857527,858864,-2853.533219035006,-891.6639486224678,-1812.32704114666,-1830.5270875335093,W20295
902227,902985,-1812.32704114666,-1830.5270875335093,-1051.840396051375,-834.0564463237743,W20295
913244,914156,-1051.840396051375,-834.0564463237743,422.87264992317904,94.06442404292608,W20295
1098275,1099437,-1917.467610232194,723.2385361039151,-3060.847950466069,3019.634990051365,W20295
2480797,2482011,-82.14293697444242,-1351.7447350956706,1399.084123210781,-702.1992743957761,W20295
2482129,2483311,1399.084123210781,-702.1992743957761,1706.091148736327,-1036.489765995152,W20295
