started_at,ended_at,start_x,start_y,end_x,end_y,bike_id
47797,48121,-14366.583113339228,254.92015509935763,-14366.583113339228,254.92015509935763,W20276
291737,291995,-14366.583113339228,254.92015509935763,-14503.535530257355,-293.659113166305,W20276
374129,374890,-14503.535530257355,-293.659113166305,-13060.18523441288,-1377.6820259858337,W20276
2402724,2403875,-13060.18523441288,-1377.6820259858337,-9033.135400472696,-2369.0876597464344,W20276
2462478,2463546,-9033.135400472696,-2369.0876597464344,-12750.84981053476,-1676.9070814033955,W20276
