started_at,ended_at,start_x,start_y,end_x,end_y,bike_id
659756,660976,-2849.1118684293083,-636.9107717910118,236.3596737786456,-1033.5954760247828,W20281
678247,678589,1578.918836795151,-370.5804350772885,1244.6201406197797,1024.896740019206,W20281
816015,816325,1000.298381636028,1637.3888914201018,657.2141925881731,382.9368268735295,W20281
845805,846650,657.2141925881731,382.9368268735295,-1051.840396051375,-834.0564463237743,W20281
853067,856784,-1051.840396051375,-834.0564463237743,-1051.840396051375,-834.0564463237743,W20281
858056,859707,-1051.840396051375,-834.0564463237743,-2849.1118684293083,-636.9107717910118,W20281
859879,860832,-2849.1118684293083,-636.9107717910118,-2594.876311980931,495.12537678995767,W20281
906468,907065,-2594.876311980931,495.12537678995767,-493.3014109226975,113.54792354855924,W20281
1018313,1019102,-493.3014109226975,113.54792354855924,-2803.1298600936816,296.3567677708471,W20281
1020266,1020425,-2803.1298600936816,296.3567677708471,-2892.405826201766,-17.69969635880834,W20281
1206064,1206538,-919.4722224283496,3269.7684348142307,-2172.0118915123644,2509.7946798534413,W20281
1270709,1271089,-2172.0118915123644,2509.7946798534413,-1351.952265455199,2402.817269788199,W20281
1278927,1279389,-1351.952265455199,2402.817269788199,45.64780756438548,2377.6592108128007,W20281
1319545,1320190,45.64780756438548,2377.6592108128007,-493.3014109226975,113.54792354855924,W20281
1343835,1345982,-493.3014109226975,113.54792354855924,-2849.1118684293083,-636.9107717910118,W20281
1440062,1442471,-2849.1118684293083,-636.9107717910118,364.51883299847503,2132.201157540106,W20281
1504670,1505401,364.51883299847503,2132.201157540106,-929.3914426548988,1038.6048240499654,W20281
