started_at,ended_at,start_x,start_y,end_x,end_y,bike_id
127871,140561,-1516.5299053546212,-10540.336159701374,-1544.8651757574698,-9513.197176688142,W20222
288459,288756,-1544.8651757574698,-9513.197176688142,-1516.5299053546212,-10540.336159701374,W20222
567656,568476,-1516.5299053546212,-10540.336159701374,-3995.067736967149,-10764.420994729331,W20222
647406,647656,-3995.067736967149,-10764.420994729331,-3995.067736967149,-10764.420994729331,W20222
2478935,2482192,-3995.067736967149,-10764.420994729331,-3995.067736967149,-10764.420994729331,W20222
2548035,2550256,-3995.067736967149,-10764.420994729331,-3995.067736967149,-10764.420994729331,W20222
2568932,2569322,-3995.067736967149,-10764.420994729331,-3293.978298374221,-10400.742328044142,W20222
2571072,2571388,-3293.978298374221,-10400.742328044142,-3995.067736967149,-10764.420994729331,W20222
