started_at,ended_at,start_x,start_y,end_x,end_y,bike_id
53074,54615,3861.339855126864,1821.955536465561,3430.750056568192,-741.7174643782791,W20221
63599,64608,3430.750056568192,-741.7174643782791,1682.9689672611153,1296.3079502741607,W20221
72527,73192,1682.9689672611153,1296.3079502741607,3861.339855126864,1821.955536465561,W20221
113195,113449,3861.339855126864,1821.955536465561,2842.538526966029,2153.0177815595557,W20221
146748,147779,2842.538526966029,2153.0177815595557,2438.2540112858683,-645.8719388147609,W20221
198569,198988,2438.2540112858683,-645.8719388147609,1002.1298273174614,77.58923497942598,W20221
200752,201345,1002.1298273174614,77.58923497942598,236.3596737786456,-1033.5954760247828,W20221
202072,202776,236.3596737786456,-1033.5954760247828,-1462.7862234637655,22.472351936458256,W20221
209868,210705,-1462.7862234637655,22.472351936458256,-568.1726241532793,-1955.7830855160428,W20221
239482,239890,-568.1726241532793,-1955.7830855160428,933.1862516873412,-1937.9287301948511,W20221
286797,287124,933.1862516873412,-1937.9287301948511,236.3596737786456,-1033.5954760247828,W20221
580364,580772,-1687.4808070499614,3322.088291974309,-1553.745244797235,1509.7618356025214,W20221
588334,588778,-1553.745244797235,1509.7618356025214,-2604.841974791065,587.31822633261,W20221
663170,664245,-2604.841974791065,587.31822633261,42.554840611112105,683.8074999788248,W20221
722912,723874,42.554840611112105,683.8074999788248,-2169.5321645165045,380.3764934373816,W20221
753775,754328,-2169.5321645165045,380.3764934373816,-1553.745244797235,1509.7618356025214,W20221
807029,807401,-1553.745244797235,1509.7618356025214,-2089.6479554302955,2393.132530270474,W20221
810120,810624,-2089.6479554302955,2393.132530270474,-1386.3722255965383,1072.7797094714829,W20221
811277,811679,-1386.3722255965383,1072.7797094714829,-2311.895100954131,239.22419795062223,W20221
843321,844184,-2311.895100954131,239.22419795062223,-757.2144788708657,-1761.398084774919,W20221
889546,890313,-757.2144788708657,-1761.398084774919,-2853.533219035006,-891.6639486224678,W20221
895462,898136,-2853.533219035006,-891.6639486224678,-2853.533219035006,-891.6639486224678,W20221
899372,899675,-2853.533219035006,-891.6639486224678,-2605.6813026458703,-1351.7447350956706,W20221
901045,901911,-2605.6813026458703,-1351.7447350956706,-1812.32704114666,-1830.5270875335093,W20221
994161,994868,-1812.32704114666,-1830.5270875335093,-1994.3215216154588,-3476.932805400522,W20221
