started_at,ended_at,start_x,start_y,end_x,end_y,bike_id
2221905,2222156,-2259.436558225718,2967.9830459613117,-2194.4774136437,1670.339269546311,W20240
2275965,2276684,-2194.4774136437,1670.339269546311,-1460.4283175020964,308.2610377861307,W20240
2302070,2302503,-1460.4283175020964,308.2610377861307,42.554840611112105,683.8074999788248,W20240
2325592,2335692,42.554840611112105,683.8074999788248,-757.2144788708657,-1761.398084774919,W20240
2455529,2467619,-757.2144788708657,-1761.398084774919,-757.2144788708657,-1761.398084774919,W20240
2486800,2488340,-757.2144788708657,-1761.398084774919,-65.24421585664805,-642.142757506466,W20240
2488359,2490424,-65.24421585664805,-642.142757506466,-1031.196919700857,841.1251929813999,W20240
2543643,2543870,-1031.196919700857,841.1251929813999,-1917.467610232194,723.2385361039151,W20240
