started_at,ended_at,start_x,start_y,end_x,end_y,bike_id
303670,303889,2447.178885471176,463.5171925950309,2500.732022251305,-159.2972672261112,W20228
319254,319667,2500.732022251305,-159.2972672261112,1399.084123210781,-702.1992743957761,W20228
332230,332430,1399.084123210781,-702.1992743957761,1578.918836795151,-370.5804350772885,W20228
377963,379304,1578.918836795151,-370.5804350772885,-1574.715056457654,1019.791939240589,W20228
387097,389528,-1574.715056457654,1019.791939240589,-1592.754378936063,822.8132429757283,W20228
411532,413587,-1592.754378936063,822.8132429757283,-2018.959555819223,1083.449620274128,W20228
414335,414693,-2018.959555819223,1083.449620274128,-1367.2120777705156,238.8902414156101,W20228
419900,420281,-1367.2120777705156,238.8902414156101,-219.1862779950825,754.4078127095321,W20228
426989,427153,-219.1862779950825,754.4078127095321,-570.845296965312,382.6028703385173,W20228
429320,430112,-570.845296965312,382.6028703385173,1731.2087241706054,-162.91512968887474,W20228
465241,466098,1731.2087241706054,-162.91512968887474,-104.30822423996608,-1101.0580053229169,W20228
748722,753852,-494.03119251583706,2141.440621677288,3861.339855126864,1821.955536465561,W20228
1073381,1077209,3861.339855126864,1821.955536465561,3861.339855126864,1821.955536465561,W20228
1261090,1264622,3861.339855126864,1821.955536465561,3861.339855126864,1821.955536465561,W20228
1269555,1270621,3861.339855126864,1821.955536465561,1849.37095562868,720.130750546742,W20228
1439245,1525448,1849.37095562868,720.130750546742,1849.37095562868,720.130750546742,W20228
