started_at,ended_at,start_x,start_y,end_x,end_y,bike_id
116987,119105,1120.6795998258754,2058.068864235805,-2605.26842578739,-423.4568864618599,W20289
234878,236138,-2605.26842578739,-423.4568864618599,-584.2071226972812,-157.18220917050687,W20289
293277,293555,-1881.431886693912,2146.116013168249,-1893.9180927095776,1322.3565600090635,W20289
320657,322070,-1893.9180927095776,1322.3565600090635,-117.15367456973772,-2177.897543422312,W20289
338612,340204,-117.15367456973772,-2177.897543422312,-912.0125818422052,1947.857150184919,W20289
380216,381288,-912.0125818422052,1947.857150184919,-4214.829945059849,1013.5580839200984,W20289
573729,574418,-3060.847950466069,3019.634990051365,-1351.952265455199,2402.817269788199,W20289
583847,584160,-1351.952265455199,2402.817269788199,-2194.889224699188,1823.9592756756335,W20289
591140,591493,-2194.889224699188,1823.9592756756335,-2604.841974791065,587.31822633261,W20289
674670,676086,-2604.841974791065,587.31822633261,-2925.311977241168,1006.3223589937804,W20289
678261,679206,-2925.311977241168,1006.3223589937804,-1351.952265455199,2402.817269788199,W20289
721072,721734,-1351.952265455199,2402.817269788199,-985.2325967772824,233.88089338963675,W20289
759141,759891,-985.2325967772824,233.88089338963675,45.64780756438548,2377.6592108128007,W20289
801781,802450,45.64780756438548,2377.6592108128007,-493.3014109226975,113.54792354855924,W20289
900085,901029,1017.9191426354972,2436.9921552089254,-188.8673402319529,519.5250497148589,W20289
907550,908110,-188.8673402319529,519.5250497148589,-493.3014109226975,113.54792354855924,W20289
929839,930527,-493.3014109226975,113.54792354855924,-104.30822423996608,-1101.0580053229169,W20289
1707383,1709725,2958.166332388539,-2846.200229509212,1221.5108251699423,-2365.859413241053,W20289
1790976,1797782,1221.5108251699423,-2365.859413241053,1221.5108251699423,-2365.859413241053,W20289
1864802,1869090,1221.5108251699423,-2365.859413241053,1221.5108251699423,-2365.859413241053,W20289
1869830,1871434,1221.5108251699423,-2365.859413241053,935.5683550562323,-2444.89579320685,W20289
