started_at,ended_at,start_x,start_y,end_x,end_y,bike_id
815962,816295,-80.1058961165534,3374.191707505921,-810.2158349534978,3422.163933649827,W20290
833908,834696,-810.2158349534978,3422.163933649827,-834.2552317649786,900.5694562238467,W20290
834714,834926,-834.2552317649786,900.5694562238467,-602.2815962612653,275.29150373826326,W20290
834998,835158,-602.2815962612653,275.29150373826326,-923.5103847186632,466.4259606400159,W20290
835168,835728,-923.5103847186632,466.4259606400159,-2094.393320151142,858.8805487633692,W20290
835746,835883,-2094.393320151142,858.8805487633692,-2373.1758978806724,834.1121057461444,W20290
835892,836269,-2373.1758978806724,834.1121057461444,-2946.938203231537,814.4086701772632,W20290
898440,898916,-1802.6007941396545,2544.637478344983,-456.4230317783731,2112.497721972016,W20290
924074,924429,-456.4230317783731,2112.497721972016,-1001.6416887046756,1337.5515823548856,W20290
925123,925639,-1001.6416887046756,1337.5515823548856,-456.4230317783731,2112.497721972016,W20290
978753,979037,-1068.027447763776,2840.856924947436,-1537.569412718039,2220.922277022837,W20290
979562,980634,-1537.569412718039,2220.922277022837,-1260.1040304636565,-2002.7373407811456,W20290
980647,981768,-1260.1040304636565,-2002.7373407811456,-2482.9389959136106,-5245.566615100968,W20290
1274937,1275370,-2482.9389959136106,-5245.566615100968,-2397.860313486188,-5988.397267929024,W20290
1376149,1376422,-2397.860313486188,-5988.397267929024,-2330.4996228661403,-4975.451437656579,W20290
1437758,1439091,-2330.4996228661403,-4975.451437656579,-1260.1040304636565,-2002.7373407811456,W20290
1441485,1444411,-1260.1040304636565,-2002.7373407811456,-2330.4996228661403,-4975.451437656579,W20290
1771386,1773502,-2330.4996228661403,-4975.451437656579,-1544.8651757574698,-9513.197176688142,W20290
1775239,1776547,-1544.8651757574698,-9513.197176688142,-2368.67656933742,-6145.913433634542,W20290
2187582,2188407,-2368.67656933742,-6145.913433634542,-2159.558678089764,-8801.090525085952,W20290
2476925,2480699,-2159.558678089764,-8801.090525085952,-2159.558678089764,-8801.090525085952,W20290
