started_at,ended_at,start_x,start_y,end_x,end_y,bike_id
847607,848189,-3060.847950466069,3019.634990051365,-2417.219257666417,1540.3188585612754,W20232
892660,893955,-1881.431886693912,2146.116013168249,236.3596737786456,-1033.5954760247828,W20232
924694,925133,236.3596737786456,-1033.5954760247828,1365.6807727435448,-2172.053304059203,W20232
925435,926131,1365.6807727435448,-2172.053304059203,1002.1298273174614,77.58923497942598,W20232
927867,928370,1002.1298273174614,77.58923497942598,2447.178885471176,463.5171925950309,W20232
1018137,1018588,259.6198942404481,1818.615971114648,-814.5374629822909,2330.682658213708,W20232
1031794,1032295,-814.5374629822909,2330.682658213708,-1713.5857184887172,1824.4045510561773,W20232
1101236,1101827,-2892.405826201766,-17.69969635880834,-2646.5254975806206,1031.0908020110053,W20232
1115939,1121117,-2646.5254975806206,1031.0908020110053,-2849.1118684293083,-636.9107717910118,W20232
1121156,1122869,-2849.1118684293083,-636.9107717910118,-2259.436558225718,2967.9830459613117,W20232
1123447,1124201,-2259.436558225718,2967.9830459613117,-1031.196919700857,841.1251929813999,W20232
1165906,1166676,-1031.196919700857,841.1251929813999,-1333.1244526763924,2761.931863826379,W20232
1169027,1169595,-1333.1244526763924,2761.931863826379,-1555.445981478385,542.4818752125246,W20232
1435603,1435771,-1687.4808070499614,3322.088291974309,-2259.436558225718,2967.9830459613117,W20232
1608872,1608989,-2808.1861045329406,513.9591074636016,-2808.1861045329406,513.9591074636016,W20232
1609433,1611118,-2808.1861045329406,513.9591074636016,-1812.32704114666,-1830.5270875335093,W20232
1624837,1625465,-1812.32704114666,-1830.5270875335093,-1994.3215216154588,-3476.932805400522,W20232
