started_at,ended_at,start_x,start_y,end_x,end_y,bike_id
156239,156839,-4001.84712299075,833.4441926753292,-2194.889224699188,1823.9592756756335,W20231
205245,205872,-2194.889224699188,1823.9592756756335,-500.12939426980034,1054.6347377329218,W20231
231561,232211,-500.12939426980034,1054.6347377329218,1000.298381636028,1637.3888914201018,W20231
300902,302126,1000.298381636028,1637.3888914201018,666.9437976964771,1810.1557388930216,W20231
302157,303109,666.9437976964771,1810.1557388930216,42.554840611112105,683.8074999788248,W20231
303123,305340,42.554840611112105,683.8074999788248,-570.845296965312,382.6028703385173,W20231
305369,307366,-570.845296965312,382.6028703385173,-500.12939426980034,1054.6347377329218,W20231
307396,308507,-500.12939426980034,1054.6347377329218,380.2384601627839,455.8506703619942,W20231
310718,311320,380.2384601627839,455.8506703619942,1000.298381636028,1637.3888914201018,W20231
375209,376469,1000.298381636028,1637.3888914201018,1365.6807727435448,-2172.053304059203,W20231
407642,408371,1365.6807727435448,-2172.053304059203,1157.659916597574,-143.71262892290716,W20231
459754,459958,1157.659916597574,-143.71262892290716,1399.084123210781,-702.1992743957761,W20231
461126,461367,1399.084123210781,-702.1992743957761,1706.091148736327,-1036.489765995152,W20231
494823,495064,1706.091148736327,-1036.489765995152,2477.2140987236085,-1485.856961461107,W20231
747768,749029,2477.2140987236085,-1485.856961461107,-1893.9180927095776,1322.3565600090635,W20231
773133,773886,-493.3014109226975,113.54792354855924,-2849.1118684293083,-636.9107717910118,W20231
773899,774322,-2849.1118684293083,-636.9107717910118,-3697.8467852525214,668.4251368154823,W20231
775369,776888,-3697.8467852525214,668.4251368154823,1849.37095562868,720.130750546742,W20231
1006362,1006791,1849.37095562868,720.130750546742,2852.2638477301693,103.74916355986063,W20231
