started_at,ended_at,start_x,start_y,end_x,end_y,bike_id
375290,375692,-10584.568952654172,21925.582353114813,-10636.317821922576,20881.634224503858,W20208
674240,675399,-10636.317821922576,20881.634224503858,-9204.342017742489,18298.591744626152,W20208
1620788,1621767,-9204.342017742489,18298.591744626152,-9204.342017742489,18298.591744626152,W20208
2399357,2403061,-9204.342017742489,18298.591744626152,-8472.347649860825,18282.005236717912,W20208
