started_at,ended_at,start_x,start_y,end_x,end_y,bike_id
45335,45518,-2287.960187970927,-8356.928333450174,-2620.070575480832,-8557.970167559133,W20285
734165,735518,-2620.070575480832,-8557.970167559133,-1516.5299053546212,-10540.336159701374,W20285
1776220,1778355,-2330.4996228661403,-4975.451437656579,-1260.1040304636565,-2002.7373407811456,W20285
1796796,1798418,-834.2552317649786,900.5694562238467,-2296.9192411811423,-809.1210250386479,W20285
1853447,1854378,-2296.9192411811423,-809.1210250386479,-828.1189483765718,-1030.4785483633511,W20285
1854400,1856414,-828.1189483765718,-1030.4785483633511,-499.66045855245335,-1006.2666995714102,W20285
1856434,1857524,-499.66045855245335,-1006.2666995714102,-18.713083837096207,210.3926170908813,W20285
