started_at,ended_at,start_x,start_y,end_x,end_y,bike_id
655982,659080,-465.43463430746266,-1283.8432972756757,-828.1189483765718,-1030.4785483633511,W20256
665702,667407,-828.1189483765718,-1030.4785483633511,486.9182756857461,-814.3530107541019,W20256
668049,668746,486.9182756857461,-814.3530107541019,-763.7714170882605,202.8229356287601,W20256
715613,716234,-810.2158349534978,3422.163933649827,-456.4230317783731,2112.497721972016,W20256
716651,716976,-456.4230317783731,2112.497721972016,-1537.569412718039,2220.922277022837,W20256
717947,718626,-1537.569412718039,2220.922277022837,-479.0757048613133,668.9149397337637,W20256
722224,722511,-479.0757048613133,668.9149397337637,51.97857877547188,882.4244844852859,W20256
724012,724242,51.97857877547188,882.4244844852859,-290.2205511174567,510.9534986484922,W20256
749558,750559,-290.2205511174567,510.9534986484922,788.5325500265636,-1205.8057292724188,W20256
750758,751046,788.5325500265636,-1205.8057292724188,1485.3831175752284,-2110.138983442487,W20256
806491,808183,1709.7916832437074,-315.9228821705432,-1460.8625118525238,53.58049920683244,W20256
840552,841530,-1460.8625118525238,53.58049920683244,1124.7088420298285,-40.52005958753947,W20256
842405,842668,1124.7088420298285,-40.52005958753947,305.21918808728344,-65.4554808726659,W20256
856211,856937,305.21918808728344,-65.4554808726659,1951.2327644420184,-874.409527643412,W20256
886493,886860,1951.2327644420184,-874.409527643412,1554.255559250921,-94.62101826821,W20256
887067,887621,1554.255559250921,-94.62101826821,54.49834742825812,-1285.064746927697,W20256
891306,892110,54.49834742825812,-1285.064746927697,-1795.993143998876,-290.5421855056642,W20256
1304883,1308058,-1795.993143998876,-290.5421855056642,1501.1850775340426,878.138708951707,W20256
1324598,1324882,1501.1850775340426,878.138708951707,2119.4744593300848,570.151390531336,W20256
1777441,1781869,-6507.252487084538,10211.277653817451,-2259.2871664561067,-597.6708789203599,W20256
2293806,2301269,-4077.689688642877,6368.105848297172,-4077.689688642877,6368.105848297172,W20256
2389917,2391889,-4077.689688642877,6368.105848297172,1501.1850775340426,878.138708951707,W20256
2400037,2401236,1501.1850775340426,878.138708951707,3394.571716709091,1980.8075283119197,W20256
2403213,2403596,3394.571716709091,1980.8075283119197,3123.615142939869,1072.4457529364704,W20256
