started_at,ended_at,start_x,start_y,end_x,end_y,bike_id
35889,36283,-2925.311977241168,1006.3223589937804,-2311.895100954131,239.22419795062223,W20223
53277,55725,-2311.895100954131,239.22419795062223,-2605.6813026458703,-1351.7447350956706,W20223
56995,63296,-2605.6813026458703,-1351.7447350956706,-2605.6813026458703,-1351.7447350956706,W20223
148145,149713,-2605.6813026458703,-1351.7447350956706,-2605.6813026458703,-1351.7447350956706,W20223
304041,304881,-2605.6813026458703,-1351.7447350956706,-568.1726241532793,-1955.7830855160428,W20223
310042,312702,-568.1726241532793,-1955.7830855160428,-757.2144788708657,-1761.398084774919,W20223
