started_at,ended_at,start_x,start_y,end_x,end_y,bike_id
117906,118286,2447.178885471176,463.5171925950309,1002.1298273174614,77.58923497942598,W20305
119014,120156,1002.1298273174614,77.58923497942598,-824.2637352862973,-1329.162363396306,W20305
140851,142779,-824.2637352862973,-1329.162363396306,2873.9839282869875,-707.4312601120213,W20305
204993,205854,2873.9839282869875,-707.4312601120213,-82.14293697444242,-1351.7447350956706,W20305
236683,238460,-82.14293697444242,-1351.7447350956706,-919.4722224283496,3269.7684348142307,W20305
282617,283268,-919.4722224283496,3269.7684348142307,-1031.196919700857,841.1251929813999,W20305
495581,495927,-1031.196919700857,841.1251929813999,-1917.467610232194,723.2385361039151,W20305
757855,759313,-3060.847950466069,3019.634990051365,1000.298381636028,1637.3888914201018,W20305
802775,803014,1000.298381636028,1637.3888914201018,364.51883299847503,2132.201157540106,W20305
804684,805423,364.51883299847503,2132.201157540106,-2417.219257666417,1540.3188585612754,W20305
898771,899565,-2259.436558225718,2967.9830459613117,-3385.173206528012,114.65841037131248,W20305
1449749,1450442,-2849.1118684293083,-636.9107717910118,-1555.445981478385,542.4818752125246,W20305
1610065,1611885,-1555.445981478385,542.4818752125246,-2605.26842578739,-423.4568864618599,W20305
1765571,1772441,-2605.26842578739,-423.4568864618599,-2605.26842578739,-423.4568864618599,W20305
1773091,1774430,-2605.26842578739,-423.4568864618599,949.0927421968316,1050.348962199343,W20305
1775607,1775951,949.0927421968316,1050.348962199343,949.0927421968316,1050.348962199343,W20305
1776615,1777964,949.0927421968316,1050.348962199343,3861.339855126864,1821.955536465561,W20305
1805775,1806728,3861.339855126864,1821.955536465561,3861.339855126864,1821.955536465561,W20305
2052133,2052702,-2194.889224699188,1823.9592756756335,-2354.6709182688887,2716.8477315926184,W20305
2273491,2273702,-2354.6709182688887,2716.8477315926184,-2194.889224699188,1823.9592756756335,W20305
