started_at,ended_at,start_x,start_y,end_x,end_y,bike_id
36154,37536,-2169.5321645165045,380.3764934373816,-490.1426245460887,1831.862913672767,W20386
56453,56860,-490.1426245460887,1831.862913672767,-1553.745244797235,1509.7618356025214,W20386
64612,64961,-1553.745244797235,1509.7618356025214,-2417.219257666417,1540.3188585612754,W20386
151913,152900,-2417.219257666417,1540.3188585612754,-2808.1861045329406,513.9591074636016,W20386
204865,205076,-2808.1861045329406,513.9591074636016,-2646.5254975806206,1031.0908020110053,W20386
301731,301972,-2354.6709182688887,2716.8477315926184,-2906.0520040511774,3041.230845985579,W20386
330034,330809,-1620.0792206913457,3013.067178195072,-929.3914426548988,1038.6048240499654,W20386
371705,372016,-929.3914426548988,1038.6048240499654,-1893.9180927095776,1322.3565600090635,W20386
389775,390182,-1893.9180927095776,1322.3565600090635,-929.3914426548988,1038.6048240499654,W20386
392660,393894,-929.3914426548988,1038.6048240499654,-570.845296965312,382.6028703385173,W20386
413011,414092,-1375.3554708776364,3230.58420136674,-828.8681814864412,-38.85027691326964,W20386
824359,824554,2650.3265920979,3121.0464578661404,3254.527701069016,3432.182629700983,W20386
2480728,2481931,380.2384601627839,455.8506703619942,-1881.431886693912,2146.116013168249,W20386
