started_at,ended_at,start_x,start_y,end_x,end_y,bike_id
71017,73745,-2615.0175673928293,16192.661834510429,1913.2663248769652,11429.10581835268,W20314
639263,639789,1913.2663248769652,11429.10581835268,1913.2663248769652,11429.10581835268,W20314
2202714,2205626,1913.2663248769652,11429.10581835268,1913.2663248769652,11429.10581835268,W20314
