started_at,ended_at,start_x,start_y,end_x,end_y,bike_id
110899,111186,33.87216753763598,-102.3020185750716,236.3596737786456,-1033.5954760247828,W20396
154272,155240,236.3596737786456,-1033.5954760247828,2175.7585113241184,414.1061034791464,W20396
200485,201321,2175.7585113241184,414.1061034791464,1365.6807727435448,-2172.053304059203,W20396
226782,227652,1365.6807727435448,-2172.053304059203,1002.1298273174614,77.58923497942598,W20396
229484,230003,1002.1298273174614,77.58923497942598,2438.2540112858683,-645.8719388147609,W20396
236101,236385,2438.2540112858683,-645.8719388147609,1835.2706095118488,-1359.8153513599148,W20396
239246,239406,1835.2706095118488,-1359.8153513599148,1845.807450034228,-698.5257525098514,W20396
286750,287941,1845.807450034228,-698.5257525098514,-1367.2120777705156,238.8902414156101,W20396
323966,324714,-1367.2120777705156,238.8902414156101,-802.7521471361426,-996.414981787365,W20396
392905,394948,-802.7521471361426,-996.414981787365,-2853.533219035006,-891.6639486224678,W20396
395148,396583,-2853.533219035006,-891.6639486224678,-1891.2395552395976,-909.029688445473,W20396
409387,411423,-1891.2395552395976,-909.029688445473,236.3596737786456,-1033.5954760247828,W20396
466120,466741,-2104.020490588656,3097.446862721063,-2792.164519531742,1461.727753976022,W20396
561800,563058,-2849.1118684293083,-636.9107717910118,-2849.1118684293083,-636.9107717910118,W20396
563166,566224,-2849.1118684293083,-636.9107717910118,-1994.3215216154588,-3476.932805400522,W20396
