started_at,ended_at,start_x,start_y,end_x,end_y,bike_id
37021,37407,-359.9313181814267,1775.6468969372831,-1005.3013800123252,2364.690565368115,W20351
54143,55459,-1005.3013800123252,2364.690565368115,1124.7088420298285,-40.52005958753947,W20351
73610,74299,1124.7088420298285,-40.52005958753947,916.579749438608,1959.9909042924703,W20351
113608,114340,916.579749438608,1959.9909042924703,-1865.1073615998864,1368.1086053136396,W20351
115732,116469,-1865.1073615998864,1368.1086053136396,-2054.783100240468,-321.8227809568126,W20351
148822,149414,-2054.783100240468,-321.8227809568126,-3269.3464976190467,557.7074135573132,W20351
199980,201151,-5348.868243989487,6730.003413461771,-2834.854701191256,3614.745535536368,W20351
201175,202273,-2834.854701191256,3614.745535536368,-768.1680092204891,650.9926056854747,W20351
230505,230893,-768.1680092204891,650.9926056854747,-433.0906763410017,61.67064014200078,W20351
244335,244528,-433.0906763410017,61.67064014200078,58.83935351161514,-58.66232969907673,W20351
246423,247693,58.83935351161514,-58.66232969907673,2492.3842079018677,810.4011917563263,W20351
748926,749281,2492.3842079018677,810.4011917563263,2124.537389012071,240.6713429362023,W20351
762491,762734,1554.255559250921,-94.62101826821,2124.537389012071,240.6713429362023,W20351
816559,816733,2124.537389012071,240.6713429362023,1663.732119925616,207.05305173996877,W20351
840543,840744,1663.732119925616,207.05305173996877,1796.710145560574,852.6864867715699,W20351
843682,844063,1796.710145560574,852.6864867715699,3089.217183615509,659.2302002168292,W20351
899223,900952,3089.217183615509,659.2302002168292,2727.859706664396,241.8958502315105,W20351
1072734,1074065,2727.859706664396,241.8958502315105,-499.66045855245335,-1006.2666995714102,W20351
1078307,1081898,-499.66045855245335,-1006.2666995714102,-499.66045855245335,-1006.2666995714102,W20351
1084352,1085591,-499.66045855245335,-1006.2666995714102,-1260.1040304636565,-2002.7373407811456,W20351
1088188,1089261,-1260.1040304636565,-2002.7373407811456,-205.00537057100192,-1933.6083380225548,W20351
1097124,1097987,-205.00537057100192,-1933.6083380225548,-205.00537057100192,-1933.6083380225548,W20351
1174605,1175365,-6955.684337452492,-1672.2316899124346,-6301.934568920051,-3160.564647848644,W20351
2052290,2054690,-6301.934568920051,-3160.564647848644,-6301.934568920051,-3160.564647848644,W20351
