started_at,ended_at,start_x,start_y,end_x,end_y,bike_id
47881,48121,-5377.445726423125,-5494.2529148790445,-5779.5648782604185,-6177.08271024016,W20330
48962,49355,-5779.5648782604185,-6177.08271024016,-5377.445726423125,-5494.2529148790445,W20330
2464927,2470806,-5130.675245896174,-584.8692117427845,-5130.675245896174,-584.8692117427845,W20330
2475890,2476124,-5130.675245896174,-584.8692117427845,-5130.675245896174,-584.8692117427845,W20330
2564136,2564882,-5130.675245896174,-584.8692117427845,-3662.680070837771,841.3478306724625,W20330
2570538,2570974,-3662.680070837771,841.3478306724625,-4169.189148603291,-55.102828285707005,W20330
