started_at,ended_at,start_x,start_y,end_x,end_y,bike_id
1772165,1773786,1672.3638964362608,3476.9328053997306,1000.4019913418696,1637.3888914201018,W20348
1775135,1776565,1000.4019913418696,1637.3888914201018,1672.3638964362608,3476.9328053997306,W20348
1871909,1872756,1672.3638964362608,3476.9328053997306,657.2301107228259,382.9368268735295,W20348
