started_at,ended_at,start_x,start_y,end_x,end_y,bike_id
691542,691978,-842.3452252522125,683.1637518961281,949.0927421968316,1050.348962199343,W20385
709312,709642,949.0927421968316,1050.348962199343,1002.1298273174614,77.58923497942598,W20385
712184,712594,1002.1298273174614,77.58923497942598,-104.30822423996608,-1101.0580053229169,W20385
760476,760769,-104.30822423996608,-1101.0580053229169,33.87216753763598,-102.3020185750716,W20385
802223,802605,33.87216753763598,-102.3020185750716,236.3596737786456,-1033.5954760247828,W20385
832279,833297,236.3596737786456,-1033.5954760247828,-1369.0198339983065,1373.3405910290935,W20385
846962,847450,-1369.0198339983065,1373.3405910290935,-570.845296965312,382.6028703385173,W20385
1025278,1026155,-570.845296965312,382.6028703385173,-1881.431886693912,2146.116013168249,W20385
1033604,1033885,-1881.431886693912,2146.116013168249,-2450.1589905827414,1407.2928387603392,W20385
1090998,1091272,-2354.6709182688887,2716.8477315926184,-2417.219257666417,1540.3188585612754,W20385
1180750,1181344,-2417.219257666417,1540.3188585612754,-4079.334235838357,1361.0955180768024,W20385
