started_at,ended_at,start_x,start_y,end_x,end_y,bike_id
912612,912838,-15015.790094466323,22851.643824848277,-14690.349430914175,22097.013374447684,W20367
1616955,1617290,2596.793129117454,3863.209197624172,3754.99291463305,3909.517837153241,W20367
2465005,2466277,3754.99291463305,3909.517837153241,3754.99291463305,3909.517837153241,W20367
2466462,2467542,3754.99291463305,3909.517837153241,2596.793129117454,3863.209197624172,W20367
2467700,2468532,2596.793129117454,3863.209197624172,3754.99291463305,3909.517837153241,W20367
