started_at,ended_at,start_x,start_y,end_x,end_y,bike_id
69380,69828,61.93809413467237,1659.6526604251312,-781.0670346867206,2589.721610578743,W20318
114533,115191,-781.0670346867206,2589.721610578743,-1696.4355896883285,660.2571677337631,W20318
151478,152396,-1696.4355896883285,660.2571677337631,-18.713083837096207,210.3926170908813,W20318
655858,658613,3853.562648128803,-3565.097330657178,903.488853408454,-2404.37573361852,W20318
1060104,1060493,903.488853408454,-2404.37573361852,1917.8811044698043,-2344.26355730684,W20318
1091792,1092542,1917.8811044698043,-2344.26355730684,1554.255559250921,-94.62101826821,W20318
1346544,1347323,2326.262791090281,-622.2723436696831,1124.7088420298285,-40.52005958753947,W20318
1770838,1771970,1124.7088420298285,-40.52005958753947,-2946.938203231537,814.4086701772632,W20318
1772162,1783183,-2946.938203231537,814.4086701772632,-2946.938203231537,814.4086701772632,W20318
1848955,1849042,-2946.938203231537,814.4086701772632,-2946.938203231537,814.4086701772632,W20318
1970392,1981588,-2946.938203231537,814.4086701772632,-2946.938203231537,814.4086701772632,W20318
2229894,2230875,-2946.938203231537,814.4086701772632,-5032.064838614522,-809.2880033057584,W20318
2311518,2313052,-5032.064838614522,-809.2880033057584,-6255.215123105512,-1154.9330170971298,W20318
2480688,2482064,-6255.215123105512,-1154.9330170971298,-6255.215123105512,-1154.9330170971298,W20318
2492452,2492891,-6255.215123105512,-1154.9330170971298,-5466.51086396456,-1904.1088440919984,W20318
