started_at,ended_at,start_x,start_y,end_x,end_y,bike_id
303911,304185,-1369.0198339983065,1373.3405910290935,-500.12939426980034,1054.6347377329218,W20355
304827,305161,-500.12939426980034,1054.6347377329218,-1369.0198339983065,1373.3405910290935,W20355
322970,325274,-1360.182448193738,3399.343570419514,-117.15367456973772,-2177.897543422312,W20355
377016,377827,-117.15367456973772,-2177.897543422312,1399.084123210781,-702.1992743957761,W20355
378547,380672,1399.084123210781,-702.1992743957761,-65.24421585664805,-642.142757506466,W20355
555333,556413,-65.24421585664805,-642.142757506466,949.0927421968316,1050.348962199343,W20355
562909,563761,949.0927421968316,1050.348962199343,-1574.715056457654,1019.791939240589,W20355
565149,566496,-1574.715056457654,1019.791939240589,-2104.020490588656,3097.446862721063,W20355
572829,572929,-2104.020490588656,3097.446862721063,-1687.4808070499614,3322.088291974309,W20355
642945,643413,-1620.0792206913457,3013.067178195072,-1369.0198339983065,1373.3405910290935,W20355
650074,650701,-1369.0198339983065,1373.3405910290935,-1450.099395056315,-447.3904381419498,W20355
833474,834875,-1450.099395056315,-447.3904381419498,-1450.099395056315,-447.3904381419498,W20355
837004,838689,-1450.099395056315,-447.3904381419498,-65.24421585664805,-642.142757506466,W20355
841851,843987,-65.24421585664805,-642.142757506466,-570.845296965312,382.6028703385173,W20355
986025,986725,259.6198942404481,1818.615971114648,-1893.9180927095776,1322.3565600090635,W20355
1073312,1073602,-1893.9180927095776,1322.3565600090635,-1881.431886693912,2146.116013168249,W20355
1630688,1632564,-1891.2395552395976,-909.029688445473,-2170.059593926037,-306.3494614999309,W20355
1784970,1785940,-2170.059593926037,-306.3494614999309,-2925.311977241168,1006.3223589937804,W20355
1801090,1802152,-2925.311977241168,1006.3223589937804,1260.3648729942292,461.861887993795,W20355
1853835,1854065,1260.3648729942292,461.861887993795,1884.1796308376872,112.54335231649912,W20355
1886737,1886859,1884.1796308376872,112.54335231649912,1572.4295790921033,412.8815961838383,W20355
2212323,2213380,-3385.173206528012,114.65841037131248,-2194.889224699188,1823.9592756756335,W20355
2479271,2481587,-1315.9120102200964,375.0331888763961,-65.24421585664805,-642.142757506466,W20355
2487318,2489673,-65.24421585664805,-642.142757506466,-65.24421585664805,-642.142757506466,W20355
