started_at,ended_at,start_x,start_y,end_x,end_y,bike_id
2488501,2488650,-1620.0792206913457,3013.067178195072,-1687.4808070499614,3322.088291974309,W20370
