started_at,ended_at,start_x,start_y,end_x,end_y,bike_id
1013536,1014373,-808.1470002565214,3227.133317171877,-1341.804285739922,1150.146306761428,W20323
1018298,1018569,-1341.804285739922,1150.146306761428,-1001.6416887046756,1337.5515823548856,W20323
1020108,1020700,-1001.6416887046756,1337.5515823548856,-1882.362757780742,1958.0984839271373,W20323
1067475,1067771,-1882.362757780742,1958.0984839271373,-1371.3067196627298,1590.7462953568122,W20323
1068477,1068921,-1371.3067196627298,1590.7462953568122,-602.2815962612653,275.29150373826326,W20323
1091335,1092519,-1379.7769751705168,3794.859426781138,-1865.1073615998864,1368.1086053136396,W20323
1107060,1107511,-1865.1073615998864,1368.1086053136396,-1802.6007941396545,2544.637478344983,W20323
1108509,1110171,-1802.6007941396545,2544.637478344983,402.6435208448138,4921.948443349046,W20323
1501394,1502669,402.6435208448138,4921.948443349046,-1642.372485044098,1498.1290162986752,W20323
1610860,1611279,-1642.372485044098,1498.1290162986752,-1005.3013800123252,2364.690565368115,W20323
1613233,1617274,-1005.3013800123252,2364.690565368115,-272.0689885867906,-1501.372616643942,W20323
2285397,2295247,-272.0689885867906,-1501.372616643942,-272.0689885867906,-1501.372616643942,W20323
2380368,2382108,-272.0689885867906,-1501.372616643942,-1796.0298137374746,-613.3668360683042,W20323
2382304,2383523,-1796.0298137374746,-613.3668360683042,-3874.94773152752,655.3724484528836,W20323
2450655,2451331,-1135.4390937110154,3149.8780387266734,-1371.3067196627298,1590.7462953568122,W20323
2464004,2465055,-1371.3067196627298,1590.7462953568122,916.579749438608,1959.9909042924703,W20323
2465067,2465623,916.579749438608,1959.9909042924703,-369.90720380120285,1182.206134128132,W20323
2639199,2639290,-369.90720380120285,1182.206134128132,8.662919362128497,1205.5830915821473,W20323
2652063,2652406,8.662919362128497,1205.5830915821473,811.6929069099815,1646.4057178670123,W20323
