started_at,ended_at,start_x,start_y,end_x,end_y,bike_id
667936,671445,-2449.860469178927,11339.939423490196,-2449.860469178927,11339.939423490196,W20303
