started_at,ended_at,start_x,start_y,end_x,end_y,bike_id
665405,666866,264.6385109299633,6539.51169609528,264.6385109299633,6539.51169609528,W20389
724969,726415,264.6385109299633,6539.51169609528,-1642.372485044098,1498.1290162986752,W20389
746341,747007,-1642.372485044098,1498.1290162986752,-2296.9192411811423,-809.1210250386479,W20389
750418,754887,-2296.9192411811423,-809.1210250386479,-499.66045855245335,-1006.2666995714102,W20389
770858,773181,-499.66045855245335,-1006.2666995714102,-2301.331649052671,-1063.874201870104,W20389
774634,776509,-2301.331649052671,-1063.874201870104,447.87071757646186,-1273.2682585705527,W20389
1007464,1008099,447.87071757646186,-1273.2682585705527,1709.7916832437074,-315.9228821705432,W20389
1066924,1067750,1709.7916832437074,-315.9228821705432,-768.1680092204891,650.9926056854747,W20389
1096572,1096984,-768.1680092204891,650.9926056854747,58.03875561149759,1969.2303684296523,W20389
1104794,1105337,58.03875561149759,1969.2303684296523,1552.3696547911195,1465.178638172466,W20389
1185664,1185889,1552.3696547911195,1465.178638172466,1501.1850775340426,878.138708951707,W20389
1187285,1188735,1501.1850775340426,878.138708951707,-1371.3067196627298,1590.7462953568122,W20389
1253462,1254041,-1371.3067196627298,1590.7462953568122,-799.8820989751116,2230.607016540563,W20389
1256967,1257374,-799.8820989751116,2230.607016540563,-1371.3067196627298,1590.7462953568122,W20389
1263628,1263962,-1371.3067196627298,1590.7462953568122,-1338.6563166249937,473.21641018658136,W20389
1288246,1288687,-1338.6563166249937,473.21641018658136,-1371.3067196627298,1590.7462953568122,W20389
1345699,1346072,-1371.3067196627298,1590.7462953568122,-1365.3326241855143,551.0282828562791,W20389
1436746,1437107,-1329.3469852904998,1973.9057599206133,-2240.045794021533,1289.517500728386,W20389
