started_at,ended_at,start_x,start_y,end_x,end_y,bike_id
1772165,1773786,2223.9957656844003,3304.7225521520945,1552.3696547911195,1465.178638172466,W20348
1775135,1776565,1552.3696547911195,1465.178638172466,2223.9957656844003,3304.7225521520945,W20348
1871909,1872756,2223.9957656844003,3304.7225521520945,1209.3330173771565,210.72657362589345,W20348
