started_at,ended_at,start_x,start_y,end_x,end_y,bike_id
206095,206674,-2925.311977241168,1006.3223589937804,-843.6894071192287,220.42732905849545,W20374
286444,286946,-494.03119251583706,2141.440621677288,-929.3914426548988,1038.6048240499654,W20374
293058,293387,-929.3914426548988,1038.6048240499654,-1893.9180927095776,1322.3565600090635,W20374
325823,326761,-1893.9180927095776,1322.3565600090635,-3697.8467852525214,668.4251368154823,W20374
1266829,1268320,-1994.3215216154588,-3476.932805400522,-2451.030497734943,814.965264401756,W20374
2063614,2064684,-2451.030497734943,814.965264401756,1578.918836795151,-370.5804350772885,W20374
2308226,2309860,1578.918836795151,-370.5804350772885,-2892.405826201766,-17.69969635880834,W20374
