started_at,ended_at,start_x,start_y,end_x,end_y,bike_id
69380,69828,-490.1426245460887,1831.862913672767,-1333.1244526763924,2761.931863826379,W20318
114533,115191,-1333.1244526763924,2761.931863826379,-2248.5703681191844,832.4674209813991,W20318
151478,152396,-2248.5703681191844,832.4674209813991,-570.845296965312,382.6028703385173,W20318
655858,658613,3301.3407624228475,-3392.887077409542,351.2753779368917,-2232.165480370884,W20318
1060104,1060493,351.2753779368917,-2232.165480370884,1365.6807727435448,-2172.053304059203,W20318
1091792,1092542,1365.6807727435448,-2172.053304059203,1002.1298273174614,77.58923497942598,W20318
1346544,1347323,1774.1270397604533,-450.0620904220471,572.5803208358176,131.6901936600965,W20318
1770838,1771970,572.5803208358176,131.6901936600965,-3499.0812210478525,986.6189234248992,W20318
1772162,1783183,-3499.0812210478525,986.6189234248992,-3499.0812210478525,986.6189234248992,W20318
1848955,1849042,-3499.0812210478525,986.6189234248992,-3499.0812210478525,986.6189234248992,W20318
1970392,1981588,-3499.0812210478525,986.6189234248992,-3499.0812210478525,986.6189234248992,W20318
