started_at,ended_at,start_x,start_y,end_x,end_y,bike_id
2689,3168,51.97857877547188,882.4244844852859,-815.0661716391357,66.67998816797413,W20331
37432,39940,-815.0661716391357,66.67998816797413,-3662.680070837771,841.3478306724625,W20331
56874,59717,-4225.972107402708,1105.3961310626798,-205.00537057100192,-1933.6083380225548,W20331
61333,61827,-205.00537057100192,-1933.6083380225548,-637.7264760323915,-2157.025259980492,W20331
407513,407749,1487.7828964138257,-2617.106046454486,903.488853408454,-2404.37573361852,W20331
1169019,1169557,903.488853408454,-2404.37573361852,2388.861960030208,-2071.6437058494644,W20331
1171305,1171790,2388.861960030208,-2071.6437058494644,1773.7194936638002,-2538.069666488689,W20331
1174505,1176118,1773.7194936638002,-2538.069666488689,-1865.1073615998864,1368.1086053136396,W20331
1188277,1189716,-1865.1073615998864,1368.1086053136396,2397.9510978743274,-870.7360057574874,W20331
1190046,1190348,2397.9510978743274,-870.7360057574874,2124.537389012071,240.6713429362023,W20331
1271507,1271936,2124.537389012071,240.6713429362023,975.0041157596628,-78.1458292047099,W20331
1274650,1275082,975.0041157596628,-78.1458292047099,2124.537389012071,240.6713429362023,W20331
2568288,2569765,-1759.7389167323108,67.0139447029863,1917.8811044698043,-2344.26355730684,W20331
