started_at,ended_at,start_x,start_y,end_x,end_y,bike_id
334123,334390,-2469.43675410197,4.1187972648863145,-2996.425218577444,611.3630968574403,W20342
