started_at,ended_at,start_x,start_y,end_x,end_y,bike_id
116940,117390,-2792.422696799228,-1461.727753976022,-2808.2773936322506,-513.9591074636016,W20427
153838,154538,-2808.2773936322506,-513.9591074636016,-1386.4663022827554,-1072.7797094714829,W20427
156836,157910,-1386.4663022827554,-1072.7797094714829,-570.8591111335667,-382.6028703385173,W20427
