started_at,ended_at,start_x,start_y,end_x,end_y,bike_id
210124,210306,-1687.4808070499614,3322.088291974309,-2259.436558225718,2967.9830459613117,W20449
210671,211502,-2259.436558225718,2967.9830459613117,-1555.445981478385,542.4818752125246,W20449
291417,292022,-2417.219257666417,1540.3188585612754,-4001.84712299075,833.4441926753292,W20449
320036,320440,-4001.84712299075,833.4441926753292,-2792.164519531742,1461.727753976022,W20449
381308,383129,-2104.020490588656,3097.446862721063,-2190.235672060508,980.0441292680304,W20449
427491,429923,-2190.235672060508,980.0441292680304,-4214.829945059849,1013.5580839200984,W20449
575412,583504,-4001.84712299075,833.4441926753292,-493.3014109226975,113.54792354855924,W20449
643574,644180,-1687.4808070499614,3322.088291974309,-1713.5857184887172,1824.4045510561773,W20449
717611,718650,-1713.5857184887172,1824.4045510561773,-1017.6238913195454,-1111.63304402804,W20449
809353,809999,-1557.3691014905978,2536.900818615751,-1592.754378936063,822.8132429757283,W20449
846813,847513,-1592.754378936063,822.8132429757283,-1333.1244526763924,2761.931863826379,W20449
884784,885212,-1333.1244526763924,2761.931863826379,-1574.715056457654,1019.791939240589,W20449
1083003,1083523,-219.1862779950825,754.4078127095321,357.95233295209937,1378.1273013647951,W20449
1164737,1166558,357.95233295209937,1378.1273013647951,1836.676275980947,-1899.4334526018283,W20449
1171320,1171800,1836.676275980947,-1899.4334526018283,1221.5108251699423,-2365.859413241053,W20449
1359758,1360640,1221.5108251699423,-2365.859413241053,2466.033342862163,-3216.0014326701544,W20449
1619776,1620492,2466.033342862163,-3216.0014326701544,1221.5108251699423,-2365.859413241053,W20449
