started_at,ended_at,start_x,start_y,end_x,end_y,bike_id
45673,49712,-2164.682050714061,-7599.180955388938,-1516.5299053546212,-10540.336159701374,W20439
402907,403517,-1516.5299053546212,-10540.336159701374,-3293.978298374221,-10400.742328044142,W20439
408687,409023,-3293.978298374221,-10400.742328044142,-2678.588084594762,-11160.0481699357,W20439
467625,468002,-2678.588084594762,-11160.0481699357,-3527.744172105371,-10590.095683425305,W20439
752851,752995,-3527.744172105371,-10590.095683425305,-3273.215818796542,-10246.574147019925,W20439
756799,757329,-3273.215818796542,-10246.574147019925,-2239.372414807615,-11095.92851520308,W20439
