started_at,ended_at,start_x,start_y,end_x,end_y,bike_id
54920,55366,-922.0882966995912,-1354.416387375768,259.6497622861215,-1818.615971114648,W20432
69189,69507,259.6497622861215,-1818.615971114648,-494.0981199113877,-2141.440621677288,W20432
69610,69822,-494.0981199113877,-2141.440621677288,-543.4816018481092,-1377.793344829783,W20432
72257,72928,-543.4816018481092,-1377.793344829783,-1360.474996000465,-3399.343570419514,W20432
110870,111554,-1360.474996000465,-3399.343570419514,-1386.4663022827554,-1072.7797094714829,W20432
112349,113378,-1386.4663022827554,-1072.7797094714829,-3499.2995900004858,-986.6189234248992,W20432
