started_at,ended_at,start_x,start_y,end_x,end_y,bike_id
53692,119206,-1135.4390937110154,3149.8780387266734,-1972.4911166466836,1651.3037470482452,W20410
119237,119814,-1972.4911166466836,1651.3037470482452,-910.6317190044888,-149.73790131117772,W20410
203640,204615,1305.4434734316112,1913.5709459186608,-1882.362757780742,1958.0984839271373,W20410
204843,205007,-1882.362757780742,1958.0984839271373,-1972.4911166466836,1651.3037470482452,W20410
205749,206298,-1972.4911166466836,1651.3037470482452,-3662.680070837771,841.3478306724625,W20410
227240,228036,-3662.680070837771,841.3478306724625,-4157.940962258967,-439.7094378350882,W20410
296300,296874,-5729.821132691905,-209.27942864031343,-4225.972107402708,1105.3961310626798,W20410
336042,337137,-4225.972107402708,1105.3961310626798,-1802.6007941396545,2544.637478344983,W20410
374241,375878,-1802.6007941396545,2544.637478344983,-815.0661716391357,66.67998816797413,W20410
407923,408599,-815.0661716391357,66.67998816797413,61.93809413467237,1659.6526604251312,W20410
411090,411850,61.93809413467237,1659.6526604251312,-1972.4911166466836,1651.3037470482452,W20410
412356,412764,-1972.4911166466836,1651.3037470482452,-1802.6007941396545,2544.637478344983,W20410
424651,425632,-1802.6007941396545,2544.637478344983,-860.0530312968476,4418.244958901389,W20410
462293,463526,-860.0530312968476,4418.244958901389,-433.0906763410017,61.67064014200078,W20410
580387,581306,-1135.4390937110154,3149.8780387266734,-1696.4355896883285,660.2571677337631,W20410
653870,654330,-1696.4355896883285,660.2571677337631,-1001.6416887046756,1337.5515823548856,W20410
654442,655232,-1001.6416887046756,1337.5515823548856,-2946.938203231537,814.4086701772632,W20410
663013,664247,-2946.938203231537,814.4086701772632,-377.2782335264637,866.3945708023293,W20410
719932,720451,-377.2782335264637,866.3945708023293,656.7786122192275,177.88751434442463,W20410
1025414,1026504,656.7786122192275,177.88751434442463,4162.254879813961,-371.3596669912623,W20410
1761290,1762209,4162.254879813961,-371.3596669912623,2460.9950527066508,-2345.8220211371595,W20410
2380676,2381328,2460.9950527066508,-2345.8220211371595,2990.389368117216,-818.0821920623969,W20410
2469828,2473588,2990.389368117216,-818.0821920623969,2990.389368117216,-818.0821920623969,W20410
2475660,2477199,2990.389368117216,-818.0821920623969,-250.56925314194632,-1168.625235035001,W20410
