started_at,ended_at,start_x,start_y,end_x,end_y,bike_id
756519,758972,-1516.5299053546212,-10540.336159701374,-1442.0390538905754,-3649.143058648157,W20415
845320,847405,-1442.0390538905754,-3649.143058648157,-1442.0390538905754,-3649.143058648157,W20415
1017541,1019386,-1442.0390538905754,-3649.143058648157,-1442.0390538905754,-3649.143058648157,W20415
1171452,1173342,-1442.0390538905754,-3649.143058648157,-1442.0390538905754,-3649.143058648157,W20415
1175016,1176151,-1442.0390538905754,-3649.143058648157,-1260.1040304636565,-2002.7373407811456,W20415
1178439,1179638,-1260.1040304636565,-2002.7373407811456,788.5325500265636,-1205.8057292724188,W20415
1180262,1181641,788.5325500265636,-1205.8057292724188,-1339.0478585909025,-1081.2399416931091,W20415
1337909,1338281,-1339.0478585909025,-1081.2399416931091,-499.66045855245335,-1006.2666995714102,W20415
1519879,1530635,-499.66045855245335,-1006.2666995714102,-2710.368760450222,188.1288480866431,W20415
1706642,1709186,-2710.368760450222,188.1288480866431,-1341.804285739922,1150.146306761428,W20415
1865083,1865446,-1341.804285739922,1150.146306761428,-1619.9365259724264,2337.5844266058048,W20415
2224731,2224978,-1619.9365259724264,2337.5844266058048,-799.8820989751116,2230.607016540563,W20415
2568730,2569207,-1329.3469852904998,1973.9057599206133,-2508.780706691274,2847.424736803729,W20415
2570104,2571077,-2508.780706691274,2847.424736803729,-1001.6416887046756,1337.5515823548856,W20415
