started_at,ended_at,start_x,start_y,end_x,end_y,bike_id
151233,152026,3443.197503217424,-6909.894667016269,4122.938905147451,-6423.43131427236,W20441
