started_at,ended_at,start_x,start_y,end_x,end_y,bike_id
1102980,1107987,-29085.782278910887,6882.064955760774,-27497.082439525377,5970.363615035204,W20489
1531124,1535306,-27497.082439525377,5970.363615035204,-27497.082439525377,5970.363615035204,W20489
1864885,1867971,-27497.082439525377,5970.363615035204,-27497.082439525377,5970.363615035204,W20489
2063565,2068613,-27497.082439525377,5970.363615035204,-27497.082439525377,5970.363615035204,W20489
2221120,2222629,-27497.082439525377,5970.363615035204,-29924.529620044137,6401.278864113653,W20489
