started_at,ended_at,start_x,start_y,end_x,end_y,bike_id
285304,286985,-872.6684979461987,6525.733332847432,-499.66045855245335,-1006.2666995714102,W20559
287009,287356,-499.66045855245335,-1006.2666995714102,470.0445168883398,-1523.9549883433065,W20559
304762,305394,470.0445168883398,-1523.9549883433065,-465.43463430746266,-1283.8432972756757,W20559
568157,569232,-465.43463430746266,-1283.8432972756757,-272.0689885867906,-1501.372616643942,W20559
584004,585114,-272.0689885867906,-1501.372616643942,-18.713083837096207,210.3926170908813,W20559
646403,647337,-18.713083837096207,210.3926170908813,-897.9286217198713,-619.6006913895858,W20559
655951,659622,-897.9286217198713,-619.6006913895858,-499.66045855245335,-1006.2666995714102,W20559
805266,806708,117.9129393787196,5588.150360654068,-433.0906763410017,61.67064014200078,W20559
845428,846634,-433.0906763410017,61.67064014200078,2124.537389012071,240.6713429362023,W20559
892531,893322,2124.537389012071,240.6713429362023,1464.7111583213482,-1435.3451877068974,W20559
937131,937418,1464.7111583213482,-1435.3451877068974,1951.2327644420184,-874.409527643412,W20559
983166,983467,1951.2327644420184,-874.409527643412,1554.255559250921,-94.62101826821,W20559
983757,984246,1554.255559250921,-94.62101826821,447.87071757646186,-1273.2682585705527,W20559
2316559,2317110,1951.2327644420184,-874.409527643412,2124.537389012071,240.6713429362023,W20559
2323672,2325129,2124.537389012071,240.6713429362023,1663.732119925616,207.05305173996877,W20559
