started_at,ended_at,start_x,start_y,end_x,end_y,bike_id
1086847,1089795,-1051.840396051375,-834.0564463237743,-824.2637352862973,-1329.162363396306,W20599
1089975,1091363,-824.2637352862973,-1329.162363396306,-1380.3033083701418,-858.2682951157151,W20599
1099505,1100762,-1380.3033083701418,-858.2682951157151,-2849.1118684293083,-636.9107717910118,W20599
1168177,1168786,-2849.1118684293083,-636.9107717910118,-3697.8467852525214,668.4251368154823,W20599
1523288,1524728,-1320.292999174232,823.2028589331105,3430.750056568192,-741.7174643782791,W20599
2224057,2227957,-912.0125818422052,1947.857150184919,-1369.0198339983065,1373.3405910290935,W20599
2481018,2482236,-2451.030497734943,814.965264401756,-1620.0792206913457,3013.067178195072,W20599
2488341,2488794,-1620.0792206913457,3013.067178195072,-919.4722224283496,3269.7684348142307,W20599
2501639,2502153,-919.4722224283496,3269.7684348142307,-922.0093029382764,1354.416387375768,W20599
2543253,2545162,-922.0093029382764,1354.416387375768,-1460.4283175020964,308.2610377861307,W20599
