started_at,ended_at,start_x,start_y,end_x,end_y,bike_id
228397,228871,6119.287860138801,8648.917663941418,5894.2173889576,7562.111779997052,W20536
258525,258746,5894.2173889576,7562.111779997052,6370.563826839878,8013.84365309416,W20536
1411124,1411448,6370.563826839878,8013.84365309416,5894.2173889576,7562.111779997052,W20536
1430144,1430617,5894.2173889576,7562.111779997052,5487.914735052453,6321.797208768103,W20536
2015764,2015998,5487.914735052453,6321.797208768103,4744.505435842784,6405.1750236890575,W20536
2302424,2302643,4744.505435842784,6405.1750236890575,5487.914735052453,6321.797208768103,W20536
