started_at,ended_at,start_x,start_y,end_x,end_y,bike_id
116867,117806,1774.1270397604533,-450.0620904220471,-985.2325967772824,233.88089338963675,W20533
204503,204657,-2259.436558225718,2967.9830459613117,-2697.389185766176,2998.9296848774475,W20533
215541,216277,-2697.389185766176,2998.9296848774475,-2604.841974791065,587.31822633261,W20533
238351,239282,-2604.841974791065,587.31822633261,-2697.389185766176,2998.9296848774475,W20533
297969,298715,-2697.389185766176,2998.9296848774475,-1154.4178996069331,447.5017569858993,W20533
333579,333981,-1154.4178996069331,447.5017569858993,-188.8673402319529,519.5250497148589,W20533
373834,374014,-188.8673402319529,519.5250497148589,-298.30049519174673,-188.1288480866431,W20533
410663,410865,-298.30049519174673,-188.1288480866431,104.65262178054566,350.0977675920606,W20533
412729,412966,104.65262178054566,350.0977675920606,-219.1862779950825,754.4078127095321,W20533
462722,463059,-219.1862779950825,754.4078127095321,-985.2325967772824,233.88089338963675,W20533
561013,561860,-1687.4808070499614,3322.088291974309,-1881.431886693912,2146.116013168249,W20533
562438,562927,-1881.431886693912,2146.116013168249,-1555.445981478385,542.4818752125246,W20533
583591,583859,-1555.445981478385,542.4818752125246,-1369.0198339983065,1373.3405910290935,W20533
587479,588478,-1369.0198339983065,1373.3405910290935,-3060.847950466069,3019.634990051365,W20533
642725,643703,-1881.431886693912,2146.116013168249,-922.0093029382764,1354.416387375768,W20533
654748,655439,-922.0093029382764,1354.416387375768,-824.4664002727116,-360.1164636447984,W20533
