started_at,ended_at,start_x,start_y,end_x,end_y,bike_id
202902,203222,1157.659916597574,-143.71262892290716,422.87264992317904,94.06442404292608,W20553
215097,215495,1399.084123210781,-702.1992743957761,1836.676275980947,-1899.4334526018283,W20553
284848,285495,1836.676275980947,-1899.4334526018283,-568.1726241532793,-1955.7830855160428,W20553
