started_at,ended_at,start_x,start_y,end_x,end_y,bike_id
233860,234559,-10728.366846599922,20768.64559680681,-11781.43724431174,22024.54480633897,W20506
334885,335547,-11781.43724431174,22024.54480633897,-10728.366846599922,20768.64559680681,W20506
1172913,1173306,-10728.366846599922,20768.64559680681,-11111.246096602368,20740.37061017157,W20506
