started_at,ended_at,start_x,start_y,end_x,end_y,bike_id
1719961,1720733,-18098.5438078248,3876.790096717304,-18098.5438078248,3876.790096717304,W20510
