started_at,ended_at,start_x,start_y,end_x,end_y,bike_id
117250,117931,-794.7691416991337,2685.45581729673,-985.2325967772824,233.88089338963675,W20558
331811,331934,1835.2706095118488,-1359.8153513599148,1835.2706095118488,-1359.8153513599148,W20558
896336,897089,-1687.4808070499614,3322.088291974309,-1917.467610232194,723.2385361039151,W20558
897284,897684,-1917.467610232194,723.2385361039151,-2348.1622084654537,-118.3319322580282,W20558
