started_at,ended_at,start_x,start_y,end_x,end_y,bike_id
60361,61698,-2172.3567665832597,2509.7946798534413,-3698.003126530832,668.4251368154823,W20563
497014,497407,-2594.957575458331,495.12537678995767,-2417.454784827981,1540.3188585612754,W20563
498471,498810,-2417.454784827981,1540.3188585612754,-1923.6199654583029,1762.9565486044485,W20563
