started_at,ended_at,start_x,start_y,end_x,end_y,bike_id
3427,4125,-1005.3013800123252,2364.690565368115,-873.5983458566102,3804.9894416778247,W20502
39055,39420,-873.5983458566102,3804.9894416778247,-799.8820989751116,2230.607016540563,W20502
