started_at,ended_at,start_x,start_y,end_x,end_y,bike_id
117250,117931,-242.71491869602204,2513.245564049094,-433.0906763410017,61.67064014200078,W20558
331811,331934,2387.4374655296765,-1532.0256046075506,2387.4374655296765,-1532.0256046075506,W20558
679140,679763,-386.5143738072543,5772.104752051873,-747.4932564629371,3672.408697257432,W20558
725861,726719,-747.4932564629371,3672.408697257432,-834.2552317649786,900.5694562238467,W20558
896336,897089,-1135.4390937110154,3149.8780387266734,-1365.3326241855143,551.0282828562791,W20558
897284,897684,-1365.3326241855143,551.0282828562791,-1795.993143998876,-290.5421855056642,W20558
