started_at,ended_at,start_x,start_y,end_x,end_y,bike_id
74360,75895,-4079.334235838357,1361.0955180768024,-494.03119251583706,2141.440621677288,W20582
209816,210545,-494.03119251583706,2141.440621677288,98.47671969768471,1232.2751862723885,W20582
211563,212183,98.47671969768471,1232.2751862723885,-493.99848393693776,3187.837764878856,W20582
223803,224464,-493.99848393693776,3187.837764878856,1120.6795998258754,2058.068864235805,W20582
226724,226829,1120.6795998258754,2058.068864235805,1000.298381636028,1637.3888914201018,W20582
376348,377298,1000.298381636028,1637.3888914201018,-298.30049519174673,-188.1288480866431,W20582
396236,396880,-298.30049519174673,-188.1288480866431,-543.4342390331508,1377.793344829783,W20582
403665,403973,-543.4342390331508,1377.793344829783,-814.5374629822909,2330.682658213708,W20582
463140,463947,-814.5374629822909,2330.682658213708,422.87264992317904,94.06442404292608,W20582
467487,468155,422.87264992317904,94.06442404292608,903.3176669575872,-2156.246028065728,W20582
649636,650603,903.3176669575872,-2156.246028065728,1572.4295790921033,412.8815961838383,W20582
653053,653292,1572.4295790921033,412.8815961838383,1002.1298273174614,77.58923497942598,W20582
805416,806210,1002.1298273174614,77.58923497942598,-802.7521471361426,-996.414981787365,W20582
834222,834991,-802.7521471361426,-996.414981787365,1002.1298273174614,77.58923497942598,W20582
840720,841703,1002.1298273174614,77.58923497942598,1884.1796308376872,112.54335231649912,W20582
894333,894638,1884.1796308376872,112.54335231649912,1002.1298273174614,77.58923497942598,W20582
894702,895641,1002.1298273174614,77.58923497942598,-1309.9813548408183,-194.6966599429369,W20582
973774,974223,-1309.9813548408183,-194.6966599429369,-246.9191299668783,106.75477237497007,W20582
1012813,1013744,-246.9191299668783,106.75477237497007,2285.373851356912,-1533.30577132602,W20582
1261074,1261333,2285.373851356912,-1533.30577132602,1835.2706095118488,-1359.8153513599148,W20582
1273156,1274344,1835.2706095118488,-1359.8153513599148,-2811.4720009168905,-425.46062567272384,W20582
1278440,1279562,-2811.4720009168905,-425.46062567272384,1835.2706095118488,-1359.8153513599148,W20582
1532612,1536561,912.5376302209072,-1263.1349344592616,1230.0885275888672,-1242.652266974825,W20582
1593064,1594149,1230.0885275888672,-1242.652266974825,-2811.4720009168905,-425.46062567272384,W20582
1788982,1789946,-1994.3215216154588,-3476.932805400522,-1994.3215216154588,-3476.932805400522,W20582
