started_at,ended_at,start_x,start_y,end_x,end_y,bike_id
743079,745865,264.6385109299633,6539.51169609528,-1005.3013800123252,2364.690565368115,W20534
807735,808091,-1005.3013800123252,2364.690565368115,-1642.789656665885,1651.749022427998,W20534
809564,809933,-1642.789656665885,1651.749022427998,-1775.978957937016,489.13500502400655,W20534
843512,843933,-1775.978957937016,489.13500502400655,-834.2552317649786,900.5694562238467,W20534
888352,888774,-834.2552317649786,900.5694562238467,-757.8209312821701,-366.9069131905728,W20534
1776199,1779178,2131.053938378371,-542.7906883249245,-3835.4008240059984,-139.92778819224205,W20534
1780565,1784788,-3835.4008240059984,-139.92778819224205,-4282.93758484372,-357.3334925191697,W20534
2035966,2038215,-4615.327366054648,-3488.6212841275287,-3835.4008240059984,-139.92778819224205,W20534
2039006,2042389,-3835.4008240059984,-139.92778819224205,-3835.4008240059984,-139.92778819224205,W20534
2226756,2228258,-3835.4008240059984,-139.92778819224205,-3835.4008240059984,-139.92778819224205,W20534
2228437,2230082,-3835.4008240059984,-139.92778819224205,-3835.4008240059984,-139.92778819224205,W20534
2308456,2311898,-3835.4008240059984,-139.92778819224205,-3835.4008240059984,-139.92778819224205,W20534
2393198,2395205,-3835.4008240059984,-139.92778819224205,-1442.0390538905754,-3649.143058648157,W20534
2395874,2396981,-1442.0390538905754,-3649.143058648157,-1442.0390538905754,-3649.143058648157,W20534
2465369,2471906,-1442.0390538905754,-3649.143058648157,-1442.0390538905754,-3649.143058648157,W20534
2473042,2476937,-1442.0390538905754,-3649.143058648157,-1442.0390538905754,-3649.143058648157,W20534
2478121,2480723,-1442.0390538905754,-3649.143058648157,-1442.0390538905754,-3649.143058648157,W20534
2482873,2484795,-1442.0390538905754,-3649.143058648157,-1442.0390538905754,-3649.143058648157,W20534
2485024,2487666,-1442.0390538905754,-3649.143058648157,-1442.0390538905754,-3649.143058648157,W20534
2490067,2492610,-1442.0390538905754,-3649.143058648157,-1442.0390538905754,-3649.143058648157,W20534
2545773,2548125,-1442.0390538905754,-3649.143058648157,-1442.0390538905754,-3649.143058648157,W20534
2559664,2562663,-1442.0390538905754,-3649.143058648157,-1442.0390538905754,-3649.143058648157,W20534
2568894,2569720,-1442.0390538905754,-3649.143058648157,-3508.557329462188,-3818.570340770956,W20534
