started_at,ended_at,start_x,start_y,end_x,end_y,bike_id
53207,54631,4413.373510244691,1649.7452832179245,3982.877951863872,-913.9277176259152,W20509
150464,150654,3982.877951863872,-913.9277176259152,3426.1166896475306,-879.6415133596573,W20509
190893,192114,3426.1166896475306,-879.6415133596573,-355.6398425470696,5.231985716245127,W20509
229043,229866,-355.6398425470696,5.231985716245127,470.0445168883398,-1523.9549883433065,W20509
231518,231933,470.0445168883398,-1523.9549883433065,1554.255559250921,-94.62101826821,W20509
237797,237944,1554.255559250921,-94.62101826821,1812.4743714305184,289.6516347461591,W20509
290943,292003,1812.4743714305184,289.6516347461591,447.87071757646186,-1273.2682585705527,W20509
721690,722385,-1619.9365259724264,2337.5844266058048,-2481.962052989563,978.492647738285,W20509
753453,754809,-2481.962052989563,978.492647738285,1124.7088420298285,-40.52005958753947,W20509
755282,756980,1124.7088420298285,-40.52005958753947,3806.5117114282257,3259.9723764533464,W20509
1790943,1792705,3806.5117114282257,3259.9723764533464,3806.5117114282257,3259.9723764533464,W20509
1943483,1945253,3806.5117114282257,3259.9723764533464,-479.0757048613133,668.9149397337637,W20509
2215069,2215738,-479.0757048613133,668.9149397337637,-910.6317190044888,-149.73790131117772,W20509
