started_at,ended_at,start_x,start_y,end_x,end_y,bike_id
247735,248430,2447.250630792388,463.5171925950309,42.55668119470874,683.8074999788248,W20593
289998,291454,42.55668119470874,683.8074999788248,-2524.8855174638293,1823.5140002958813,W20593
292966,293096,-2524.8855174638293,1823.5140002958813,-2450.377106119949,1407.2928387603392,W20593
375056,375200,-2803.182402743171,296.3567677708471,-2892.402588299826,-17.69969635880834,W20593
414944,415813,-2892.402588299826,-17.69969635880834,-1881.6873246556,2146.116013168249,W20593
460062,460817,-1881.6873246556,2146.116013168249,-2892.402588299826,-17.69969635880834,W20593
484863,485377,-2892.402588299826,-17.69969635880834,-2450.377106119949,1407.2928387603392,W20593
1772529,1778065,-2853.3723100320794,-891.6639486224678,-1450.058364987162,-447.3904381419498,W20593
2486771,2490718,-4002.05809119474,833.4441926753292,-4002.05809119474,833.4441926753292,W20593
