started_at,ended_at,start_x,start_y,end_x,end_y,bike_id
736709,738508,3018.258145676523,-3388.2116859177904,932.3577554627492,283.6404171143583,W20590
900983,901839,932.3577554627492,283.6404171143583,-15.958787378240622,-2127.9933387636784,W20590
934828,935490,-15.958787378240622,-2127.9933387636784,1455.5224809928118,-2328.4562813133634,W20590
979935,981233,1569.9622930518342,2264.7819019612893,-1460.8625118525238,53.58049920683244,W20590
1013321,1014100,-1460.8625118525238,53.58049920683244,435.06300640745945,-2350.107796669948,W20590
1378827,1378991,-428.9248489104604,3523.6867203093425,-747.4932564629371,3672.408697257432,W20590
1522719,1523596,-747.4932564629371,3672.408697257432,-369.90720380120285,1182.206134128132,W20590
1526324,1526791,-369.90720380120285,1182.206134128132,-1371.3067196627298,1590.7462953568122,W20590
1529758,1529863,-1371.3067196627298,1590.7462953568122,-1642.789656665885,1651.749022427998,W20590
1537662,1538556,-1642.789656665885,1651.749022427998,363.25593041670027,347.31479646722295,W20590
1577248,1577764,363.25593041670027,347.31479646722295,-1365.3326241855143,551.0282828562791,W20590
1872906,1873102,-1365.3326241855143,551.0282828562791,-1341.804285739922,1150.146306761428,W20590
2045878,2046054,-1341.804285739922,1150.146306761428,-1371.3067196627298,1590.7462953568122,W20590
2448509,2449891,-5365.713663128789,-801.2730464646756,-9739.103603760188,-1872.1603355708255,W20590
2450076,2451706,-9739.103603760188,-1872.1603355708255,-14503.535530257355,-293.659113166305,W20590
2452538,2453904,-14503.535530257355,-293.659113166305,-9739.103603760188,-1872.1603355708255,W20590
2454093,2455497,-9739.103603760188,-1872.1603355708255,-5365.713663128789,-801.2730464646756,W20590
2473198,2474361,-5365.713663128789,-801.2730464646756,-3449.6932796672977,661.2339394276931,W20590
2495337,2501092,-3449.6932796672977,661.2339394276931,-3449.6932796672977,661.2339394276931,W20590
