started_at,ended_at,start_x,start_y,end_x,end_y,bike_id
247829,248253,-2792.164519531742,1461.727753976022,-2996.425218577444,611.3630968574403,W20569
297225,297622,-2996.425218577444,611.3630968574403,-2792.164519531742,1461.727753976022,W20569
315202,315653,-2792.164519531742,1461.727753976022,-2803.1298600936816,296.3567677708471,W20569
323039,323209,-2803.1298600936816,296.3567677708471,-2604.841974791065,587.31822633261,W20569
405148,405784,-1620.0792206913457,3013.067178195072,-1917.467610232194,723.2385361039151,W20569
571248,571353,-1917.467610232194,723.2385361039151,-1917.467610232194,723.2385361039151,W20569
735686,736072,-2172.0118915123644,2509.7946798534413,-1008.4935812659144,2284.707975219652,W20569
739278,740197,-1008.4935812659144,2284.707975219652,-493.3014109226975,113.54792354855924,W20569
752351,753112,-493.3014109226975,113.54792354855924,1572.4295790921033,412.8815961838383,W20569
759853,760088,1002.1298273174614,77.58923497942598,1572.4295790921033,412.8815961838383,W20569
893245,893979,-919.4722224283496,3269.7684348142307,-1713.5857184887172,1824.4045510561773,W20569
896536,897540,-1713.5857184887172,1824.4045510561773,949.0927421968316,1050.348962199343,W20569
928023,928544,949.0927421968316,1050.348962199343,-219.1862779950825,754.4078127095321,W20569
983075,984175,-219.1862779950825,754.4078127095321,-2604.841974791065,587.31822633261,W20569
997858,998458,-2604.841974791065,587.31822633261,-2248.5703681191844,832.4674209813991,W20569
1019487,1020066,-2248.5703681191844,832.4674209813991,-3204.387511290492,842.0157437416958,W20569
1020603,1020963,-3204.387511290492,842.0157437416958,-4079.334235838357,1361.0955180768024,W20569
1353765,1361142,-1592.754378936063,822.8132429757283,-3499.0812210478525,986.6189234248992,W20569
1524617,1526333,-1687.4808070499614,3322.088291974309,-1380.3033083701418,-858.2682951157151,W20569
