started_at,ended_at,start_x,start_y,end_x,end_y,bike_id
63727,64414,-3501.469604136133,-4292.009388647019,-2646.8223324131995,-4834.493105377716,W20549
147424,148940,-2646.8223324131995,-4834.493105377716,-4021.79420879787,-5742.716576966848,W20549
