started_at,ended_at,start_x,start_y,end_x,end_y,bike_id
1078969,1079338,-2194.889224699188,1823.9592756756335,-2925.311977241168,1006.3223589937804,W20566
1102778,1103127,-2925.311977241168,1006.3223589937804,-1917.467610232194,723.2385361039151,W20566
1103706,1104265,-1917.467610232194,723.2385361039151,-2646.5254975806206,1031.0908020110053,W20566
1127240,1128367,-2646.5254975806206,1031.0908020110053,-919.4722224283496,3269.7684348142307,W20566
1154954,1155464,-919.4722224283496,3269.7684348142307,-2194.4774136437,1670.339269546311,W20566
1161343,1161823,-2194.4774136437,1670.339269546311,-3499.0812210478525,986.6189234248992,W20566
1163936,1164803,-3499.0812210478525,986.6189234248992,-1557.3691014905978,2536.900818615751,W20566
1189502,1189695,-1557.3691014905978,2536.900818615751,-2172.0118915123644,2509.7946798534413,W20566
1193923,1194159,-2172.0118915123644,2509.7946798534413,-1923.405460375761,1762.9565486044485,W20566
1365762,1366514,-2104.020490588656,3097.446862721063,-2996.425218577444,611.3630968574403,W20566
1441655,1443462,-82.14293697444242,-1351.7447350956706,-82.14293697444242,-1351.7447350956706,W20566
1446158,1448430,-82.14293697444242,-1351.7447350956706,-117.15367456973772,-2177.897543422312,W20566
1627160,1627533,1259.9606745071096,-989.0679380163066,1572.4295790921033,412.8815961838383,W20566
1702851,1705882,-1386.3722255965383,1072.7797094714829,-1812.32704114666,-1830.5270875335093,W20566
1706416,1707715,-1812.32704114666,-1830.5270875335093,912.5376302209072,-1263.1349344592616,W20566
2286016,2287042,912.5376302209072,-1263.1349344592616,-1051.840396051375,-834.0564463237743,W20566
2287122,2290885,-1051.840396051375,-834.0564463237743,-1051.840396051375,-834.0564463237743,W20566
2290891,2292128,-1051.840396051375,-834.0564463237743,912.5376302209072,-1263.1349344592616,W20566
2293746,2295141,912.5376302209072,-1263.1349344592616,-2348.210150806419,-441.1565828206682,W20566
