started_at,ended_at,start_x,start_y,end_x,end_y,bike_id
34146,34516,910.0396597345538,1205.9170481171593,932.3577554627492,283.6404171143583,W20560
377988,378732,932.3577554627492,283.6404171143583,58.83935351161514,-58.66232969907673,W20560
385936,387252,58.83935351161514,-58.66232969907673,-1642.372485044098,1498.1290162986752,W20560
407985,408824,-1642.372485044098,1498.1290162986752,-747.4932564629371,3672.408697257432,W20560
409715,410380,-747.4932564629371,3672.408697257432,-1642.372485044098,1498.1290162986752,W20560
412270,412975,-1642.372485044098,1498.1290162986752,61.93809413467237,1659.6526604251312,W20560
493380,493794,61.93809413467237,1659.6526604251312,910.0396597345538,1205.9170481171593,W20560
519524,519891,910.0396597345538,1205.9170481171593,332.92911989643176,582.1975594618963,W20560
561686,562368,332.92911989643176,582.1975594618963,447.87071757646186,-1273.2682585705527,W20560
563362,565103,447.87071757646186,-1273.2682585705527,-1460.8625118525238,53.58049920683244,W20560
660016,660828,-1460.8625118525238,53.58049920683244,8.662919362128497,1205.5830915821473,W20560
662682,665968,8.662919362128497,1205.5830915821473,1552.3696547911195,1465.178638172466,W20560
666622,667278,1552.3696547911195,1465.178638172466,2124.537389012071,240.6713429362023,W20560
668754,669095,2124.537389012071,240.6713429362023,2326.262791090281,-622.2723436696831,W20560
711030,711493,2326.262791090281,-622.2723436696831,1796.710145560574,852.6864867715699,W20560
721878,722607,1796.710145560574,852.6864867715699,3394.571716709091,1980.8075283119197,W20560
764857,765636,3394.571716709091,1980.8075283119197,1796.710145560574,852.6864867715699,W20560
800202,800510,-18.35545664990919,9750.862910809235,520.8301948654599,8617.080474265777,W20560
835784,838478,520.8301948654599,8617.080474265777,520.8301948654599,8617.080474265777,W20560
845497,847197,520.8301948654599,8617.080474265777,1419.8520538572202,8919.199819653708,W20560
1760739,1762042,1419.8520538572202,8919.199819653708,-1372.3172449005554,10894.886681094122,W20560
2213321,2215515,-1372.3172449005554,10894.886681094122,-1372.3172449005554,10894.886681094122,W20560
2469930,2474418,-1372.3172449005554,10894.886681094122,-1372.3172449005554,10894.886681094122,W20560
