started_at,ended_at,start_x,start_y,end_x,end_y,bike_id
455890,456180,-2375.783704734972,-9612.827542982326,-3012.1547041318827,-8654.594925037416,W20583
597165,597510,-3012.1547041318827,-8654.594925037416,-3091.94864792549,-7999.3722032415235,W20583
667197,667889,-3091.94864792549,-7999.3722032415235,-2287.960187970927,-8356.928333450174,W20583
1364101,1366093,-2287.960187970927,-8356.928333450174,-2287.960187970927,-8356.928333450174,W20583
1706825,1708389,-2287.960187970927,-8356.928333450174,-3566.081324537392,-6054.409343026973,W20583
1863909,1864957,-3566.081324537392,-6054.409343026973,-1442.0390538905754,-3649.143058648157,W20583
1865184,1867127,-1442.0390538905754,-3649.143058648157,-6288.612723581445,-5616.035731331934,W20583
1974101,1975224,-6288.612723581445,-5616.035731331934,-7363.579416077806,-1981.252803691672,W20583
2043323,2047086,-7363.579416077806,-1981.252803691672,-1338.6563166249937,473.21641018658136,W20583
2047787,2048123,-1338.6563166249937,473.21641018658136,-1371.3067196627298,1590.7462953568122,W20583
2150631,2151527,-1371.3067196627298,1590.7462953568122,-1371.3067196627298,1590.7462953568122,W20583
2299969,2300102,-1371.3067196627298,1590.7462953568122,-1001.6416887046756,1337.5515823548856,W20583
2300453,2300727,-1001.6416887046756,1337.5515823548856,-1329.3469852904998,1973.9057599206133,W20583
2304636,2305375,-1329.3469852904998,1973.9057599206133,-2353.98720139412,2869.0205927379434,W20583
2380201,2380552,-2353.98720139412,2869.0205927379434,-1551.966391370401,2925.236609473427,W20583
2381914,2382116,-1551.966391370401,2925.236609473427,-2145.3251794658845,2826.719431629812,W20583
2489942,2490918,-2145.3251794658845,2826.719431629812,-1882.362757780742,1958.0984839271373,W20583
2496358,2496547,-1882.362757780742,1958.0984839271373,-1371.3067196627298,1590.7462953568122,W20583
2645730,2646476,-4077.689688642877,6368.105848297172,-2834.854701191256,3614.745535536368,W20583
2653646,2654120,-2834.854701191256,3614.745535536368,-1551.966391370401,2925.236609473427,W20583
2654776,2655120,-1551.966391370401,2925.236609473427,-781.0670346867206,2589.721610578743,W20583
2660175,2660605,-781.0670346867206,2589.721610578743,450.54568352641655,1652.973529723306,W20583
