started_at,ended_at,start_x,start_y,end_x,end_y,bike_id
67843,68096,-2194.889224699188,1823.9592756756335,-1553.745244797235,1509.7618356025214,W20580
143817,144311,-1553.745244797235,1509.7618356025214,422.87264992317904,94.06442404292608,W20580
144487,144815,422.87264992317904,94.06442404292608,1260.3648729942292,461.861887993795,W20580
197632,197877,1260.3648729942292,461.861887993795,2175.7585113241184,414.1061034791464,W20580
198078,198836,2175.7585113241184,414.1061034791464,-104.30822423996608,-1101.0580053229169,W20580
237121,237503,-104.30822423996608,-1101.0580053229169,33.87216753763598,-102.3020185750716,W20580
240611,241480,33.87216753763598,-102.3020185750716,1017.9191426354972,2436.9921552089254,W20580
286956,287571,1017.9191426354972,2436.9921552089254,33.87216753763598,-102.3020185750716,W20580
320863,321125,33.87216753763598,-102.3020185750716,-584.2071226972812,-157.18220917050687,W20580
334345,335591,-584.2071226972812,-157.18220917050687,-2469.43675410197,4.1187972648863145,W20580
998019,998779,-3204.387511290492,842.0157437416958,-1031.196919700857,841.1251929813999,W20580
1073874,1074110,-1031.196919700857,841.1251929813999,-1917.467610232194,723.2385361039151,W20580
1253192,1253966,-2354.6709182688887,2716.8477315926184,-1320.292999174232,823.2028589331105,W20580
2391247,2395043,-1620.0792206913457,3013.067178195072,-1557.3691014905978,2536.900818615751,W20580
2474818,2475337,-1557.3691014905978,2536.900818615751,-1386.3722255965383,1072.7797094714829,W20580
2480316,2483017,-1386.3722255965383,1072.7797094714829,-1386.3722255965383,1072.7797094714829,W20580
2484791,2485742,-1386.3722255965383,1072.7797094714829,-2594.876311980931,495.12537678995767,W20580
2563395,2564213,-2594.876311980931,495.12537678995767,-543.4342390331508,1377.793344829783,W20580
