started_at,ended_at,start_x,start_y,end_x,end_y,bike_id
1697852,1701805,-1993.883130108986,3476.932805400522,-1993.883130108986,3476.932805400522,W20576
1701843,1703283,-1993.883130108986,3476.932805400522,-1993.883130108986,3476.932805400522,W20576
1703313,1704625,-1993.883130108986,3476.932805400522,-1993.883130108986,3476.932805400522,W20576
