started_at,ended_at,start_x,start_y,end_x,end_y,bike_id
407263,407578,-17541.98498129523,3463.017949772379,-18098.5438078248,3876.790096717304,W20622
413008,413489,-18098.5438078248,3876.790096717304,-18863.71221467036,3501.0889947693013,W20622
2298483,2299392,-18863.71221467036,3501.0889947693013,-18098.5438078248,3876.790096717304,W20622
2567711,2570110,-18098.5438078248,3876.790096717304,-18098.5438078248,3876.790096717304,W20622
