started_at,ended_at,start_x,start_y,end_x,end_y,bike_id
291259,292035,-1351.952265455199,2402.817269788199,-2925.311977241168,1006.3223589937804,W20656
381316,381843,-2925.311977241168,1006.3223589937804,-2811.4720009168905,-425.46062567272384,W20656
407621,408246,-2811.4720009168905,-425.46062567272384,-1051.840396051375,-834.0564463237743,W20656
