started_at,ended_at,start_x,start_y,end_x,end_y,bike_id
839157,840315,-4215.100165025086,1013.5580839200984,-1687.835498630181,3322.088291974309,W20638
842318,842676,-1687.835498630181,3322.088291974309,-1352.1577779900822,2402.817269788199,W20638
897428,898246,-1352.1577779900822,2402.817269788199,-1592.837274168058,822.8132429757283,W20638
927136,928299,-1592.837274168058,822.8132429757283,-1993.883130108986,-3476.932805400522,W20638
