started_at,ended_at,start_x,start_y,end_x,end_y,bike_id
2480731,2483677,-27528.908545298797,8081.970786247714,-27528.908545298797,8081.970786247714,W20649
2485283,2491953,-27528.908545298797,8081.970786247714,-27528.908545298797,8081.970786247714,W20649
