started_at,ended_at,start_x,start_y,end_x,end_y,bike_id
31886,32080,-1329.3469852904998,1973.9057599206133,-1642.372485044098,1498.1290162986752,W20630
36422,36698,-1642.372485044098,1498.1290162986752,-1466.8360433646835,911.2393670264918,W20630
157431,157697,-1466.8360433646835,911.2393670264918,-1775.978957937016,489.13500502400655,W20630
211767,212107,-1775.978957937016,489.13500502400655,-1003.3086266819548,370.2716219648887,W20630
289772,291066,-860.0530312968476,4418.244958901389,-433.0906763410017,61.67064014200078,W20630
412688,413626,-433.0906763410017,61.67064014200078,597.7036244864972,2205.448957565165,W20630
466650,467483,597.7036244864972,2205.448957565165,-355.6398425470696,5.231985716245127,W20630
484079,484378,-355.6398425470696,5.231985716245127,128.0433274469788,541.454862184085,W20630
487460,487728,128.0433274469788,541.454862184085,-355.6398425470696,5.231985716245127,W20630
498330,498693,-355.6398425470696,5.231985716245127,-768.1680092204891,650.9926056854747,W20630
502847,503522,-768.1680092204891,650.9926056854747,60.22239463894543,1824.9788855982576,W20630
639975,640401,811.6929069099815,1646.4057178670123,51.97857877547188,882.4244844852859,W20630
662760,663712,51.97857877547188,882.4244844852859,2999.275398518414,291.3069393473949,W20630
665172,665602,2999.275398518414,291.3069393473949,2999.275398518414,291.3069393473949,W20630
665653,666296,2999.275398518414,291.3069393473949,1796.710145560574,852.6864867715699,W20630
758223,759893,1552.3696547911195,1465.178638172466,-1642.789656665885,1651.749022427998,W20630
923349,923598,-3273.215818796542,-10246.574147019925,-3527.744172105371,-10590.095683425305,W20630
930791,931325,-3527.744172105371,-10590.095683425305,-2595.2219202602832,-9265.401427670364,W20630
947212,947499,-2595.2219202602832,-9265.401427670364,-2159.558678089764,-8801.090525085952,W20630
2480534,2481985,-2159.558678089764,-8801.090525085952,-2134.461945833657,-8466.911352331315,W20630
