started_at,ended_at,start_x,start_y,end_x,end_y,bike_id
2465358,2466033,-1553.8936335864703,1509.7618356025214,-2606.931407629117,-149.61252770917662,W20660
