started_at,ended_at,start_x,start_y,end_x,end_y,bike_id
2227854,2228180,-1687.835498630181,-3322.088291974309,-2906.611169067512,-3041.230845985579,W20665
2313804,2313953,-2906.611169067512,-3041.230845985579,-2259.8608310676686,-2967.983045961312,W20665
2330365,2331880,-2259.8608310676686,-2967.983045961312,1731.1908863231297,162.91512968887474,W20665
2375933,2376137,1731.1908863231297,162.91512968887474,1111.6447822315015,-379.2633049876047,W20665
