started_at,ended_at,start_x,start_y,end_x,end_y,bike_id
1102584,1103686,-2808.2773936322506,-513.9591074636016,-1687.835498630181,-3322.088291974309,W20659
1109106,1109716,-1687.835498630181,-3322.088291974309,-912.1249626238716,-1947.857150184919,W20659
1453600,1454325,-1555.499352562064,-542.4818752125246,-1557.6190541540952,-2536.900818615751,W20659
1497654,1498399,-1557.6190541540952,-2536.900818615751,-2792.422696799228,-1461.727753976022,W20659
1516215,1518628,-2792.422696799228,-1461.727753976022,-568.1023581072151,1955.7830855160428,W20659
1522944,1528566,-568.1023581072151,1955.7830855160428,-117.13754112524298,2177.897543422312,W20659
