started_at,ended_at,start_x,start_y,end_x,end_y,bike_id
314752,316334,-2605.6813026458703,-1351.7447350956706,-2605.6813026458703,-1351.7447350956706,W20698
330630,333012,-2605.6813026458703,-1351.7447350956706,-757.2144788708657,-1761.398084774919,W20698
399631,402390,-757.2144788708657,-1761.398084774919,-802.7521471361426,-996.414981787365,W20698
492573,493739,-802.7521471361426,-996.414981787365,1731.2087241706054,-162.91512968887474,W20698
578683,579047,1731.2087241706054,-162.91512968887474,1835.2706095118488,-1359.8153513599148,W20698
584125,584488,1835.2706095118488,-1359.8153513599148,1731.2087241706054,-162.91512968887474,W20698
649506,651929,1731.2087241706054,-162.91512968887474,-3821.501991331301,729.9176668049492,W20698
758391,759243,-3821.501991331301,729.9176668049492,-2194.889224699188,1823.9592756756335,W20698
764820,765240,-2194.889224699188,1823.9592756756335,-1351.952265455199,2402.817269788199,W20698
810136,810644,-1351.952265455199,2402.817269788199,-493.99848393693776,3187.837764878856,W20698
810903,811741,-493.99848393693776,3187.837764878856,-246.9191299668783,106.75477237497007,W20698
840881,841086,-246.9191299668783,106.75477237497007,-246.9191299668783,106.75477237497007,W20698
886330,886665,-1620.0792206913457,3013.067178195072,-1713.5857184887172,1824.4045510561773,W20698
889009,889310,-1713.5857184887172,1824.4045510561773,-1386.3722255965383,1072.7797094714829,W20698
891785,892027,-1386.3722255965383,1072.7797094714829,-2194.4774136437,1670.339269546311,W20698
892524,893203,-2194.4774136437,1670.339269546311,-1367.2120777705156,238.8902414156101,W20698
898793,901638,-1367.2120777705156,238.8902414156101,912.5376302209072,-1263.1349344592616,W20698
936390,937151,912.5376302209072,-1263.1349344592616,1572.4295790921033,412.8815961838383,W20698
983317,984417,1572.4295790921033,412.8815961838383,-843.6894071192287,220.42732905849545,W20698
1251022,1251426,-1008.4935812659144,2284.707975219652,259.6198942404481,1818.615971114648,W20698
1251446,1252593,259.6198942404481,1818.615971114648,2852.2638477301693,103.74916355986063,W20698
1258176,1258624,2852.2638477301693,103.74916355986063,1260.3648729942292,461.861887993795,W20698
1293556,1294186,1260.3648729942292,461.861887993795,-219.1862779950825,754.4078127095321,W20698
1339021,1339656,-219.1862779950825,754.4078127095321,1567.3781020660113,742.3616437789719,W20698
