started_at,ended_at,start_x,start_y,end_x,end_y,bike_id
1600045,1600804,-11176.957095123238,23365.71425115741,-12388.824646850037,24707.77424673615,W20636
