started_at,ended_at,start_x,start_y,end_x,end_y,bike_id
43332,44460,3405.125056407562,-1167.734684274705,128.0433274469788,541.454862184085,W20670
58652,59443,-810.2158349534978,3422.163933649827,332.92911989643176,582.1975594618963,W20670
115212,115541,332.92911989643176,582.1975594618963,-433.0906763410017,61.67064014200078,W20670
118820,119217,-456.4230317783731,2112.497721972016,-816.9135259411414,1201.1303377814577,W20670
