started_at,ended_at,start_x,start_y,end_x,end_y,bike_id
51618,51996,58.03875561149759,1969.2303684296523,-1161.491409832351,1652.194297808541,W20621
115103,115569,-1161.491409832351,1652.194297808541,-2373.1758978806724,834.1121057461444,W20621
119980,120176,-2373.1758978806724,834.1121057461444,-2946.938203231537,814.4086701772632,W20621
152899,153664,-2946.938203231537,814.4086701772632,-1972.4911166466836,1651.3037470482452,W20621
312299,312644,-1972.4911166466836,1651.3037470482452,-2373.1758978806724,834.1121057461444,W20621
435144,435572,-6487.404007703691,-1336.828009862491,-5512.843673967893,-98.73981553388728,W20621
461159,461330,-5512.843673967893,-98.73981553388728,-5348.258169372739,-680.6034184607712,W20621
481310,481529,-5348.258169372739,-680.6034184607712,-6255.215123105512,-1154.9330170971298,W20621
482992,483251,-6255.215123105512,-1154.9330170971298,-5348.258169372739,-680.6034184607712,W20621
489703,489907,-5348.258169372739,-680.6034184607712,-5023.2373402162775,-22.041131313966417,W20621
550002,550130,-5023.2373402162775,-22.041131313966417,-4818.6860087709765,-293.43647547682417,W20621
724800,726538,-4818.6860087709765,-293.43647547682417,-1003.3086266819548,370.2716219648887,W20621
758824,759161,-1003.3086266819548,370.2716219648887,-1460.8625118525238,53.58049920683244,W20621
760597,760969,-1460.8625118525238,53.58049920683244,-2250.9703201658835,124.14651452321117,W20621
763143,764747,-2250.9703201658835,124.14651452321117,-3212.045241846323,-3952.598230176928,W20621
764892,765160,-3212.045241846323,-3952.598230176928,-2638.813335202063,-4515.092354069943,W20621
852008,852081,-2638.813335202063,-4515.092354069943,-2646.8223324131995,-4834.493105377716,W20621
888129,889601,-2646.8223324131995,-4834.493105377716,-5377.445726423125,-5494.2529148790445,W20621
2392443,2393874,-5130.675245896174,-584.8692117427845,-1642.789656665885,1651.749022427998,W20621
2403795,2404287,-1642.789656665885,1651.749022427998,-359.9313181814267,1775.6468969372831,W20621
2419319,2419704,-359.9313181814267,1775.6468969372831,-1642.789656665885,1651.749022427998,W20621
2533212,2533359,-1642.789656665885,1651.749022427998,-1537.569412718039,2220.922277022837,W20621
2572611,2574791,-1537.569412718039,2220.922277022837,-897.9286217198713,-619.6006913895858,W20621
2578616,2579690,-897.9286217198713,-619.6006913895858,-1537.569412718039,2220.922277022837,W20621
2633534,2633704,-1537.569412718039,2220.922277022837,-1161.491409832351,1652.194297808541,W20621
