started_at,ended_at,start_x,start_y,end_x,end_y,bike_id
51618,51996,-494.03119251583706,2141.440621677288,-1713.5857184887172,1824.4045510561773,W20621
115103,115569,-1713.5857184887172,1824.4045510561773,-2925.311977241168,1006.3223589937804,W20621
119980,120176,-2925.311977241168,1006.3223589937804,-3499.0812210478525,986.6189234248992,W20621
152899,153664,-3499.0812210478525,986.6189234248992,-2524.594292383785,1823.5140002958813,W20621
312299,312644,-2524.594292383785,1823.5140002958813,-2925.311977241168,1006.3223589937804,W20621
758824,759161,-1555.445981478385,542.4818752125246,-2013.015909685712,225.7907524544684,W20621
760597,760969,-2013.015909685712,225.7907524544684,-2803.1298600936816,296.3567677708471,W20621
2403795,2404287,-2194.889224699188,1823.9592756756335,-912.0125818422052,1947.857150184919,W20621
2419319,2419704,-912.0125818422052,1947.857150184919,-2194.889224699188,1823.9592756756335,W20621
2533212,2533359,-2194.889224699188,1823.9592756756335,-2089.6479554302955,2393.132530270474,W20621
2572611,2574791,-2089.6479554302955,2393.132530270474,-1450.099395056315,-447.3904381419498,W20621
2578616,2579690,-1450.099395056315,-447.3904381419498,-2089.6479554302955,2393.132530270474,W20621
2633534,2633704,-2089.6479554302955,2393.132530270474,-1713.5857184887172,1824.4045510561773,W20621
