started_at,ended_at,start_x,start_y,end_x,end_y,bike_id
113314,113555,1419.8520538572202,8919.199819653708,520.8301948654599,8617.080474265777,W20623
150453,150787,520.8301948654599,8617.080474265777,1419.8520538572202,8919.199819653708,W20623
205579,205810,1419.8520538572202,8919.199819653708,520.8301948654599,8617.080474265777,W20623
238253,238434,520.8301948654599,8617.080474265777,998.6697827529268,9291.783993940277,W20623
1618564,1620343,-15015.790094466323,22851.643824848277,-15015.790094466323,22851.643824848277,W20623
