started_at,ended_at,start_x,start_y,end_x,end_y,bike_id
31886,32080,-1881.431886693912,2146.116013168249,-2194.4774136437,1670.339269546311,W20630
36422,36698,-2194.4774136437,1670.339269546311,-2018.959555819223,1083.449620274128,W20630
157431,157697,-2018.959555819223,1083.449620274128,-2328.120578614408,661.3452582716426,W20630
211767,212107,-2328.120578614408,661.3452582716426,-1555.445981478385,542.4818752125246,W20630
412688,413626,-985.2325967772824,233.88089338963675,45.64780756438548,2377.6592108128007,W20630
466650,467483,45.64780756438548,2377.6592108128007,-907.7828902857132,177.44223896388112,W20630
484079,484378,-907.7828902857132,177.44223896388112,-424.0757252336529,713.6651154317209,W20630
487460,487728,-424.0757252336529,713.6651154317209,-907.7828902857132,177.44223896388112,W20630
498330,498693,-907.7828902857132,177.44223896388112,-1320.292999174232,823.2028589331105,W20630
502847,503522,-1320.292999174232,823.2028589331105,-491.8525682028344,1997.1891388458932,W20630
639975,640401,259.6198942404481,1818.615971114648,-500.12939426980034,1054.6347377329218,W20630
662760,663712,-500.12939426980034,1054.6347377329218,2447.178885471176,463.5171925950309,W20630
665172,665602,2447.178885471176,463.5171925950309,2447.178885471176,463.5171925950309,W20630
665653,666296,2447.178885471176,463.5171925950309,1244.6201406197797,1024.896740019206,W20630
758223,759893,1000.298381636028,1637.3888914201018,-2194.889224699188,1823.9592756756335,W20630
