started_at,ended_at,start_x,start_y,end_x,end_y,bike_id
891887,893420,1017.9191426354972,2436.9921552089254,-2328.120578614408,661.3452582716426,W20645
912598,912796,-2328.120578614408,661.3452582716426,-2646.5254975806206,1031.0908020110053,W20645
1323286,1323593,-1881.431886693912,2146.116013168249,-1917.467610232194,723.2385361039151,W20645
1325093,1325317,-1917.467610232194,723.2385361039151,-2311.895100954131,239.22419795062223,W20645
