started_at,ended_at,start_x,start_y,end_x,end_y,bike_id
221553,222209,-1380.2283887746603,858.2682951157151,422.87516574033486,-94.06442404292608,W20678
236391,237032,422.87516574033486,-94.06442404292608,933.0718976437946,1937.9287301948511,W20678
295288,296067,933.0718976437946,1937.9287301948511,-497.6502651030011,1112.8544936800606,W20678
2484181,2484374,1774.0765416883553,450.0620904220471,1572.4706426230523,-412.8815961838383,W20678
2568303,2568597,1572.4706426230523,-412.8815961838383,2447.250630792388,-463.5171925950309,W20678
2573284,2575045,2447.250630792388,-463.5171925950309,-1051.7849150501052,834.0564463237743,W20678
