started_at,ended_at,start_x,start_y,end_x,end_y,bike_id
142600,143089,1731.2087241706054,-162.91512968887474,422.87264992317904,94.06442404292608,W20604
161600,162132,422.87264992317904,94.06442404292608,1244.6201406197797,1024.896740019206,W20604
377278,377875,-1386.3722255965383,1072.7797094714829,-570.845296965312,382.6028703385173,W20604
721472,722069,259.6198942404481,1818.615971114648,-1574.715056457654,1019.791939240589,W20604
724321,724765,-1574.715056457654,1019.791939240589,-2169.5321645165045,380.3764934373816,W20604
1016846,1017333,-2524.594292383785,1823.5140002958813,-2259.436558225718,2967.9830459613117,W20604
1059603,1060041,-2259.436558225718,2967.9830459613117,-1008.4935812659144,2284.707975219652,W20604
1065601,1066115,-1008.4935812659144,2284.707975219652,-1574.715056457654,1019.791939240589,W20604
1113196,1113755,-2417.219257666417,1540.3188585612754,-929.3914426548988,1038.6048240499654,W20604
1142079,1142526,-929.3914426548988,1038.6048240499654,45.64780756438548,2377.6592108128007,W20604
1251504,1252064,45.64780756438548,2377.6592108128007,-1351.952265455199,2402.817269788199,W20604
1261845,1262283,-1351.952265455199,2402.817269788199,-2354.6709182688887,2716.8477315926184,W20604
1329203,1330100,-2354.6709182688887,2716.8477315926184,-922.0093029382764,1354.416387375768,W20604
1358822,1359097,-922.0093029382764,1354.416387375768,-814.5374629822909,2330.682658213708,W20604
1359334,1359919,-814.5374629822909,2330.682658213708,-922.0093029382764,1354.416387375768,W20604
1415202,1415499,-922.0093029382764,1354.416387375768,-1555.445981478385,542.4818752125246,W20604
1446233,1446547,-1555.445981478385,542.4818752125246,-922.0093029382764,1354.416387375768,W20604
1499203,1499592,-922.0093029382764,1354.416387375768,-1555.445981478385,542.4818752125246,W20604
2268154,2268602,-1620.0792206913457,3013.067178195072,-1555.445981478385,542.4818752125246,W20604
