started_at,ended_at,start_x,start_y,end_x,end_y,bike_id
197316,197731,567.8716789013716,10359.77699307606,-649.4331289275983,10711.64754713638,W20766
1448927,1450841,-7843.760145057529,16181.307312318431,-7843.760145057529,16181.307312318431,W20766
1766480,1770302,-7843.760145057529,16181.307312318431,-6455.428927789463,9272.080558371395,W20766
1771837,1774823,-6455.428927789463,9272.080558371395,-7843.760145057529,16181.307312318431,W20766
2469690,2471205,-6686.771908884874,10526.866579453772,-6971.834298522568,7478.622646231356,W20766
2471332,2477142,-6971.834298522568,7478.622646231356,-6378.292552120003,10102.407823386877,W20766
