started_at,ended_at,start_x,start_y,end_x,end_y,bike_id
843380,843662,-6205.127952811877,9671.492574308428,-6455.428927789463,9272.080558371395,W20741
1162138,1164595,-6455.428927789463,9272.080558371395,-3874.94773152752,655.3724484528836,W20741
1962279,1962558,-6083.115377944911,-1080.9059851580969,-6776.415356977439,-1468.740841212859,W20741
