started_at,ended_at,start_x,start_y,end_x,end_y,bike_id
2483811,2487309,-2620.070575480832,-8557.970167559133,-2620.070575480832,-8557.970167559133,W20718
