started_at,ended_at,start_x,start_y,end_x,end_y,bike_id
2406686,2407010,2624.858634007812,1776.9827230781227,1259.8818657302877,989.0679380163066,W20721
2456016,2456972,1259.8818657302877,989.0679380163066,-1017.5523537364988,1111.63304402804,W20721
2551561,2552877,-1017.5523537364988,1111.63304402804,-2996.5410888062315,-611.3630968574403,W20721
2564007,2565324,-2996.5410888062315,-611.3630968574403,3280.9658422691805,-631.4004889613337,W20721
2574565,2575819,3280.9658422691805,-631.4004889613337,-2996.5410888062315,-611.3630968574403,W20721
2657639,2658054,-2996.5410888062315,-611.3630968574403,-2434.7823223503287,-2130.308737174774,W20721
