started_at,ended_at,start_x,start_y,end_x,end_y,bike_id
291126,291636,-1375.3554708776364,3230.58420136674,-2417.219257666417,1540.3188585612754,W20730
296748,297341,-2417.219257666417,1540.3188585612754,-4079.334235838357,1361.0955180768024,W20730
489684,490180,-4079.334235838357,1361.0955180768024,-2925.311977241168,1006.3223589937804,W20730
753934,755201,-2606.956075627768,-149.61252770917662,903.3176669575872,-2156.246028065728,W20730
842653,844056,-985.2325967772824,233.88089338963675,-2434.4542367719587,2130.308737174774,W20730
851567,851910,-2434.4542367719587,2130.308737174774,-1008.4935812659144,2284.707975219652,W20730
984352,984825,-1008.4935812659144,2284.707975219652,-842.3452252522125,683.1637518961281,W20730
1011535,1012074,-842.3452252522125,683.1637518961281,-2328.120578614408,661.3452582716426,W20730
1067667,1067977,-2328.120578614408,661.3452582716426,-1315.9120102200964,375.0331888763961,W20730
1097745,1098458,-1315.9120102200964,375.0331888763961,-1812.32704114666,-1830.5270875335093,W20730
