started_at,ended_at,start_x,start_y,end_x,end_y,bike_id
686416,686907,-1890.7937293864395,645.4266634342174,-1881.431886693912,2146.116013168249,W20722
712957,713105,-1881.431886693912,2146.116013168249,-2194.4774136437,1670.339269546311,W20722
714041,714326,-2194.4774136437,1670.339269546311,-3034.094275550209,1150.702900985921,W20722
721710,722062,-3034.094275550209,1150.702900985921,-3697.8467852525214,668.4251368154823,W20722
735214,736154,-3697.8467852525214,668.4251368154823,-1891.2395552395976,-909.029688445473,W20722
740194,746096,-1891.2395552395976,-909.029688445473,-824.2637352862973,-1329.162363396306,W20722
1166777,1167114,1120.6795998258754,2058.068864235805,357.95233295209937,1378.1273013647951,W20722
1183535,1184696,357.95233295209937,1378.1273013647951,-2089.6479554302955,2393.132530270474,W20722
1432223,1432674,-1713.5857184887172,1824.4045510561773,-490.1426245460887,1831.862913672767,W20722
1433840,1434402,-490.1426245460887,1831.862913672767,-2172.0118915123644,2509.7946798534413,W20722
1453065,1453564,-2172.0118915123644,2509.7946798534413,-2646.5254975806206,1031.0908020110053,W20722
1528028,1528811,-2646.5254975806206,1031.0908020110053,-3060.847950466069,3019.634990051365,W20722
1531395,1532656,-3060.847950466069,3019.634990051365,-1891.2395552395976,-909.029688445473,W20722
1545021,1545774,-1891.2395552395976,-909.029688445473,236.3596737786456,-1033.5954760247828,W20722
1676704,1676995,2438.2540112858683,-645.8719388147609,1835.2706095118488,-1359.8153513599148,W20722
1678189,1678642,1835.2706095118488,-1359.8153513599148,2438.2540112858683,-645.8719388147609,W20722
1708844,1710042,2438.2540112858683,-645.8719388147609,1774.1270397604533,-450.0620904220471,W20722
1862354,1862577,1774.1270397604533,-450.0620904220471,1835.2706095118488,-1359.8153513599148,W20722
1862916,1863941,1835.2706095118488,-1359.8153513599148,351.2753779368917,-2232.165480370884,W20722
2488757,2489842,-246.9191299668783,106.75477237497007,-2328.120578614408,661.3452582716426,W20722
2489863,2491050,-2328.120578614408,661.3452582716426,-1555.445981478385,542.4818752125246,W20722
2491088,2491728,-1555.445981478385,542.4818752125246,-570.845296965312,382.6028703385173,W20722
