started_at,ended_at,start_x,start_y,end_x,end_y,bike_id
1587188,1587673,-4002.05809119474,833.4441926753292,-2892.402588299826,-17.69969635880834,W20754
