started_at,ended_at,start_x,start_y,end_x,end_y,bike_id
539478,539640,6132.346305542714,-3586.6931865913925,5456.55513304902,-3184.832156063746,W20721
2303103,2303960,5456.55513304902,-3184.832156063746,3177.326435678709,-1949.1929763257588,W20721
2406686,2407010,3177.326435678709,-1949.1929763257588,1812.120848742311,-1161.2781912639423,W20721
2456016,2456972,1812.120848742311,-1161.2781912639423,-465.43463430746266,-1283.8432972756757,W20721
2551561,2552877,-465.43463430746266,-1283.8432972756757,-2444.2745727179054,439.1528436098043,W20721
2564007,2565324,-2444.2745727179054,439.1528436098043,3832.9163838716586,459.19023571369775,W20721
2574565,2575819,3832.9163838716586,459.19023571369775,-2444.2745727179054,439.1528436098043,W20721
2657639,2658054,-2444.2745727179054,439.1528436098043,-1882.362757780742,1958.0984839271373,W20721
