started_at,ended_at,start_x,start_y,end_x,end_y,bike_id
985010,985405,-850.2844639197657,4073.713133559794,-1068.027447763776,2840.856924947436,W20713
986153,988572,-1068.027447763776,2840.856924947436,-1338.6563166249937,473.21641018658136,W20713
993639,994252,-1338.6563166249937,473.21641018658136,-815.0661716391357,66.67998816797413,W20713
1412629,1412799,-367.4370509722781,3097.5581815665946,-242.71491869602204,2513.245564049094,W20713
1434917,1436251,-242.71491869602204,2513.245564049094,-3874.94773152752,655.3724484528836,W20713
