started_at,ended_at,start_x,start_y,end_x,end_y,bike_id
1686333,1687514,-1365.3326241855143,551.0282828562791,-2053.08590707705,-595.6671397094958,W20746
1855924,1857615,-2053.08590707705,-595.6671397094958,-1260.1040304636565,-2002.7373407811456,W20746
1858351,1859917,-1260.1040304636565,-2002.7373407811456,-2308.148771781586,-4140.72707826278,W20746
2619182,2619490,2223.9957656844003,3304.7225521520945,2223.9957656844003,3304.7225521520945,W20746
2625758,2627146,2223.9957656844003,3304.7225521520945,572.5493392285961,7906.309648803634,W20746
2627159,2628457,572.5493392285961,7906.309648803634,1913.2663248769652,11429.10581835268,W20746
