started_at,ended_at,start_x,start_y,end_x,end_y,bike_id
50296,50972,666.9437976964771,1810.1557388930216,-1369.0198339983065,1373.3405910290935,W20759
55771,57139,-1369.0198339983065,1373.3405910290935,-1891.2395552395976,-909.029688445473,W20759
60962,64868,-1891.2395552395976,-909.029688445473,-1891.2395552395976,-909.029688445473,W20759
128035,130066,-1891.2395552395976,-909.029688445473,-4001.84712299075,833.4441926753292,W20759
1608316,1609037,-1994.3215216154588,-3476.932805400522,-1812.32704114666,-1830.5270875335093,W20759
1705352,1709495,-1812.32704114666,-1830.5270875335093,223.52812242238716,-443.9395539462969,W20759
1770442,1771049,223.52812242238716,-443.9395539462969,1572.4295790921033,412.8815961838383,W20759
2477076,2477869,-985.2325967772824,233.88089338963675,-424.0757252336529,713.6651154317209,W20759
2573558,2576386,-246.9191299668783,106.75477237497007,-1051.840396051375,-834.0564463237743,W20759
