started_at,ended_at,start_x,start_y,end_x,end_y,bike_id
205574,205930,-814.5374629822909,2330.682658213708,-1386.3722255965383,1072.7797094714829,W20799
234479,235417,-1386.3722255965383,1072.7797094714829,45.64780756438548,2377.6592108128007,W20799
289856,290532,45.64780756438548,2377.6592108128007,-424.0757252336529,713.6651154317209,W20799
291234,291475,-424.0757252336529,713.6651154317209,-219.1862779950825,754.4078127095321,W20799
293915,295879,-219.1862779950825,754.4078127095321,-2169.5321645165045,380.3764934373816,W20799
297183,298166,-2169.5321645165045,380.3764934373816,33.87216753763598,-102.3020185750716,W20799
321055,321674,33.87216753763598,-102.3020185750716,1884.1796308376872,112.54335231649912,W20799
341660,342102,1835.2706095118488,-1359.8153513599148,1731.2087241706054,-162.91512968887474,W20799
375698,375980,1731.2087241706054,-162.91512968887474,1002.1298273174614,77.58923497942598,W20799
376091,377356,1002.1298273174614,77.58923497942598,-2811.4720009168905,-425.46062567272384,W20799
404376,405352,-2811.4720009168905,-425.46062567272384,-493.3014109226975,113.54792354855924,W20799
417175,418036,-493.3014109226975,113.54792354855924,1111.6181164467437,379.2633049876047,W20799
493395,493848,1111.6181164467437,379.2633049876047,1259.9606745071096,-989.0679380163066,W20799
494292,495965,1259.9606745071096,-989.0679380163066,1259.9606745071096,-989.0679380163066,W20799
832474,833853,-757.2144788708657,-1761.398084774919,-4001.84712299075,833.4441926753292,W20799
1084511,1084703,-2604.841974791065,587.31822633261,-2996.425218577444,611.3630968574403,W20799
1761547,1762465,-1687.4808070499614,3322.088291974309,-1475.6435123868507,638.6362138876518,W20799
