started_at,ended_at,start_x,start_y,end_x,end_y,bike_id
998221,998776,-2853.533219035006,-891.6639486224678,-2853.533219035006,-891.6639486224678,W20750
