started_at,ended_at,start_x,start_y,end_x,end_y,bike_id
986153,988572,-1620.3880588270645,3013.067178195072,-1890.8709195411147,645.4266634342174,W20713
993639,994252,-1890.8709195411147,645.4266634342174,-1367.232735634131,238.8902414156101,W20713
1412629,1412799,-919.6624414465116,3269.7684348142307,-794.9041712895468,2685.45581729673,W20713
