started_at,ended_at,start_x,start_y,end_x,end_y,bike_id
721977,723323,-431.68621609472046,7071.97490536801,-810.2158349534978,3422.163933649827,W20773
723343,724021,-810.2158349534978,3422.163933649827,-1642.372485044098,1498.1290162986752,W20773
733786,734111,-1642.372485044098,1498.1290162986752,-799.8820989751116,2230.607016540563,W20773
735039,735461,-799.8820989751116,2230.607016540563,-1972.4911166466836,1651.3037470482452,W20773
735469,736237,-1972.4911166466836,1651.3037470482452,-799.8820989751116,2230.607016540563,W20773
743728,743864,-799.8820989751116,2230.607016540563,-781.0670346867206,2589.721610578743,W20773
770762,771258,-781.0670346867206,2589.721610578743,-470.4974132603581,3765.0005667433097,W20773
807456,808282,-470.4974132603581,3765.0005667433097,-1642.372485044098,1498.1290162986752,W20773
809173,809799,-1642.372485044098,1498.1290162986752,-815.0661716391357,66.67998816797413,W20773
843998,845029,-815.0661716391357,66.67998816797413,-2353.98720139412,2869.0205927379434,W20773
1175686,1175976,-2353.98720139412,2869.0205927379434,-2834.854701191256,3614.745535536368,W20773
1181714,1182815,-2834.854701191256,3614.745535536368,-4320.698607587493,4126.700903789897,W20773
1194279,1194570,-4320.698607587493,4126.700903789897,-3040.9153783352995,4058.351132946862,W20773
1253719,1254319,-3040.9153783352995,4058.351132946862,-1972.4911166466836,1651.3037470482452,W20773
1255441,1255862,-1972.4911166466836,1651.3037470482452,-2710.368760450222,188.1288480866431,W20773
1669015,1669597,-2834.854701191256,3614.745535536368,-1972.4911166466836,1651.3037470482452,W20773
1706804,1707523,-1972.4911166466836,1651.3037470482452,-1379.7769751705168,3794.859426781138,W20773
1713851,1714937,-1379.7769751705168,3794.859426781138,1219.0126680666096,1637.945485645386,W20773
1971294,1972106,1219.0126680666096,1637.945485645386,586.0147279129765,-274.5122718227076,W20773
2213885,2214344,586.0147279129765,-274.5122718227076,1501.1850775340426,878.138708951707,W20773
2220396,2227808,1501.1850775340426,878.138708951707,-3145.6904913373305,496.2148835678463,W20773
2299110,2300513,-3145.6904913373305,496.2148835678463,-3269.3464976190467,557.7074135573132,W20773
2399308,2400242,-810.2158349534978,3422.163933649827,128.0433274469788,541.454862184085,W20773
