started_at,ended_at,start_x,start_y,end_x,end_y,bike_id
668517,669316,5874.184174528473,4615.390633434151,4744.505435842784,6405.1750236890575,W20785
1766162,1767965,4744.505435842784,6405.1750236890575,4744.505435842784,6405.1750236890575,W20785
2465598,2466032,4744.505435842784,6405.1750236890575,4744.505435842784,6405.1750236890575,W20785
2466940,2467871,4744.505435842784,6405.1750236890575,4744.505435842784,6405.1750236890575,W20785
2561801,2564196,4744.505435842784,6405.1750236890575,4744.505435842784,6405.1750236890575,W20785
