started_at,ended_at,start_x,start_y,end_x,end_y,bike_id
302750,303346,-491.8525682028344,1997.1891388458932,-491.8525682028344,1997.1891388458932,W20818
307354,308224,-491.8525682028344,1997.1891388458932,1260.3648729942292,461.861887993795,W20818
377623,377967,1260.3648729942292,461.861887993795,422.87264992317904,94.06442404292608,W20818
403429,404338,949.0927421968316,1050.348962199343,-2169.5321645165045,380.3764934373816,W20818
406726,407736,-2169.5321645165045,380.3764934373816,949.0927421968316,1050.348962199343,W20818
407888,408265,949.0927421968316,1050.348962199343,1572.4295790921033,412.8815961838383,W20818
