started_at,ended_at,start_x,start_y,end_x,end_y,bike_id
1072423,1073696,-808.1470002565214,3227.133317171877,975.0041157596628,-78.1458292047099,W20874
2539523,2540561,2326.262791090281,-622.2723436696831,-1898.042090010421,1235.0825855127032,W20874
2567500,2568732,-1898.042090010421,1235.0825855127032,2326.262791090281,-622.2723436696831,W20874
2626023,2627050,2326.262791090281,-622.2723436696831,-1898.042090010421,1235.0825855127032,W20874
