started_at,ended_at,start_x,start_y,end_x,end_y,bike_id
2573373,2574865,1731.2087241706054,-162.91512968887474,1157.659916597574,-143.71262892290716,W20816
2574892,2575039,1157.659916597574,-143.71262892290716,1002.1298273174614,77.58923497942598,W20816
2576598,2576943,1002.1298273174614,77.58923497942598,1731.2087241706054,-162.91512968887474,W20816
