started_at,ended_at,start_x,start_y,end_x,end_y,bike_id
1754244,1755148,1774.1270397604533,-450.0620904220471,-1051.840396051375,-834.0564463237743,W20812
2486990,2487338,-2354.6709182688887,2716.8477315926184,-2450.1589905827414,1407.2928387603392,W20812
2495030,2495449,-2450.1589905827414,1407.2928387603392,-1369.0198339983065,1373.3405910290935,W20812
2564640,2565383,1731.2087241706054,-162.91512968887474,4215.109312018323,-34.31086097147756,W20812
2572093,2573239,4215.109312018323,-34.31086097147756,1731.2087241706054,-162.91512968887474,W20812
2656406,2656835,1731.2087241706054,-162.91512968887474,1706.091148736327,-1036.489765995152,W20812
