started_at,ended_at,start_x,start_y,end_x,end_y,bike_id
302750,303346,-491.914710978856,-1997.1891388458928,-491.914710978856,-1997.1891388458928,W20818
307354,308224,-491.914710978856,-1997.1891388458928,1260.4016918558598,-461.861887993795,W20818
377623,377967,1260.4016918558598,-461.861887993795,422.87516574033486,-94.06442404292608,W20818
403429,404338,949.1557991213356,-1050.348962199343,-2169.584360579388,-380.3764934373816,W20818
406726,407736,-2169.584360579388,-380.3764934373816,949.1557991213356,-1050.348962199343,W20818
407888,408265,949.1557991213356,-1050.348962199343,1572.4706426230523,-412.8815961838383,W20818
