started_at,ended_at,start_x,start_y,end_x,end_y,bike_id
1450907,1451906,-1371.3067196627298,1590.7462953568122,-2652.2426542615626,669.8054904940599,W20802
1452003,1452883,-2652.2426542615626,669.8054904940599,-1371.3067196627298,1590.7462953568122,W20802
1524170,1526056,-1707.3762434280573,2795.772792713676,-2444.2745727179054,439.1528436098043,W20802
1873259,1877570,-2444.2745727179054,439.1528436098043,-2340.23434777719,-189.90994960644437,W20802
2655519,2655803,-2340.23434777719,-189.90994960644437,-2481.962052989563,978.492647738285,W20802
2657509,2658323,-2481.962052989563,978.492647738285,450.54568352641655,1652.973529723306,W20802
