started_at,ended_at,start_x,start_y,end_x,end_y,bike_id
1072423,1073696,-1360.474996000465,3399.343570419514,422.87516574033486,94.06442404292608,W20874
2539523,2540561,1774.0765416883553,-450.0620904220471,-2450.377106119949,1407.2928387603392,W20874
2567500,2568732,-2450.377106119949,1407.2928387603392,1774.0765416883553,-450.0620904220471,W20874
2626023,2627050,1774.0765416883553,-450.0620904220471,-2450.377106119949,1407.2928387603392,W20874
