started_at,ended_at,start_x,start_y,end_x,end_y,bike_id
660675,662118,-637.7264760323915,-2157.025259980492,-637.7264760323915,-2157.025259980492,W20815
927485,928504,-637.7264760323915,-2157.025259980492,-1022.594160382934,847.5816859929531,W20815
929339,930207,-1022.594160382934,847.5816859929531,8.662919362128497,1205.5830915821473,W20815
932900,933195,8.662919362128497,1205.5830915821473,60.22239463894543,1824.9788855982576,W20815
1011012,1011507,60.22239463894543,1824.9788855982576,1305.4434734316112,1913.5709459186608,W20815
1094744,1095774,1305.4434734316112,1913.5709459186608,1782.257882414919,-1414.8625202224605,W20815
1101272,1102391,1782.257882414919,-1414.8625202224605,1305.4434734316112,1913.5709459186608,W20815
1154956,1156170,1305.4434734316112,1913.5709459186608,54.49834742825812,-1285.064746927697,W20815
1354664,1356123,-2301.331649052671,-1063.874201870104,51.97857877547188,882.4244844852859,W20815
1421351,1421522,51.97857877547188,882.4244844852859,-377.2782335264637,866.3945708023293,W20815
1428933,1429280,-377.2782335264637,866.3945708023293,-1001.6416887046756,1337.5515823548856,W20815
1432316,1432653,-1001.6416887046756,1337.5515823548856,-1638.1066826638655,807.8338760203944,W20815
1536307,1536662,-4894.245267275494,5543.34452553295,-4320.698607587493,4126.700903789897,W20815
1543842,1544391,-4320.698607587493,4126.700903789897,-3658.657425883153,5493.139726428475,W20815
1708066,1708170,-3658.657425883153,5493.139726428475,-3658.657425883153,5493.139726428475,W20815
1768357,1768461,-3658.657425883153,5493.139726428475,-3553.1503144752514,5203.154135147305,W20815
1784231,1784641,-3553.1503144752514,5203.154135147305,-2834.854701191256,3614.745535536368,W20815
1789762,1789934,-2834.854701191256,3614.745535536368,-3040.9153783352995,4058.351132946862,W20815
1863735,1864589,-3040.9153783352995,4058.351132946862,-4077.689688642877,6368.105848297172,W20815
1864714,1865132,-4077.689688642877,6368.105848297172,-4525.883691436464,7428.724488570288,W20815
1869725,1870265,-4525.883691436464,7428.724488570288,-5157.610250890086,6345.39680391239,W20815
2643740,2644256,-5157.610250890086,6345.39680391239,-4525.883691436464,7428.724488570288,W20815
