started_at,ended_at,start_x,start_y,end_x,end_y,bike_id
1754244,1755148,1774.0765416883553,450.0620904220471,-1051.7849150501052,834.0564463237743,W20812
2486990,2487338,-2355.0756497494986,-2716.8477315926184,-2450.377106119949,-1407.2928387603392,W20812
2495030,2495449,-2450.377106119949,-1407.2928387603392,-1369.1387647616386,-1373.3405910290935,W20812
2564640,2565383,1731.1908863231297,162.91512968887474,4215.100165026318,34.31086097147756,W20812
2572093,2573239,4215.100165026318,34.31086097147756,1731.1908863231297,162.91512968887474,W20812
2656406,2656835,1731.1908863231297,162.91512968887474,1705.97931922735,1036.489765995152,W20812
