started_at,ended_at,start_x,start_y,end_x,end_y,bike_id
1064986,1065838,-2853.533219035006,-891.6639486224678,-1462.7862234637655,22.472351936458256,W20842
1065864,1066184,-1462.7862234637655,22.472351936458256,-907.7828902857132,177.44223896388112,W20842
1102337,1103386,-907.7828902857132,177.44223896388112,2500.732022251305,-159.2972672261112,W20842
1171991,1172835,2500.732022251305,-159.2972672261112,949.0927421968316,1050.348962199343,W20842
1173762,1174730,949.0927421968316,1050.348962199343,-117.15367456973772,-2177.897543422312,W20842
1174977,1176747,-117.15367456973772,-2177.897543422312,-3821.501991331301,729.9176668049492,W20842
1335628,1335916,-2450.1589905827414,1407.2928387603392,-1553.745244797235,1509.7618356025214,W20842
1673121,1673528,-490.1426245460887,1831.862913672767,-1351.952265455199,2402.817269788199,W20842
1690246,1692354,-1351.952265455199,2402.817269788199,-757.2144788708657,-1761.398084774919,W20842
1713325,1713856,-757.2144788708657,-1761.398084774919,903.3176669575872,-2156.246028065728,W20842
1730761,1731816,903.3176669575872,-2156.246028065728,-188.8673402319529,519.5250497148589,W20842
1776101,1779628,-188.8673402319529,519.5250497148589,-2853.533219035006,-891.6639486224678,W20842
1782833,1786511,-2853.533219035006,-891.6639486224678,-1462.7862234637655,22.472351936458256,W20842
1786767,1789511,-1462.7862234637655,22.472351936458256,223.52812242238716,-443.9395539462969,W20842
1789550,1791616,223.52812242238716,-443.9395539462969,1002.1298273174614,77.58923497942598,W20842
2226178,2226480,-2104.020490588656,3097.446862721063,-2354.6709182688887,2716.8477315926184,W20842
2310854,2311690,-2354.6709182688887,2716.8477315926184,949.0927421968316,1050.348962199343,W20842
