started_at,ended_at,start_x,start_y,end_x,end_y,bike_id
114603,114918,-7788.995750945807,16666.657476611777,-8899.284973609307,16800.240090637202,W20811
154477,154863,-8899.284973609307,16800.240090637202,-7788.995750945807,16666.657476611777,W20811
204310,204616,-7788.995750945807,16666.657476611777,-8899.284973609307,16800.240090637202,W20811
