started_at,ended_at,start_x,start_y,end_x,end_y,bike_id
289092,289643,351.2753779368917,-2232.165480370884,1221.5108251699423,-2365.859413241053,W20975
503824,505214,1221.5108251699423,-2365.859413241053,3610.147888427871,-199.14941374362635,W20975
564394,565137,3610.147888427871,-199.14941374362635,1572.4295790921033,412.8815961838383,W20975
569165,569367,1572.4295790921033,412.8815961838383,1002.1298273174614,77.58923497942598,W20975
746601,747960,1731.2087241706054,-162.91512968887474,-2853.533219035006,-891.6639486224678,W20975
751962,753560,-2853.533219035006,-891.6639486224678,-1017.6238913195454,-1111.63304402804,W20975
797339,797716,-1017.6238913195454,-1111.63304402804,-493.3014109226975,113.54792354855924,W20975
844027,844415,-493.3014109226975,113.54792354855924,-219.1862779950825,754.4078127095321,W20975
893813,894643,-219.1862779950825,754.4078127095321,-2892.405826201766,-17.69969635880834,W20975
926786,927556,-2892.405826201766,-17.69969635880834,-757.2144788708657,-1761.398084774919,W20975
950952,951548,-757.2144788708657,-1761.398084774919,1221.5108251699423,-2365.859413241053,W20975
1014028,1015329,1221.5108251699423,-2365.859413241053,98.47671969768471,1232.2751862723885,W20975
1060237,1060893,98.47671969768471,1232.2751862723885,-493.99848393693776,3187.837764878856,W20975
1106118,1107415,-493.99848393693776,3187.837764878856,2500.732022251305,-159.2972672261112,W20975
1841108,1842713,-1687.4808070499614,3322.088291974309,-2892.405826201766,-17.69969635880834,W20975
1887183,1887345,-2892.405826201766,-17.69969635880834,-2808.1861045329406,513.9591074636016,W20975
2061706,2063993,-2808.1861045329406,513.9591074636016,933.1862516873412,-1937.9287301948511,W20975
2075347,2077162,933.1862516873412,-1937.9287301948511,-2594.876311980931,495.12537678995767,W20975
