started_at,ended_at,start_x,start_y,end_x,end_y,bike_id
60859,61028,-1329.3469852904998,1973.9057599206133,-1642.372485044098,1498.1290162986752,W20970
118254,118681,-1642.372485044098,1498.1290162986752,-1040.6264073723517,650.6029897280923,W20970
133169,134372,-1040.6264073723517,650.6029897280923,-897.9286217198713,-619.6006913895858,W20970
155897,156274,-897.9286217198713,-619.6006913895858,253.84868026828832,-360.3391013342791,W20970
893695,895160,871.3991980230749,5987.395398323987,-499.66045855245335,-1006.2666995714102,W20970
902692,903937,-499.66045855245335,-1006.2666995714102,-18.713083837096207,210.3926170908813,W20970
910547,911608,-18.713083837096207,210.3926170908813,-828.1189483765718,-1030.4785483633511,W20970
937611,940220,-828.1189483765718,-1030.4785483633511,-828.1189483765718,-1030.4785483633511,W20970
994057,996425,-828.1189483765718,-1030.4785483633511,-2042.7259812106383,322.91512354232174,W20970
1439463,1439572,-242.71491869602204,2513.245564049094,-242.71491869602204,2513.245564049094,W20970
1449838,1450440,-242.71491869602204,2513.245564049094,58.03875561149759,1969.2303684296523,W20970
1450922,1451112,58.03875561149759,1969.2303684296523,8.662919362128497,1205.5830915821473,W20970
1621361,1621843,-1040.6264073723517,650.6029897280923,-1865.1073615998864,1368.1086053136396,W20970
1702136,1702655,-2508.780706691274,2847.424736803729,-1371.3067196627298,1590.7462953568122,W20970
1769485,1770797,-1371.3067196627298,1590.7462953568122,-3662.680070837771,841.3478306724625,W20970
1860957,1864209,-3662.680070837771,841.3478306724625,-3662.680070837771,841.3478306724625,W20970
1872387,1873104,-3662.680070837771,841.3478306724625,-4895.550496594409,-628.5061989909647,W20970
1874913,1880232,-4895.550496594409,-628.5061989909647,-4715.347145159489,-940.0876462063496,W20970
2046864,2048845,-4715.347145159489,-940.0876462063496,-4715.347145159489,-940.0876462063496,W20970
2136885,2137269,-4715.347145159489,-940.0876462063496,-6005.178050395521,-958.6778933246632,W20970
