started_at,ended_at,start_x,start_y,end_x,end_y,bike_id
377041,377366,-1923.405460375761,1762.9565486044485,-1917.467610232194,723.2385361039151,W20935
377478,377756,-1917.467610232194,723.2385361039151,-1553.745244797235,1509.7618356025214,W20935
377852,378489,-1553.745244797235,1509.7618356025214,-2925.311977241168,1006.3223589937804,W20935
848252,848861,-3204.387511290492,842.0157437416958,-2434.4542367719587,2130.308737174774,W20935
849072,849957,-2434.4542367719587,2130.308737174774,-929.3914426548988,1038.6048240499654,W20935
887427,888399,-929.3914426548988,1038.6048240499654,572.5803208358176,131.6901936600965,W20935
891218,892136,572.5803208358176,131.6901936600965,-2480.55393373072,-171.54234017840264,W20935
1019496,1020039,-2480.55393373072,-171.54234017840264,-842.3452252522125,683.1637518961281,W20935
1024136,1024779,-842.3452252522125,683.1637518961281,-2194.889224699188,1823.9592756756335,W20935
1070783,1071447,-2194.889224699188,1823.9592756756335,-842.3452252522125,683.1637518961281,W20935
1081094,1081533,-842.3452252522125,683.1637518961281,-543.4342390331508,1377.793344829783,W20935
1083393,1084857,-543.4342390331508,1377.793344829783,903.3176669575872,-2156.246028065728,W20935
1098268,1100013,903.3176669575872,-2156.246028065728,-543.4342390331508,1377.793344829783,W20935
1110784,1111044,-543.4342390331508,1377.793344829783,-219.1862779950825,754.4078127095321,W20935
1174199,1175516,-219.1862779950825,754.4078127095321,933.1862516873412,-1937.9287301948511,W20935
1176491,1176980,933.1862516873412,-1937.9287301948511,1836.676275980947,-1899.4334526018283,W20935
1182709,1183176,1836.676275980947,-1899.4334526018283,351.2753779368917,-2232.165480370884,W20935
2224384,2226082,351.2753779368917,-2232.165480370884,935.5683550562323,-2444.89579320685,W20935
2380685,2387447,935.5683550562323,-2444.89579320685,935.5683550562323,-2444.89579320685,W20935
2474416,2475631,935.5683550562323,-2444.89579320685,-1051.840396051375,-834.0564463237743,W20935
2479164,2479760,-1051.840396051375,-834.0564463237743,-117.15367456973772,-2177.897543422312,W20935
2482561,2482999,-117.15367456973772,-2177.897543422312,-757.2144788708657,-1761.398084774919,W20935
2565174,2568907,-757.2144788708657,-1761.398084774919,-757.2144788708657,-1761.398084774919,W20935
2577402,2578167,-757.2144788708657,-1761.398084774919,-298.30049519174673,-188.1288480866431,W20935
