started_at,ended_at,start_x,start_y,end_x,end_y,bike_id
53311,53974,-1158.9332723089417,3460.1236598020096,58.03491290342142,3015.6275116312195,W20972
119324,119933,58.03491290342142,3015.6275116312195,128.0433274469788,541.454862184085,W20972
150597,151241,128.0433274469788,541.454862184085,-1161.491409832351,1652.194297808541,W20972
205819,207021,-1161.491409832351,1652.194297808541,586.0147279129765,-274.5122718227076,W20972
234073,234768,586.0147279129765,-274.5122718227076,1951.2327644420184,-874.409527643412,W20972
240428,240679,1951.2327644420184,-874.409527643412,2990.389368117216,-818.0821920623969,W20972
290311,291028,2990.389368117216,-818.0821920623969,1917.8811044698043,-2344.26355730684,W20972
322757,323350,1917.8811044698043,-2344.26355730684,3177.326435678709,-1949.1929763257588,W20972
375542,376399,3177.326435678709,-1949.1929763257588,1554.255559250921,-94.62101826821,W20972
376707,377415,1554.255559250921,-94.62101826821,-272.30548829993654,-532.3267168924343,W20972
403836,404204,-272.30548829993654,-532.3267168924343,-1617.885904175311,-478.5597147475669,W20972
744814,746376,-1617.885904175311,-478.5597147475669,2131.053938378371,-542.7906883249245,W20972
920661,921359,2131.053938378371,-542.7906883249245,332.92911989643176,582.1975594618963,W20972
945577,946448,332.92911989643176,582.1975594618963,1552.3696547911195,1465.178638172466,W20972
975053,975560,1552.3696547911195,1465.178638172466,1554.255559250921,-94.62101826821,W20972
976582,977420,1554.255559250921,-94.62101826821,2460.9950527066508,-2345.8220211371595,W20972
1007454,1008123,2460.9950527066508,-2345.8220211371595,1554.255559250921,-94.62101826821,W20972
1025466,1026112,1554.255559250921,-94.62101826821,3426.1166896475306,-879.6415133596573,W20972
1067436,1068422,3426.1166896475306,-879.6415133596573,1796.710145560574,852.6864867715699,W20972
1085284,1086675,1796.710145560574,852.6864867715699,2370.607497604895,4095.42030833954,W20972
1619877,1620127,2370.607497604895,4095.42030833954,2370.607497604895,4095.42030833954,W20972
2324811,2324926,-834.2552317649786,900.5694562238467,-1341.804285739922,1150.146306761428,W20972
