started_at,ended_at,start_x,start_y,end_x,end_y,bike_id
113952,114199,2436.294534689336,-59.66690093113685,1554.255559250921,-94.62101826821,W20956
290071,290367,650.571967409161,1060.0649330247525,51.97857877547188,882.4244844852859,W20956
291619,293642,51.97857877547188,882.4244844852859,-2444.2745727179054,439.1528436098043,W20956
316598,318080,-2444.2745727179054,439.1528436098043,-456.4230317783731,2112.497721972016,W20956
372782,373125,-456.4230317783731,2112.497721972016,-377.2782335264637,866.3945708023293,W20956
374625,375144,-377.2782335264637,866.3945708023293,656.7786122192275,177.88751434442463,W20956
752403,752706,656.7786122192275,177.88751434442463,128.0433274469788,541.454862184085,W20956
755195,756477,128.0433274469788,541.454862184085,1455.5224809928118,-2328.4562813133634,W20956
841280,842326,-433.0906763410017,61.67064014200078,2436.294534689336,-59.66690093113685,W20956
887714,889313,2436.294534689336,-59.66690093113685,-1775.978957937016,489.13500502400655,W20956
911975,912220,-1775.978957937016,489.13500502400655,-2094.393320151142,858.8805487633692,W20956
928340,928602,-2094.393320151142,858.8805487633692,-1642.372485044098,1498.1290162986752,W20956
933695,934663,-1642.372485044098,1498.1290162986752,-747.4932564629371,3672.408697257432,W20956
983903,985341,-747.4932564629371,3672.408697257432,-4169.189148603291,-55.102828285707005,W20956
1081120,1082755,-8139.9694169130735,-1546.1074385028046,-8242.414909745967,54.657552905163485,W20956
1624831,1625289,-8242.414909745967,54.657552905163485,-7702.658475204281,-1866.3717556292968,W20956
1666566,1667609,-7702.658475204281,-1866.3717556292968,-5032.064838614522,-809.2880033057584,W20956
1703392,1705653,-5032.064838614522,-809.2880033057584,-7361.294805824601,-1540.6528150970785,W20956
2485314,2486288,-7361.294805824601,-1540.6528150970785,-7361.294805824601,-1540.6528150970785,W20956
