started_at,ended_at,start_x,start_y,end_x,end_y,bike_id
209081,209306,1671.9960725413196,3476.9328053997306,1786.245177219664,2718.294876578199,W20923
214566,214867,1786.245177219664,2718.294876578199,1372.896741032668,2539.6281303190094,W20923
220015,220320,1372.896741032668,2539.6281303190094,1000.298381636028,1637.3888914201018,W20923
239874,240446,1000.298381636028,1637.3888914201018,1002.1298273174614,77.58923497942598,W20923
281660,282036,1002.1298273174614,77.58923497942598,1244.6201406197797,1024.896740019206,W20923
288214,289062,1244.6201406197797,1024.896740019206,1908.8005800872415,-2173.611767889524,W20923
317207,318503,1908.8005800872415,-2173.611767889524,1002.1298273174614,77.58923497942598,W20923
318728,319372,1002.1298273174614,77.58923497942598,2500.732022251305,-159.2972672261112,W20923
465201,465600,2500.732022251305,-159.2972672261112,1157.659916597574,-143.71262892290716,W20923
485266,500096,1157.659916597574,-143.71262892290716,1836.676275980947,-1899.4334526018283,W20923
748937,750682,1836.676275980947,-1899.4334526018283,-65.24421585664805,-642.142757506466,W20923
754547,756407,-65.24421585664805,-642.142757506466,-2853.533219035006,-891.6639486224678,W20923
756977,759054,-2853.533219035006,-891.6639486224678,-907.7828902857132,177.44223896388112,W20923
759279,759449,-907.7828902857132,177.44223896388112,-842.3452252522125,683.1637518961281,W20923
761564,763485,-842.3452252522125,683.1637518961281,-794.7691416991337,2685.45581729673,W20923
1023033,1023366,-794.7691416991337,2685.45581729673,-1008.4935812659144,2284.707975219652,W20923
1703330,1704473,-117.15367456973772,-2177.897543422312,2285.373851356912,-1533.30577132602,W20923
1778863,1780069,2285.373851356912,-1533.30577132602,1271.019755402809,-1678.4655452337165,W20923
1782094,1782340,1271.019755402809,-1678.4655452337165,1365.6807727435448,-2172.053304059203,W20923
1851667,1852746,1365.6807727435448,-2172.053304059203,42.554840611112105,683.8074999788248,W20923
1860747,1861415,42.554840611112105,683.8074999788248,949.0927421968316,1050.348962199343,W20923
2386079,2387005,1157.659916597574,-143.71262892290716,-2348.210150806419,-441.1565828206682,W20923
2387027,2387716,-2348.210150806419,-441.1565828206682,-1555.445981478385,542.4818752125246,W20923
