started_at,ended_at,start_x,start_y,end_x,end_y,bike_id
57925,60331,-1994.3215216154588,-3476.932805400522,-1994.3215216154588,-3476.932805400522,W20904
123436,124966,-1994.3215216154588,-3476.932805400522,-1994.3215216154588,-3476.932805400522,W20904
1706690,1710572,-1553.745244797235,1509.7618356025214,-1369.0198339983065,1373.3405910290935,W20904
1773900,1774897,-1369.0198339983065,1373.3405910290935,-1051.840396051375,-834.0564463237743,W20904
1779732,1780738,-1051.840396051375,-834.0564463237743,-568.1726241532793,-1955.7830855160428,W20904
1794333,1796029,-568.1726241532793,-1955.7830855160428,4215.109312018323,-34.31086097147756,W20904
