started_at,ended_at,start_x,start_y,end_x,end_y,bike_id
1624921,1625332,-104.30096126102605,-1101.0580053229169,-117.13754112524298,-2177.897543422312,W21035
1627224,1627629,-117.13754112524298,-2177.897543422312,935.4237256342964,-2444.89579320685,W21035
