started_at,ended_at,start_x,start_y,end_x,end_y,bike_id
29775,31127,-919.4722224283496,3269.7684348142307,1835.2706095118488,-1359.8153513599148,W21064
33611,34289,1835.2706095118488,-1359.8153513599148,422.87264992317904,94.06442404292608,W21064
122310,123898,422.87264992317904,94.06442404292608,-2808.1861045329406,513.9591074636016,W21064
237204,237387,-2594.876311980931,495.12537678995767,-2996.425218577444,611.3630968574403,W21064
239729,240440,-2996.425218577444,611.3630968574403,-1923.405460375761,1762.9565486044485,W21064
287112,287569,-1923.405460375761,1762.9565486044485,-1154.4178996069331,447.5017569858993,W21064
323463,323877,-1154.4178996069331,447.5017569858993,-1369.0198339983065,1373.3405910290935,W21064
337597,337943,-1369.0198339983065,1373.3405910290935,-424.0757252336529,713.6651154317209,W21064
377363,377572,-424.0757252336529,713.6651154317209,-843.6894071192287,220.42732905849545,W21064
