started_at,ended_at,start_x,start_y,end_x,end_y,bike_id
48845,49980,-824.4476227646819,-360.1164636447984,422.87516574033486,94.06442404292608,W21075
67823,69119,422.87516574033486,94.06442404292608,-1333.3573997784088,2761.931863826379,W21075
2048811,2049400,-1687.835498630181,3322.088291974309,-1894.076513983168,1322.3565600090635,W21075
2284762,2284922,-1894.076513983168,1322.3565600090635,-1386.4663022827554,1072.7797094714829,W21075
2298485,2299648,-1386.4663022827554,1072.7797094714829,-3262.605427452305,360.3391013342791,W21075
2370212,2370553,-3262.605427452305,360.3391013342791,-2594.957575458331,495.12537678995767,W21075
2370819,2371585,-2594.957575458331,495.12537678995767,42.55668119470874,683.8074999788248,W21075
2461748,2462170,42.55668119470874,683.8074999788248,1572.4706426230523,412.8815961838383,W21075
