started_at,ended_at,start_x,start_y,end_x,end_y,bike_id
991976,992518,-1812.1172615052687,1830.5270875335093,-2848.997106809029,636.9107717910118,W21080
997468,998457,-2848.997106809029,636.9107717910118,-1380.2283887746603,858.2682951157151,W21080
1000066,1001540,-1380.2283887746603,858.2682951157151,-65.24156624682065,642.142757506466,W21080
1005105,1006671,-65.24156624682065,642.142757506466,-2848.997106809029,636.9107717910118,W21080
1009354,1015345,-2848.997106809029,636.9107717910118,-2248.688768655308,-832.4674209813991,W21080
1325029,1325670,-1620.3880588270645,-3013.067178195072,-2248.688768655308,-832.4674209813991,W21080
1522340,1524147,-2248.688768655308,-832.4674209813991,1259.8818657302877,989.0679380163066,W21080
1615315,1616168,1259.8818657302877,989.0679380163066,2852.802390106196,995.5244310270688,W21080
1680934,1681160,2852.802390106196,995.5244310270688,2852.2825639806247,-103.74916355986063,W21080
