started_at,ended_at,start_x,start_y,end_x,end_y,bike_id
1508910,1510649,-2853.533219035006,-891.6639486224678,-2169.5321645165045,380.3764934373816,W21077
1622781,1623112,-1620.0792206913457,3013.067178195072,-2434.4542367719587,2130.308737174774,W21077
1625281,1625542,-2434.4542367719587,2130.308737174774,-1713.5857184887172,1824.4045510561773,W21077
1689202,1689339,-1713.5857184887172,1824.4045510561773,-1553.745244797235,1509.7618356025214,W21077
1694121,1694364,-1553.745244797235,1509.7618356025214,-2018.959555819223,1083.449620274128,W21077
