started_at,ended_at,start_x,start_y,end_x,end_y,bike_id
53446,53760,-1333.1244526763924,2761.931863826379,-2089.6479554302955,2393.132530270474,W21056
55861,56071,-2089.6479554302955,2393.132530270474,-2194.889224699188,1823.9592756756335,W21056
59176,59715,-2194.889224699188,1823.9592756756335,-1687.4808070499614,3322.088291974309,W21056
104327,104849,-1687.4808070499614,3322.088291974309,-494.03119251583706,2141.440621677288,W21056
109379,109676,-494.03119251583706,2141.440621677288,-1351.952265455199,2402.817269788199,W21056
116687,117519,-1351.952265455199,2402.817269788199,-985.2325967772824,233.88089338963675,W21056
240244,240755,-1475.6435123868507,638.6362138876518,-1923.405460375761,1762.9565486044485,W21056
275055,275362,-1923.405460375761,1762.9565486044485,-1890.7937293864395,645.4266634342174,W21056
768859,769201,-2646.5254975806206,1031.0908020110053,-2434.4542367719587,2130.308737174774,W21056
812106,812978,-2434.4542367719587,2130.308737174774,-2169.5321645165045,380.3764934373816,W21056
840573,841058,-2169.5321645165045,380.3764934373816,-1380.3033083701418,-858.2682951157151,W21056
845208,846111,-1380.3033083701418,-858.2682951157151,912.5376302209072,-1263.1349344592616,W21056
942027,942958,912.5376302209072,-1263.1349344592616,-2348.1622084654537,-118.3319322580282,W21056
1008655,1009008,-2348.1622084654537,-118.3319322580282,-1917.467610232194,723.2385361039151,W21056
1010750,1011393,-1917.467610232194,723.2385361039151,-424.0757252336529,713.6651154317209,W21056
1012972,1013716,-424.0757252336529,713.6651154317209,2175.7585113241184,414.1061034791464,W21056
1066181,1066447,2175.7585113241184,414.1061034791464,1260.3648729942292,461.861887993795,W21056
1072111,1072780,1260.3648729942292,461.861887993795,-493.3014109226975,113.54792354855924,W21056
1087868,1088486,-493.3014109226975,113.54792354855924,-757.2144788708657,-1761.398084774919,W21056
1098201,1098527,-757.2144788708657,-1761.398084774919,351.2753779368917,-2232.165480370884,W21056
2470916,2472623,-246.9191299668783,106.75477237497007,-2089.6479554302955,2393.132530270474,W21056
2472684,2474426,-2089.6479554302955,2393.132530270474,-1369.0198339983065,1373.3405910290935,W21056
2475836,2483871,-1369.0198339983065,1373.3405910290935,-1369.0198339983065,1373.3405910290935,W21056
