started_at,ended_at,start_x,start_y,end_x,end_y,bike_id
151136,152564,-2482.9389959136106,-5245.566615100968,-205.00537057100192,-1933.6083380225548,W21091
237010,237931,-205.00537057100192,-1933.6083380225548,1554.255559250921,-94.62101826821,W21091
238470,238882,1554.255559250921,-94.62101826821,2999.275398518414,291.3069393473949,W21091
291248,291633,2999.275398518414,291.3069393473949,1709.7916832437074,-315.9228821705432,W21091
314457,315065,1709.7916832437074,-315.9228821705432,3177.326435678709,-1949.1929763257588,W21091
315898,316194,3177.326435678709,-1949.1929763257588,3405.125056407562,-1167.734684274705,W21091
328139,328622,3405.125056407562,-1167.734684274705,3832.9163838716586,459.19023571369775,W21091
551636,552191,3832.9163838716586,459.19023571369775,2601.443031220058,-181.449717384818,W21091
563220,564260,2601.443031220058,-181.449717384818,1917.8811044698043,-2344.26355730684,W21091
1080682,1081755,3434.8175228272034,944.985675386792,3434.8175228272034,944.985675386792,W21091
1180392,1182705,3434.8175228272034,944.985675386792,3434.8175228272034,944.985675386792,W21091
1245488,1247797,3434.8175228272034,944.985675386792,3434.8175228272034,944.985675386792,W21091
1532597,1533559,3434.8175228272034,944.985675386792,1796.710145560574,852.6864867715699,W21091
1597729,1598292,1796.710145560574,852.6864867715699,3394.571716709091,1980.8075283119197,W21091
1611971,1613057,3394.571716709091,1980.8075283119197,1209.3330173771565,210.72657362589345,W21091
1694244,1694776,1812.120848742311,-1161.2781912639423,656.7786122192275,177.88751434442463,W21091
1776652,1777670,656.7786122192275,177.88751434442463,-799.8820989751116,2230.607016540563,W21091
1781926,1782199,-799.8820989751116,2230.607016540563,-1001.6416887046756,1337.5515823548856,W21091
1782996,1784529,-1001.6416887046756,1337.5515823548856,3052.8497049862785,-331.5075204737472,W21091
2182469,2183711,1799.2651205301706,2931.4704647947087,1455.5224809928118,-2328.4562813133634,W21091
2224764,2225151,1455.5224809928118,-2328.4562813133634,2387.4374655296765,-1532.0256046075506,W21091
2239940,2244764,2387.4374655296765,-1532.0256046075506,2387.4374655296765,-1532.0256046075506,W21091
2396420,2397697,3052.8497049862785,-331.5075204737472,-276.7184401763835,-211.0605301609056,W21091
2567889,2570377,-276.7184401763835,-211.0605301609056,-2508.780706691274,2847.424736803729,W21091
2638323,2639366,-2508.780706691274,2847.424736803729,-2652.2426542615626,669.8054904940599,W21091
