started_at,ended_at,start_x,start_y,end_x,end_y,bike_id
553479,554309,-2089.96432566718,-2393.132530270474,45.65467389201976,-2377.6592108128007,W21053
567891,568290,45.65467389201976,-2377.6592108128007,-1008.6393466202468,-2284.707975219652,W21053
600912,602440,-1008.6393466202468,-2284.707975219652,2842.9256937190985,-2153.017781559556,W21053
1004894,1005326,2842.9256937190985,-2153.017781559556,2537.267931834781,-831.4404534644652,W21053
1070603,1071030,2537.267931834781,-831.4404534644652,1244.7008281127914,-1024.896740019206,W21053
1851995,1856899,-1375.6365913319034,-3230.58420136674,-1620.3880588270645,-3013.067178195072,W21053
1864374,1865409,-1620.3880588270645,-3013.067178195072,-1380.2283887746603,858.2682951157151,W21053
1868637,1869424,-1380.2283887746603,858.2682951157151,223.5218465521,443.9395539462969,W21053
