started_at,ended_at,start_x,start_y,end_x,end_y,bike_id
120350,120752,2999.275398518414,291.3069393473949,1709.7916832437074,-315.9228821705432,W21074
151729,153471,1709.7916832437074,-315.9228821705432,1924.932438194748,2367.4178770713734,W21074
206906,207862,1924.932438194748,2367.4178770713734,1124.7088420298285,-40.52005958753947,W21074
211936,213126,1124.7088420298285,-40.52005958753947,-799.8820989751116,2230.607016540563,W21074
226828,227288,-799.8820989751116,2230.607016540563,-1642.789656665885,1651.749022427998,W21074
374968,375115,-1642.789656665885,1651.749022427998,-1329.3469852904998,1973.9057599206133,W21074
376314,376472,-1329.3469852904998,1973.9057599206133,-1642.789656665885,1651.749022427998,W21074
377769,378281,-1642.789656665885,1651.749022427998,-1898.892902655899,642.7550111541201,W21074
410208,410643,-1898.892902655899,642.7550111541201,-768.1680092204891,650.9926056854747,W21074
414450,415258,-768.1680092204891,650.9926056854747,-1972.4911166466836,1651.3037470482452,W21074
1162959,1165640,-6698.541964152417,10333.617064496417,-6698.541964152417,10333.617064496417,W21074
1172093,1172649,-6698.541964152417,10333.617064496417,-6117.454181194411,9135.381016685327,W21074
1172732,1173232,-6117.454181194411,9135.381016685327,-6971.834298522568,7478.622646231356,W21074
1173440,1175156,-6971.834298522568,7478.622646231356,-3269.3464976190467,557.7074135573132,W21074
1422149,1422447,-5962.396216007198,-319.3737663661961,-5365.713663128789,-801.2730464646756,W21074
1611335,1611710,-5365.713663128789,-801.2730464646756,-5962.396216007198,-319.3737663661961,W21074
1711032,1711414,-5962.396216007198,-319.3737663661961,-4895.550496594409,-628.5061989909647,W21074
1773120,1776540,-4895.550496594409,-628.5061989909647,-4282.93758484372,-357.3334925191697,W21074
