started_at,ended_at,start_x,start_y,end_x,end_y,bike_id
324704,326970,-1994.3215216154588,-3476.932805400522,-2811.4720009168905,-425.46062567272384,W21029
576439,578181,-2811.4720009168905,-425.46062567272384,-814.5374629822909,2330.682658213708,W21029
578890,579241,-814.5374629822909,2330.682658213708,-101.53103449587984,1825.183782970942,W21029
641793,642351,-101.53103449587984,1825.183782970942,-2524.594292383785,1823.5140002958813,W21029
644574,644960,-1881.431886693912,2146.116013168249,-2450.1589905827414,1407.2928387603392,W21029
651246,654131,-2450.1589905827414,1407.2928387603392,-1309.9813548408183,-194.6966599429369,W21029
746862,747206,-1309.9813548408183,-194.6966599429369,-2170.059593926037,-306.3494614999309,W21029
754619,755222,-2170.059593926037,-306.3494614999309,-584.2071226972812,-157.18220917050687,W21029
758112,759221,-584.2071226972812,-157.18220917050687,1835.2706095118488,-1359.8153513599148,W21029
760591,761835,1835.2706095118488,-1359.8153513599148,3430.750056568192,-741.7174643782791,W21029
842074,842264,3430.750056568192,-741.7174643782791,2873.9839282869875,-707.4312601120213,W21029
893050,894490,2873.9839282869875,-707.4312601120213,-2169.5321645165045,380.3764934373816,W21029
931647,932408,-2169.5321645165045,380.3764934373816,-1553.745244797235,1509.7618356025214,W21029
981288,982180,-1557.3691014905978,2536.900818615751,-985.2325967772824,233.88089338963675,W21029
1031613,1032150,-2354.6709182688887,2716.8477315926184,-3499.0812210478525,986.6189234248992,W21029
1170826,1171838,-3821.501991331301,729.9176668049492,-2849.1118684293083,-636.9107717910118,W21029
1171878,1173452,-2849.1118684293083,-636.9107717910118,-757.2144788708657,-1761.398084774919,W21029
1173477,1173902,-757.2144788708657,-1761.398084774919,-117.15367456973772,-2177.897543422312,W21029
1173995,1174986,-117.15367456973772,-2177.897543422312,-2605.6813026458703,-1351.7447350956706,W21029
1174995,1176490,-2605.6813026458703,-1351.7447350956706,-1189.9480965767848,-1984.8150067328563,W21029
1177479,1179485,-1189.9480965767848,-1984.8150067328563,-1189.9480965767848,-1984.8150067328563,W21029
1181922,1183580,-1189.9480965767848,-1984.8150067328563,-1812.32704114666,-1830.5270875335093,W21029
1191288,1193123,-1812.32704114666,-1830.5270875335093,-3385.173206528012,114.65841037131248,W21029
1888052,1888837,357.95233295209937,1378.1273013647951,-824.4664002727116,-360.1164636447984,W21029
