started_at,ended_at,start_x,start_y,end_x,end_y,bike_id
1664238,1664421,3300.632597357217,3392.887077409542,2708.204089487645,3300.8263925766887,W21073
2614263,2615954,2708.204089487645,3300.8263925766887,1244.7008281127914,-1024.896740019206,W21073
