started_at,ended_at,start_x,start_y,end_x,end_y,bike_id
33883,35241,-1051.840396051375,-834.0564463237743,-2853.533219035006,-891.6639486224678,W21013
37342,40297,-2853.533219035006,-891.6639486224678,-1380.3033083701418,-858.2682951157151,W21013
202334,202664,-3204.387511290492,842.0157437416958,-2450.1589905827414,1407.2928387603392,W21013
203152,203562,-2450.1589905827414,1407.2928387603392,-2925.311977241168,1006.3223589937804,W21013
203841,204093,-2925.311977241168,1006.3223589937804,-2190.235672060508,980.0441292680304,W21013
246543,246876,-2190.235672060508,980.0441292680304,-2194.889224699188,1823.9592756756335,W21013
306295,307067,-2849.1118684293083,-636.9107717910118,-1462.7862234637655,22.472351936458256,W21013
568204,568487,-1462.7862234637655,22.472351936458256,-828.8681814864412,-38.85027691326964,W21013
662069,666240,-828.8681814864412,-38.85027691326964,-2849.1118684293083,-636.9107717910118,W21013
667792,670791,-2849.1118684293083,-636.9107717910118,-1051.840396051375,-834.0564463237743,W21013
821906,822595,-424.0757252336529,713.6651154317209,-570.845296965312,382.6028703385173,W21013
839520,840783,-570.845296965312,382.6028703385173,1731.2087241706054,-162.91512968887474,W21013
859092,859381,1731.2087241706054,-162.91512968887474,1706.091148736327,-1036.489765995152,W21013
889779,890145,1706.091148736327,-1036.489765995152,1271.019755402809,-1678.4655452337165,W21013
897726,898353,1271.019755402809,-1678.4655452337165,1706.091148736327,-1036.489765995152,W21013
906437,906839,1706.091148736327,-1036.489765995152,2852.2638477301693,103.74916355986063,W21013
980492,980876,2852.2638477301693,103.74916355986063,2852.98200490415,-995.5244310270688,W21013
981100,981596,2852.98200490415,-995.5244310270688,1230.0885275888672,-1242.652266974825,W21013
986898,987474,1230.0885275888672,-1242.652266974825,2852.2638477301693,103.74916355986063,W21013
