started_at,ended_at,start_x,start_y,end_x,end_y,bike_id
2641230,2643355,-7119.586938167765,-5071.90921686696,-7119.586938167765,-5071.90921686696,W21024
