started_at,ended_at,start_x,start_y,end_x,end_y,bike_id
803136,803576,-2434.7823223503287,-2130.308737174774,-912.1249626238716,-1947.857150184919,W21026
833669,834274,-912.1249626238716,-1947.857150184919,-1555.499352562064,-542.4818752125246,W21026
840793,841267,-1555.499352562064,-542.4818752125246,-1713.783486068777,-1824.4045510561773,W21026
896331,896540,-1713.783486068777,-1824.4045510561773,-2417.454784827981,-1540.3188585612754,W21026
923658,923872,-2417.454784827981,-1540.3188585612754,-1881.6873246556,-2146.116013168249,W21026
1159470,1159615,-1894.076513983168,-1322.3565600090635,-1917.5553273249889,-723.2385361039151,W21026
1206370,1206576,-1917.5553273249889,-723.2385361039151,-1894.076513983168,-1322.3565600090635,W21026
1257800,1258431,-1894.076513983168,-1322.3565600090635,-4215.100165025086,-1013.5580839200984,W21026
