started_at,ended_at,start_x,start_y,end_x,end_y,bike_id
50523,51395,3420.1038757394454,-2722.85894922442,5436.444927875664,-140.9296577972785,W21011
852659,853178,-7512.60192998512,11334.930075464225,-6117.454181194411,9135.381016685327,W21011
931061,931831,-6117.454181194411,9135.381016685327,-5348.868243989487,6730.003413461771,W21011
931844,932694,-5348.868243989487,6730.003413461771,-4320.698607587493,4126.700903789897,W21011
932706,933756,-4320.698607587493,4126.700903789897,-1642.789656665885,1651.749022427998,W21011
981864,982333,-1642.789656665885,1651.749022427998,-1040.6264073723517,650.6029897280923,W21011
1012719,1013015,-1040.6264073723517,650.6029897280923,-1638.1066826638655,807.8338760203944,W21011
1015909,1016146,-1638.1066826638655,807.8338760203944,-2373.1758978806724,834.1121057461444,W21011
1025458,1026063,-2373.1758978806724,834.1121057461444,-1005.3013800123252,2364.690565368115,W21011
1070311,1070820,-1005.3013800123252,2364.690565368115,-834.2552317649786,900.5694562238467,W21011
1090897,1091560,-834.2552317649786,900.5694562238467,-1928.381569337254,-343.75259342603863,W21011
1102276,1103187,-1928.381569337254,-343.75259342603863,435.06300640745945,-2350.107796669948,W21011
1105752,1106550,435.06300640745945,-2350.107796669948,2397.9510978743274,-870.7360057574874,W21011
1157098,1157286,2397.9510978743274,-870.7360057574874,2387.4374655296765,-1532.0256046075506,W21011
1183841,1184298,2387.4374655296765,-1532.0256046075506,1823.2038828180252,-1850.6757984813523,W21011
1185392,1185609,1823.2038828180252,-1850.6757984813523,2387.4374655296765,-1532.0256046075506,W21011
1349175,1349625,2387.4374655296765,-1532.0256046075506,3426.1166896475306,-879.6415133596573,W21011
1356208,1356717,3426.1166896475306,-879.6415133596573,1209.3330173771565,210.72657362589345,W21011
1528025,1532471,1209.3330173771565,210.72657362589345,-910.6317190044888,-149.73790131117772,W21011
1709968,1713002,-910.6317190044888,-149.73790131117772,363.25593041670027,347.31479646722295,W21011
1781936,1782115,363.25593041670027,347.31479646722295,128.0433274469788,541.454862184085,W21011
1873227,1873317,128.0433274469788,541.454862184085,51.97857877547188,882.4244844852859,W21011
2061542,2061853,51.97857877547188,882.4244844852859,910.0396597345538,1205.9170481171593,W21011
