started_at,ended_at,start_x,start_y,end_x,end_y,bike_id
1101455,1101996,-1475.6435123868507,638.6362138876518,-1557.3691014905978,2536.900818615751,W21190
1103791,1104020,-1557.3691014905978,2536.900818615751,-1553.745244797235,1509.7618356025214,W21190
1109567,1110169,-1553.745244797235,1509.7618356025214,-2792.164519531742,1461.727753976022,W21190
1164742,1166400,-2792.164519531742,1461.727753976022,-757.2144788708657,-1761.398084774919,W21190
1166413,1167116,-757.2144788708657,-1761.398084774919,-1812.32704114666,-1830.5270875335093,W21190
