started_at,ended_at,start_x,start_y,end_x,end_y,bike_id
201426,203060,2283.334914585575,-335.1253829365107,1709.7916832437074,-315.9228821705432,W21172
205761,206386,1709.7916832437074,-315.9228821705432,-32.05591394711978,-329.3924624181428,W21172
232382,232724,-32.05591394711978,-329.3924624181428,-290.2205511174567,510.9534986484922,W21172
235426,235985,-290.2205511174567,510.9534986484922,1709.7916832437074,-315.9228821705432,W21172
249789,250511,1709.7916832437074,-315.9228821705432,3982.877951863872,-913.9277176259152,W21172
576967,578825,3982.877951863872,-913.9277176259152,486.9182756857461,-814.3530107541019,W21172
579599,580984,486.9182756857461,-814.3530107541019,-499.66045855245335,-1006.2666995714102,W21172
650926,653731,-499.66045855245335,-1006.2666995714102,486.9182756857461,-814.3530107541019,W21172
655006,657077,486.9182756857461,-814.3530107541019,-2259.2871664561067,-597.6708789203599,W21172
659942,661608,-2259.2871664561067,-597.6708789203599,-757.8209312821701,-366.9069131905728,W21172
721659,721971,2326.262791090281,-622.2723436696831,1554.255559250921,-94.62101826821,W21172
722892,723493,1554.255559250921,-94.62101826821,-272.0689885867906,-1501.372616643942,W21172
760645,763748,-272.0689885867906,-1501.372616643942,54.49834742825812,-1285.064746927697,W21172
769611,769951,54.49834742825812,-1285.064746927697,435.06300640745945,-2350.107796669948,W21172
800615,801821,435.06300640745945,-2350.107796669948,-1617.3824598979872,208.1662401897456,W21172
831757,832655,-1617.3824598979872,208.1662401897456,-1551.966391370401,2925.236609473427,W21172
842341,842770,-1551.966391370401,2925.236609473427,-747.4932564629371,3672.408697257432,W21172
980811,982401,-747.4932564629371,3672.408697257432,-3145.6904913373305,496.2148835678463,W21172
1015648,1016790,-7702.658475204281,-1866.3717556292968,-11571.843862945265,-1390.2766539863078,W21172
1067782,1068418,-11571.843862945265,-1390.2766539863078,-13353.461166512683,-1158.495220138314,W21172
1773644,1777715,-13353.461166512683,-1158.495220138314,-13353.461166512683,-1158.495220138314,W21172
