started_at,ended_at,start_x,start_y,end_x,end_y,bike_id
841695,842049,-1386.3722255965383,1072.7797094714829,-1923.405460375761,1762.9565486044485,W21169
842347,843440,-1923.405460375761,1762.9565486044485,-101.53103449587984,1825.183782970942,W21169
895689,896375,-101.53103449587984,1825.183782970942,-2194.889224699188,1823.9592756756335,W21169
896762,897898,-2194.889224699188,1823.9592756756335,33.87216753763598,-102.3020185750716,W21169
908343,908758,33.87216753763598,-102.3020185750716,236.3596737786456,-1033.5954760247828,W21169
2656244,2657911,949.0927421968316,1050.348962199343,-1386.3722255965383,1072.7797094714829,W21169
