started_at,ended_at,start_x,start_y,end_x,end_y,bike_id
150271,151304,-843.6894071192287,220.42732905849545,-493.99848393693776,3187.837764878856,W21138
204085,204530,-493.99848393693776,3187.837764878856,-500.12939426980034,1054.6347377329218,W21138
205727,206094,-500.12939426980034,1054.6347377329218,-1893.9180927095776,1322.3565600090635,W21138
208917,209839,-1893.9180927095776,1322.3565600090635,1111.6181164467437,379.2633049876047,W21138
391608,392137,753.3851724438222,2085.781199166297,-912.0125818422052,1947.857150184919,W21138
393050,393399,-912.0125818422052,1947.857150184919,-1386.3722255965383,1072.7797094714829,W21138
494591,494967,-3060.847950466069,3019.634990051365,-2172.0118915123644,2509.7946798534413,W21138
502332,502641,-2172.0118915123644,2509.7946798534413,-2906.0520040511774,3041.230845985579,W21138
517600,517748,-2906.0520040511774,3041.230845985579,-2259.436558225718,2967.9830459613117,W21138
549369,549531,-2259.436558225718,2967.9830459613117,-2434.4542367719587,2130.308737174774,W21138
593755,594463,-2434.4542367719587,2130.308737174774,-1375.3554708776364,3230.58420136674,W21138
605138,605603,-1375.3554708776364,3230.58420136674,-494.03119251583706,2141.440621677288,W21138
606601,607189,-494.03119251583706,2141.440621677288,-1881.431886693912,2146.116013168249,W21138
619190,619842,-1881.431886693912,2146.116013168249,-1620.0792206913457,3013.067178195072,W21138
641452,641924,-1620.0792206913457,3013.067178195072,-912.0125818422052,1947.857150184919,W21138
