started_at,ended_at,start_x,start_y,end_x,end_y,bike_id
54246,56443,-65.24421585664805,-642.142757506466,223.52812242238716,-443.9395539462969,W21132
143099,143279,223.52812242238716,-443.9395539462969,-104.30822423996608,-1101.0580053229169,W21132
144242,144843,-104.30822423996608,-1101.0580053229169,-424.0757252336529,713.6651154317209,W21132
151996,152395,-424.0757252336529,713.6651154317209,-570.845296965312,382.6028703385173,W21132
157793,158901,-570.845296965312,382.6028703385173,-101.53103449587984,1825.183782970942,W21132
202590,203120,-101.53103449587984,1825.183782970942,422.87264992317904,94.06442404292608,W21132
293991,295031,1774.1270397604533,-450.0620904220471,-570.845296965312,382.6028703385173,W21132
304504,305455,-570.845296965312,382.6028703385173,-2311.895100954131,239.22419795062223,W21132
306022,306396,-2311.895100954131,239.22419795062223,-2925.311977241168,1006.3223589937804,W21132
381758,382934,-1553.745244797235,1509.7618356025214,-1891.2395552395976,-909.029688445473,W21132
2393849,2395122,-2996.425218577444,611.3630968574403,-1557.3691014905978,2536.900818615751,W21132
2478797,2478880,-1557.3691014905978,2536.900818615751,-1557.3691014905978,2536.900818615751,W21132
