started_at,ended_at,start_x,start_y,end_x,end_y,bike_id
119030,119294,-850.2844639197657,4073.713133559794,-810.2158349534978,3422.163933649827,W21138
120027,121580,-810.2158349534978,3422.163933649827,-291.54855859263284,48.21707581085942,W21138
150271,151304,-291.54855859263284,48.21707581085942,58.03491290342142,3015.6275116312195,W21138
204085,204530,58.03491290342142,3015.6275116312195,51.97857877547188,882.4244844852859,W21138
205727,206094,51.97857877547188,882.4244844852859,-1341.804285739922,1150.146306761428,W21138
208917,209839,-1341.804285739922,1150.146306761428,1663.732119925616,207.05305173996877,W21138
391608,392137,1305.4434734316112,1913.5709459186608,-359.9313181814267,1775.6468969372831,W21138
393050,393399,-359.9313181814267,1775.6468969372831,-834.2552317649786,900.5694562238467,W21138
403630,405000,-834.2552317649786,900.5694562238467,-4282.93758484372,-357.3334925191697,W21138
409985,411260,-4282.93758484372,-357.3334925191697,-1371.3067196627298,1590.7462953568122,W21138
494591,494967,-2508.780706691274,2847.424736803729,-1619.9365259724264,2337.5844266058048,W21138
502332,502641,-1619.9365259724264,2337.5844266058048,-2353.98720139412,2869.0205927379434,W21138
517600,517748,-2353.98720139412,2869.0205927379434,-1707.3762434280573,2795.772792713676,W21138
549369,549531,-1707.3762434280573,2795.772792713676,-1882.362757780742,1958.0984839271373,W21138
593755,594463,-1882.362757780742,1958.0984839271373,-823.3139626658171,3058.373948119104,W21138
605138,605603,-823.3139626658171,3058.373948119104,58.03875561149759,1969.2303684296523,W21138
606601,607189,58.03875561149759,1969.2303684296523,-1329.3469852904998,1973.9057599206133,W21138
619190,619842,-1329.3469852904998,1973.9057599206133,-1068.027447763776,2840.856924947436,W21138
641452,641924,-1068.027447763776,2840.856924947436,-359.9313181814267,1775.6468969372831,W21138
672124,673098,-359.9313181814267,1775.6468969372831,117.9129393787196,5588.150360654068,W21138
673109,674692,117.9129393787196,5588.150360654068,1433.734978819347,9553.04932320566,W21138
1097225,1097690,-13823.576135744892,23655.699842438586,-12388.824646850037,24707.77424673615,W21138
2474969,2479800,-5348.258169372739,-680.6034184607712,-3662.680070837771,841.3478306724625,W21138
