started_at,ended_at,start_x,start_y,end_x,end_y,bike_id
53678,54995,-6770.147537564179,-5284.663024410554,-7363.579416077806,-1981.252803691672,W21168
60245,61213,-7363.579416077806,-1981.252803691672,-6288.612723581445,-5616.035731331934,W21168
1704662,1706062,-6288.612723581445,-5616.035731331934,-6288.612723581445,-5616.035731331934,W21168
