started_at,ended_at,start_x,start_y,end_x,end_y,bike_id
149681,149973,-13823.576135744892,23655.699842438586,-12388.824646850037,24707.77424673615,W21181
323172,324402,-12388.824646850037,24707.77424673615,-15657.242269565502,23135.61819849844,W21181
