started_at,ended_at,start_x,start_y,end_x,end_y,bike_id
122726,123622,-1890.7937293864395,645.4266634342174,-188.8673402319529,519.5250497148589,W21129
234118,234902,-188.8673402319529,519.5250497148589,949.0927421968316,1050.348962199343,W21129
236404,236769,949.0927421968316,1050.348962199343,42.554840611112105,683.8074999788248,W21129
245048,245123,42.554840611112105,683.8074999788248,42.554840611112105,683.8074999788248,W21129
245903,246346,42.554840611112105,683.8074999788248,949.0927421968316,1050.348962199343,W21129
247106,247699,949.0927421968316,1050.348962199343,-929.3914426548988,1038.6048240499654,W21129
290342,290790,-929.3914426548988,1038.6048240499654,-2925.311977241168,1006.3223589937804,W21129
298256,302880,-2925.311977241168,1006.3223589937804,-2792.164519531742,1461.727753976022,W21129
1362619,1363037,-757.2144788708657,-1761.398084774919,351.2753779368917,-2232.165480370884,W21129
2231280,2232508,351.2753779368917,-2232.165480370884,-1189.9480965767848,-1984.8150067328563,W21129
