started_at,ended_at,start_x,start_y,end_x,end_y,bike_id
51205,51630,1271.019755402809,-1678.4655452337165,1731.2087241706054,-162.91512968887474,W21165
60178,60933,1731.2087241706054,-162.91512968887474,912.5376302209072,-1263.1349344592616,W21165
154656,155314,912.5376302209072,-1263.1349344592616,1244.6201406197797,1024.896740019206,W21165
168256,168424,1244.6201406197797,1024.896740019206,1940.3003044813283,982.611445003962,W21165
218062,218322,1940.3003044813283,982.611445003962,1244.6201406197797,1024.896740019206,W21165
328317,329019,42.554840611112105,683.8074999788248,2447.178885471176,463.5171925950309,W21165
375034,376228,2447.178885471176,463.5171925950309,-1154.4178996069331,447.5017569858993,W21165
416646,417344,-1154.4178996069331,447.5017569858993,98.47671969768471,1232.2751862723885,W21165
459375,460514,98.47671969768471,1232.2751862723885,1108.854912819232,-2222.2581031636773,W21165
473571,473898,2438.2540112858683,-645.8719388147609,1835.2706095118488,-1359.8153513599148,W21165
503848,504053,1835.2706095118488,-1359.8153513599148,1774.1270397604533,-450.0620904220471,W21165
546852,547108,1774.1270397604533,-450.0620904220471,1572.4295790921033,412.8815961838383,W21165
655097,655831,1157.659916597574,-143.71262892290716,-824.4664002727116,-360.1164636447984,W21165
660426,663382,-824.4664002727116,-360.1164636447984,-497.6852901437867,-1112.8544936800606,W21165
663489,666010,-497.6852901437867,-1112.8544936800606,223.52812242238716,-443.9395539462969,W21165
763163,765766,223.52812242238716,-443.9395539462969,-3821.501991331301,729.9176668049492,W21165
1028679,1029173,-3262.531070247399,360.3391013342791,-4001.84712299075,833.4441926753292,W21165
1267007,1269732,-4001.84712299075,833.4441926753292,-3821.501991331301,729.9176668049492,W21165
2304410,2304978,-3499.0812210478525,986.6189234248992,-2646.5254975806206,1031.0908020110053,W21165
2314889,2315706,-2646.5254975806206,1031.0908020110053,-3499.0812210478525,986.6189234248992,W21165
2485047,2487997,-1620.0792206913457,3013.067178195072,-1450.099395056315,-447.3904381419498,W21165
