started_at,ended_at,start_x,start_y,end_x,end_y,bike_id
201426,203060,1731.2087241706054,-162.91512968887474,1157.659916597574,-143.71262892290716,W21172
205761,206386,1157.659916597574,-143.71262892290716,-584.2071226972812,-157.18220917050687,W21172
232382,232724,-584.2071226972812,-157.18220917050687,-842.3452252522125,683.1637518961281,W21172
235426,235985,-842.3452252522125,683.1637518961281,1157.659916597574,-143.71262892290716,W21172
249789,250511,1157.659916597574,-143.71262892290716,3430.750056568192,-741.7174643782791,W21172
576967,578825,3430.750056568192,-741.7174643782791,-65.24421585664805,-642.142757506466,W21172
579599,580984,-65.24421585664805,-642.142757506466,-1051.840396051375,-834.0564463237743,W21172
650926,653731,-1051.840396051375,-834.0564463237743,-65.24421585664805,-642.142757506466,W21172
655006,657077,-65.24421585664805,-642.142757506466,-2811.4720009168905,-425.46062567272384,W21172
659942,661608,-2811.4720009168905,-425.46062567272384,-1309.9813548408183,-194.6966599429369,W21172
721659,721971,1774.1270397604533,-450.0620904220471,1002.1298273174614,77.58923497942598,W21172
722892,723493,1002.1298273174614,77.58923497942598,-824.2637352862973,-1329.162363396306,W21172
760645,763748,-824.2637352862973,-1329.162363396306,-497.6852901437867,-1112.8544936800606,W21172
769611,769951,-497.6852901437867,-1112.8544936800606,-117.15367456973772,-2177.897543422312,W21172
800615,801821,-117.15367456973772,-2177.897543422312,-2169.5321645165045,380.3764934373816,W21172
831757,832655,-2169.5321645165045,380.3764934373816,-2104.020490588656,3097.446862721063,W21172
