started_at,ended_at,start_x,start_y,end_x,end_y,bike_id
122726,123622,-1338.6563166249937,473.21641018658136,363.25593041670027,347.31479646722295,W21129
234118,234902,363.25593041670027,347.31479646722295,1501.1850775340426,878.138708951707,W21129
236404,236769,1501.1850775340426,878.138708951707,594.6698529972505,511.5972467311889,W21129
245048,245123,594.6698529972505,511.5972467311889,594.6698529972505,511.5972467311889,W21129
245903,246346,594.6698529972505,511.5972467311889,1501.1850775340426,878.138708951707,W21129
247106,247699,1501.1850775340426,878.138708951707,-377.2782335264637,866.3945708023293,W21129
290342,290790,-377.2782335264637,866.3945708023293,-2373.1758978806724,834.1121057461444,W21129
298256,302880,-2373.1758978806724,834.1121057461444,-2240.045794021533,1289.517500728386,W21129
794918,796134,-436.46320150185255,6560.01953711448,-1774.6185104616818,3346.4671190349422,W21129
796149,797130,-1774.6185104616818,3346.4671190349422,-2652.2426542615626,669.8054904940599,W21129
829379,830557,-2652.2426542615626,669.8054904940599,-2834.854701191256,3614.745535536368,W21129
840603,842142,-2834.854701191256,3614.745535536368,-5697.139881011577,7050.935643659079,W21129
1358601,1360795,-5697.139881011577,7050.935643659079,-3874.94773152752,655.3724484528836,W21129
1361058,1362284,-3874.94773152752,655.3724484528836,-205.00537057100192,-1933.6083380225548,W21129
1362619,1363037,-205.00537057100192,-1933.6083380225548,903.488853408454,-2404.37573361852,W21129
2231280,2232508,903.488853408454,-2404.37573361852,-637.7264760323915,-2157.025259980492,W21129
