started_at,ended_at,start_x,start_y,end_x,end_y,bike_id
117232,118953,-6255.215123105512,-1154.9330170971298,-32.05591394711978,-329.3924624181428,W21179
206459,207685,-32.05591394711978,-329.3924624181428,-908.2838184938292,136.05078453849475,W21179
234242,234649,-908.2838184938292,136.05078453849475,-1759.7389167323108,67.0139447029863,W21179
236920,237164,-1759.7389167323108,67.0139447029863,-2256.0341078902416,341.74885421596565,W21179
237344,238029,-2256.0341078902416,341.74885421596565,-1882.362757780742,1958.0984839271373,W21179
290091,290641,-1882.362757780742,1958.0984839271373,-1759.7389167323108,67.0139447029863,W21179
319371,320961,-1759.7389167323108,67.0139447029863,1663.732119925616,207.05305173996877,W21179
460140,460773,1305.4434734316112,1913.5709459186608,1663.732119925616,207.05305173996877,W21179
744011,744503,1663.732119925616,207.05305173996877,975.0041157596628,-78.1458292047099,W21179
752081,754331,975.0041157596628,-78.1458292047099,-2301.331649052671,-1063.874201870104,W21179
755343,755863,-2301.331649052671,-1063.874201870104,-2340.23434777719,-189.90994960644437,W21179
756046,756508,-2340.23434777719,-189.90994960644437,-2240.045794021533,1289.517500728386,W21179
806545,806912,-2240.045794021533,1289.517500728386,-1775.978957937016,489.13500502400655,W21179
827862,828355,-1775.978957937016,489.13500502400655,-433.0906763410017,61.67064014200078,W21179
837597,837964,-433.0906763410017,61.67064014200078,363.25593041670027,347.31479646722295,W21179
892840,893967,363.25593041670027,347.31479646722295,-2042.7259812106383,322.91512354232174,W21179
897922,898180,-2042.7259812106383,322.91512354232174,-2373.1758978806724,834.1121057461444,W21179
1691459,1692234,-5348.868243989487,6730.003413461771,-6205.127952811877,9671.492574308428,W21179
1783120,1786884,-6205.127952811877,9671.492574308428,-2145.3251794658845,2826.719431629812,W21179
1810589,1810855,-2145.3251794658845,2826.719431629812,-1972.4911166466836,1651.3037470482452,W21179
1863769,1871259,-1972.4911166466836,1651.3037470482452,-1972.4911166466836,1651.3037470482452,W21179
1927493,1928279,-1972.4911166466836,1651.3037470482452,-2301.331649052671,-1063.874201870104,W21179
2626039,2626328,58.83935351161514,-58.66232969907673,332.92911989643176,582.1975594618963,W21179
