started_at,ended_at,start_x,start_y,end_x,end_y,bike_id
946936,948447,-3385.173206528012,114.65841037131248,1682.9689672611153,1296.3079502741607,W21149
1172172,1172660,-919.4722224283496,3269.7684348142307,-1553.745244797235,1509.7618356025214,W21149
1198483,1198827,-1553.745244797235,1509.7618356025214,-1881.431886693912,2146.116013168249,W21149
1267132,1270523,-2194.4774136437,1670.339269546311,949.0927421968316,1050.348962199343,W21149
1274987,1275740,949.0927421968316,1050.348962199343,-794.7691416991337,2685.45581729673,W21149
1520746,1520811,-794.7691416991337,2685.45581729673,-794.7691416991337,2685.45581729673,W21149
1524523,1525872,-794.7691416991337,2685.45581729673,-1369.0198339983065,1373.3405910290935,W21149
1526051,1527164,-1369.0198339983065,1373.3405910290935,-1380.3033083701418,-858.2682951157151,W21149
1527187,1528103,-1380.3033083701418,-858.2682951157151,-1812.32704114666,-1830.5270875335093,W21149
1788549,1790459,-3060.847950466069,3019.634990051365,-2853.533219035006,-891.6639486224678,W21149
1790651,1792567,-2853.533219035006,-891.6639486224678,-1574.715056457654,1019.791939240589,W21149
1792748,1793857,-1574.715056457654,1019.791939240589,-919.4722224283496,3269.7684348142307,W21149
1875841,1878211,-4001.84712299075,833.4441926753292,-4001.84712299075,833.4441926753292,W21149
1881336,1883081,-4001.84712299075,833.4441926753292,-4214.829945059849,1013.5580839200984,W21149
2480795,2480868,-2172.0118915123644,2509.7946798534413,-2089.6479554302955,2393.132530270474,W21149
