started_at,ended_at,start_x,start_y,end_x,end_y,bike_id
235756,236704,7559.18675780279,7158.803604484617,4744.505435842784,6405.1750236890575,W21140
1870060,1871496,4744.505435842784,6405.1750236890575,2596.793129117454,3863.209197624172,W21140
1922202,1923541,2596.793129117454,3863.209197624172,-276.7184401763835,-211.0605301609056,W21140
1965478,1966368,-276.7184401763835,-211.0605301609056,-799.8820989751116,2230.607016540563,W21140
2049456,2052329,-4320.698607587493,4126.700903789897,-4320.698607587493,4126.700903789897,W21140
2211536,2212977,-4320.698607587493,4126.700903789897,-4525.883691436464,7428.724488570288,W21140
2484953,2486042,-4525.883691436464,7428.724488570288,-4525.883691436464,7428.724488570288,W21140
2568252,2569353,-4525.883691436464,7428.724488570288,-4525.883691436464,7428.724488570288,W21140
