started_at,ended_at,start_x,start_y,end_x,end_y,bike_id
240458,241334,-2451.156845307692,814.965264401756,-584.201315024888,-157.18220917050687,W21249
297218,298307,-584.201315024888,-157.18220917050687,-3499.2995900004858,986.6189234248992,W21249
673149,674777,-65.24156624682065,-642.142757506466,-2013.0446574339128,225.7907524544684,W21249
809860,810737,-1687.835498630181,3322.088291974309,-2646.698106240912,1031.0908020110053,W21249
810961,811175,-2646.698106240912,1031.0908020110053,-2808.2773936322506,513.9591074636016,W21249
847242,847389,-2808.2773936322506,513.9591074636016,-3204.558176754409,842.0157437416958,W21249
848504,848743,-3204.558176754409,842.0157437416958,-2450.377106119949,1407.2928387603392,W21249
