started_at,ended_at,start_x,start_y,end_x,end_y,bike_id
56406,56970,788.5325500265636,-1205.8057292724188,2258.2481205983354,-1208.700019242788,W21257
113965,114959,2258.2481205983354,-1208.700019242788,-815.0661716391357,66.67998816797413,W21257
132122,133016,-815.0661716391357,66.67998816797413,1554.255559250921,-94.62101826821,W21257
135319,136065,1554.255559250921,-94.62101826821,1917.8811044698043,-2344.26355730684,W21257
147545,148158,1917.8811044698043,-2344.26355730684,1554.255559250921,-94.62101826821,W21257
148237,148535,1554.255559250921,-94.62101826821,2326.262791090281,-622.2723436696831,W21257
205312,205812,2326.262791090281,-622.2723436696831,1796.710145560574,852.6864867715699,W21257
210180,211054,1796.710145560574,852.6864867715699,-1001.6416887046756,1337.5515823548856,W21257
211357,211941,-1001.6416887046756,1337.5515823548856,-1642.372485044098,1498.1290162986752,W21257
324469,324978,-1642.372485044098,1498.1290162986752,-456.4230317783731,2112.497721972016,W21257
374524,375692,-1135.4390937110154,3149.8780387266734,1501.1850775340426,878.138708951707,W21257
376561,377256,1501.1850775340426,878.138708951707,-32.05591394711978,-329.3924624181428,W21257
469827,470438,-810.2158349534978,3422.163933649827,-834.2552317649786,900.5694562238467,W21257
485373,486340,-834.2552317649786,900.5694562238467,-3527.1979733126504,1188.885264829166,W21257
487654,488191,-3527.1979733126504,1188.885264829166,-4169.189148603291,-55.102828285707005,W21257
497560,498357,-4169.189148603291,-55.102828285707005,-5750.385268965106,-2677.774816990659,W21257
498384,499122,-5750.385268965106,-2677.774816990659,-5779.5648782604185,-6177.08271024016,W21257
762814,763565,-5779.5648782604185,-6177.08271024016,-6770.147537564179,-5284.663024410554,W21257
1180309,1181411,-6770.147537564179,-5284.663024410554,-6770.147537564179,-5284.663024410554,W21257
1513925,1518163,-6770.147537564179,-5284.663024410554,-6770.147537564179,-5284.663024410554,W21257
2212459,2214123,-6770.147537564179,-5284.663024410554,-6770.147537564179,-5284.663024410554,W21257
