started_at,ended_at,start_x,start_y,end_x,end_y,bike_id
852640,853586,-3060.847950466069,3019.634990051365,-919.4722224283496,3269.7684348142307,W21278
981603,982029,-2104.020490588656,3097.446862721063,-2194.4774136437,1670.339269546311,W21278
982469,983013,-2194.4774136437,1670.339269546311,-1555.445981478385,542.4818752125246,W21278
1010873,1011664,-1555.445981478385,542.4818752125246,-922.0093029382764,1354.416387375768,W21278
1067114,1067470,-922.0093029382764,1354.416387375768,-907.7828902857132,177.44223896388112,W21278
1095520,1096560,-1620.0792206913457,3013.067178195072,-1620.0792206913457,3013.067178195072,W21278
1100911,1102098,-1620.0792206913457,3013.067178195072,-1051.840396051375,-834.0564463237743,W21278
1104486,1104929,-1051.840396051375,-834.0564463237743,-82.14293697444242,-1351.7447350956706,W21278
1172841,1173997,-82.14293697444242,-1351.7447350956706,-1380.3033083701418,-858.2682951157151,W21278
1174198,1174876,-1380.3033083701418,-858.2682951157151,-2605.6813026458703,-1351.7447350956706,W21278
1174940,1175824,-2605.6813026458703,-1351.7447350956706,-3697.8467852525214,668.4251368154823,W21278
1175848,1177255,-3697.8467852525214,668.4251368154823,-3821.501991331301,729.9176668049492,W21278
1177354,1178187,-3821.501991331301,729.9176668049492,-3697.8467852525214,668.4251368154823,W21278
1178274,1179256,-3697.8467852525214,668.4251368154823,-1812.32704114666,-1830.5270875335093,W21278
1179485,1180278,-1812.32704114666,-1830.5270875335093,-82.14293697444242,-1351.7447350956706,W21278
1191991,1195375,-82.14293697444242,-1351.7447350956706,1000.298381636028,1637.3888914201018,W21278
1262799,1263126,1000.298381636028,1637.3888914201018,949.0927421968316,1050.348962199343,W21278
1265666,1266206,949.0927421968316,1050.348962199343,2571.547269369305,1244.656006184107,W21278
1354420,1354762,2571.547269369305,1244.656006184107,1244.6201406197797,1024.896740019206,W21278
1355728,1356283,1244.6201406197797,1024.896740019206,2842.538526966029,2153.0177815595557,W21278
1441191,1441683,2842.538526966029,2153.0177815595557,1572.4295790921033,412.8815961838383,W21278
1453600,1455753,1572.4295790921033,412.8815961838383,2447.178885471176,463.5171925950309,W21278
1540291,1540755,-1360.182448193738,3399.343570419514,-494.03119251583706,2141.440621677288,W21278
1605663,1606126,-494.03119251583706,2141.440621677288,-1351.952265455199,2402.817269788199,W21278
