started_at,ended_at,start_x,start_y,end_x,end_y,bike_id
62522,62842,-5365.713663128789,-801.2730464646756,-6255.215123105512,-1154.9330170971298,W21263
80142,81194,-6255.215123105512,-1154.9330170971298,-7683.373491055542,-4618.730198785064,W21263
656101,657120,-7683.373491055542,-4618.730198785064,-5779.5648782604185,-6177.08271024016,W21263
1265321,1266808,-5779.5648782604185,-6177.08271024016,-6770.147537564179,-5284.663024410554,W21263
1782718,1784175,-6770.147537564179,-5284.663024410554,-6770.147537564179,-5284.663024410554,W21263
1862350,1863447,-6770.147537564179,-5284.663024410554,-3566.081324537392,-6054.409343026973,W21263
1876957,1879237,-3566.081324537392,-6054.409343026973,-1442.0390538905754,-3649.143058648157,W21263
1879764,1881180,-1442.0390538905754,-3649.143058648157,-3486.1381226925246,-6291.629801767523,W21263
2215567,2216980,-3486.1381226925246,-6291.629801767523,-4021.79420879787,-5742.716576966848,W21263
