started_at,ended_at,start_x,start_y,end_x,end_y,bike_id
156876,157327,1709.7916832437074,-315.9228821705432,2401.465017575836,547.920497299106,W21210
291484,291832,2401.465017575836,547.920497299106,1501.1850775340426,878.138708951707,W21210
319974,320342,1501.1850775340426,878.138708951707,2401.465017575836,547.920497299106,W21210
380019,380526,2401.465017575836,547.920497299106,1812.120848742311,-1161.2781912639423,W21210
403194,403491,1812.120848742311,-1161.2781912639423,2283.334914585575,-335.1253829365107,W21210
407938,408496,2283.334914585575,-335.1253829365107,788.5325500265636,-1205.8057292724188,W21210
465028,466084,-1551.966391370401,2925.236609473427,-4111.364334099719,2757.4791100264806,W21210
485183,486715,-4111.364334099719,2757.4791100264806,-1161.491409832351,1652.194297808541,W21210
563370,563659,-1161.491409832351,1652.194297808541,-1972.4911166466836,1651.3037470482452,W21210
585012,585682,-1972.4911166466836,1651.3037470482452,-2946.938203231537,814.4086701772632,W21210
648770,650100,-2301.331649052671,-1063.874201870104,-1260.1040304636565,-2002.7373407811456,W21210
668443,672850,-1260.1040304636565,-2002.7373407811456,-499.66045855245335,-1006.2666995714102,W21210
812939,813243,117.9129393787196,5588.150360654068,-113.54363842153111,4327.405140603152,W21210
834304,834825,-113.54363842153111,4327.405140603152,-80.1058961165534,3374.191707505921,W21210
885356,886718,-80.1058961165534,3374.191707505921,-2301.331649052671,-1063.874201870104,W21210
886855,887827,-2301.331649052671,-1063.874201870104,-1642.789656665885,1651.749022427998,W21210
899268,899389,-1642.789656665885,1651.749022427998,-1371.3067196627298,1590.7462953568122,W21210
899456,899797,-1371.3067196627298,1590.7462953568122,-1338.6563166249937,473.21641018658136,W21210
2287326,2289411,1277.3475295633712,-7379.771511851937,2460.9950527066508,-2345.8220211371595,W21210
2292427,2294053,2460.9950527066508,-2345.8220211371595,1277.3475295633712,-7379.771511851937,W21210
