started_at,ended_at,start_x,start_y,end_x,end_y,bike_id
42123,42446,-2104.020490588656,3097.446862721063,-2194.4774136437,1670.339269546311,W21219
44616,45731,-2194.4774136437,1670.339269546311,-1309.9813548408183,-194.6966599429369,W21219
203017,204035,-2104.020490588656,3097.446862721063,-2803.1298600936816,296.3567677708471,W21219
204433,204728,-2803.1298600936816,296.3567677708471,-2808.1861045329406,513.9591074636016,W21219
242810,243872,-2808.1861045329406,513.9591074636016,-2104.020490588656,3097.446862721063,W21219
289257,289720,-2104.020490588656,3097.446862721063,-1923.405460375761,1762.9565486044485,W21219
289862,290287,-1923.405460375761,1762.9565486044485,-2328.120578614408,661.3452582716426,W21219
341024,341968,-2328.120578614408,661.3452582716426,-757.2144788708657,-1761.398084774919,W21219
342755,343142,-757.2144788708657,-1761.398084774919,236.3596737786456,-1033.5954760247828,W21219
422455,423130,236.3596737786456,-1033.5954760247828,-1315.9120102200964,375.0331888763961,W21219
487738,488171,-1315.9120102200964,375.0331888763961,-219.1862779950825,754.4078127095321,W21219
508651,508810,-219.1862779950825,754.4078127095321,104.65262178054566,350.0977675920606,W21219
552870,554036,104.65262178054566,350.0977675920606,-985.2325967772824,233.88089338963675,W21219
568150,569347,-985.2325967772824,233.88089338963675,-82.14293697444242,-1351.7447350956706,W21219
839539,840092,-82.14293697444242,-1351.7447350956706,33.87216753763598,-102.3020185750716,W21219
852122,854064,33.87216753763598,-102.3020185750716,-4214.829945059849,1013.5580839200984,W21219
911181,912450,-4214.829945059849,1013.5580839200984,-2605.26842578739,-423.4568864618599,W21219
912520,913730,-2605.26842578739,-423.4568864618599,236.3596737786456,-1033.5954760247828,W21219
1011205,1012719,-2450.1589905827414,1407.2928387603392,1774.1270397604533,-450.0620904220471,W21219
1243274,1243549,1774.1270397604533,-450.0620904220471,1260.3648729942292,461.861887993795,W21219
1270020,1271192,1260.3648729942292,461.861887993795,1372.896741032668,2539.6281303190094,W21219
1623542,1623866,1372.896741032668,2539.6281303190094,1247.2477587830729,3103.680718042345,W21219
