started_at,ended_at,start_x,start_y,end_x,end_y,bike_id
156876,157327,1157.659916597574,-143.71262892290716,1849.37095562868,720.130750546742,W21210
291484,291832,1849.37095562868,720.130750546742,949.0927421968316,1050.348962199343,W21210
319974,320342,949.0927421968316,1050.348962199343,1849.37095562868,720.130750546742,W21210
380019,380526,1849.37095562868,720.130750546742,1259.9606745071096,-989.0679380163066,W21210
403194,403491,1259.9606745071096,-989.0679380163066,1731.2087241706054,-162.91512968887474,W21210
407938,408496,1731.2087241706054,-162.91512968887474,236.3596737786456,-1033.5954760247828,W21210
563370,563659,-1713.5857184887172,1824.4045510561773,-2524.594292383785,1823.5140002958813,W21210
585012,585682,-2524.594292383785,1823.5140002958813,-3499.0812210478525,986.6189234248992,W21210
648770,650100,-2853.533219035006,-891.6639486224678,-1812.32704114666,-1830.5270875335093,W21210
668443,672850,-1812.32704114666,-1830.5270875335093,-1051.840396051375,-834.0564463237743,W21210
886855,887827,-2853.533219035006,-891.6639486224678,-2194.889224699188,1823.9592756756335,W21210
899268,899389,-2194.889224699188,1823.9592756756335,-1923.405460375761,1762.9565486044485,W21210
899456,899797,-1923.405460375761,1762.9565486044485,-1890.7937293864395,645.4266634342174,W21210
