started_at,ended_at,start_x,start_y,end_x,end_y,bike_id
455282,455675,-1619.9365259724264,2337.5844266058048,-2094.393320151142,858.8805487633692,W21260
473014,473290,-2094.393320151142,858.8805487633692,-2256.0341078902416,341.74885421596565,W21260
498035,499280,-2256.0341078902416,341.74885421596565,-4111.364334099719,2757.4791100264806,W21260
566517,567570,-4111.364334099719,2757.4791100264806,-2250.9703201658835,124.14651452321117,W21260
573530,575260,-2250.9703201658835,124.14651452321117,-1339.0478585909025,-1081.2399416931091,W21260
577433,578894,-1339.0478585909025,-1081.2399416931091,486.9182756857461,-814.3530107541019,W21260
579646,580113,486.9182756857461,-814.3530107541019,775.6805476381545,-616.1498071939328,W21260
642053,642738,775.6805476381545,-616.1498071939328,-272.30548829993654,-532.3267168924343,W21260
643920,644369,-272.30548829993654,-532.3267168924343,-828.1189483765718,-1030.4785483633511,W21260
649538,651219,-1551.966391370401,2925.236609473427,932.3577554627492,283.6404171143583,W21260
669268,669923,932.3577554627492,283.6404171143583,916.579749438608,1959.9909042924703,W21260
671761,672499,916.579749438608,1959.9909042924703,-1642.789656665885,1651.749022427998,W21260
678541,679387,-1642.789656665885,1651.749022427998,-860.0530312968476,4418.244958901389,W21260
718673,719498,-860.0530312968476,4418.244958901389,-1040.6264073723517,650.6029897280923,W21260
722012,722253,-1040.6264073723517,650.6029897280923,-763.7714170882605,202.8229356287601,W21260
1444654,1446235,1799.2651205301706,2931.4704647947087,3832.9163838716586,459.19023571369775,W21260
1522016,1523958,3832.9163838716586,459.19023571369775,2727.859706664396,241.8958502315105,W21260
1526687,1527041,2727.859706664396,241.8958502315105,1554.255559250921,-94.62101826821,W21260
