started_at,ended_at,start_x,start_y,end_x,end_y,bike_id
379552,380076,-3499.2995900004858,986.6189234248992,-1917.5553273249889,723.2385361039151,W21289
766963,767685,-919.6624414465116,3269.7684348142307,-929.4525001462196,1038.6048240499654,W21289
804629,805443,-929.4525001462196,1038.6048240499654,-2925.498184966575,1006.3223589937804,W21289
