started_at,ended_at,start_x,start_y,end_x,end_y,bike_id
656061,658181,-2697.389185766176,2998.9296848774475,-4001.84712299075,833.4441926753292,W21253
681331,681909,-4001.84712299075,833.4441926753292,-2803.1298600936816,296.3567677708471,W21253
721340,722813,-2803.1298600936816,296.3567677708471,753.3851724438222,2085.781199166297,W21253
724346,724814,753.3851724438222,2085.781199166297,1111.6181164467437,379.2633049876047,W21253
736487,737477,1111.6181164467437,379.2633049876047,-2190.235672060508,980.0441292680304,W21253
809834,811070,-1620.0792206913457,3013.067178195072,-1051.840396051375,-834.0564463237743,W21253
836239,836793,-1051.840396051375,-834.0564463237743,223.52812242238716,-443.9395539462969,W21253
845988,846592,223.52812242238716,-443.9395539462969,1259.9606745071096,-989.0679380163066,W21253
900124,900868,1259.9606745071096,-989.0679380163066,-802.7521471361426,-996.414981787365,W21253
920692,922111,-802.7521471361426,-996.414981787365,-802.7521471361426,-996.414981787365,W21253
1009780,1010308,-802.7521471361426,-996.414981787365,1002.1298273174614,77.58923497942598,W21253
1016939,1017589,1002.1298273174614,77.58923497942598,2873.9839282869875,-707.4312601120213,W21253
1061256,1061555,2873.9839282869875,-707.4312601120213,2447.178885471176,463.5171925950309,W21253
1062922,1063376,2447.178885471176,463.5171925950309,1002.1298273174614,77.58923497942598,W21253
1065811,1066557,1002.1298273174614,77.58923497942598,1365.6807727435448,-2172.053304059203,W21253
1078037,1078444,1365.6807727435448,-2172.053304059203,1835.2706095118488,-1359.8153513599148,W21253
1098859,1099295,1835.2706095118488,-1359.8153513599148,1399.084123210781,-702.1992743957761,W21253
1105028,1105592,1399.084123210781,-702.1992743957761,933.1862516873412,-1937.9287301948511,W21253
1151261,1151658,933.1862516873412,-1937.9287301948511,-568.1726241532793,-1955.7830855160428,W21253
1165696,1166129,-568.1726241532793,-1955.7830855160428,933.1862516873412,-1937.9287301948511,W21253
1171517,1173601,933.1862516873412,-1937.9287301948511,3861.339855126864,1821.955536465561,W21253
1253177,1256314,3861.339855126864,1821.955536465561,3861.339855126864,1821.955536465561,W21253
1521045,1522916,3861.339855126864,1821.955536465561,3861.339855126864,1821.955536465561,W21253
1702533,1704484,3861.339855126864,1821.955536465561,2650.3265920979,3121.0464578661404,W21253
