started_at,ended_at,start_x,start_y,end_x,end_y,bike_id
200554,201085,-1557.3691014905978,2536.900818615751,-2190.235672060508,980.0441292680304,W21216
229592,229945,-1620.0792206913457,3013.067178195072,-2089.6479554302955,2393.132530270474,W21216
231792,232418,-2089.6479554302955,2393.132530270474,-1008.4935812659144,2284.707975219652,W21216
837910,838473,-2434.4542367719587,2130.308737174774,-1369.0198339983065,1373.3405910290935,W21216
2572474,2573476,-1592.754378936063,822.8132429757283,-757.2144788708657,-1761.398084774919,W21216
2575478,2576666,-757.2144788708657,-1761.398084774919,3610.147888427871,-199.14941374362635,W21216
2654819,2656090,3610.147888427871,-199.14941374362635,-1592.754378936063,822.8132429757283,W21216
2667810,2669059,-1592.754378936063,822.8132429757283,3610.147888427871,-199.14941374362635,W21216
