started_at,ended_at,start_x,start_y,end_x,end_y,bike_id
46528,47095,933.1862516873412,-1937.9287301948511,1157.659916597574,-143.71262892290716,W21279
51913,56371,1157.659916597574,-143.71262892290716,-3821.501991331301,729.9176668049492,W21279
78871,79802,-3821.501991331301,729.9176668049492,-2434.4542367719587,2130.308737174774,W21279
116144,130050,-2434.4542367719587,2130.308737174774,-2190.235672060508,980.0441292680304,W21279
204782,205096,-985.2325967772824,233.88089338963675,104.65262178054566,350.0977675920606,W21279
233415,234176,104.65262178054566,350.0977675920606,-912.0125818422052,1947.857150184919,W21279
292953,293889,-912.0125818422052,1947.857150184919,-2808.1861045329406,513.9591074636016,W21279
310384,310921,-2808.1861045329406,513.9591074636016,-2792.164519531742,1461.727753976022,W21279
319927,320452,-2792.164519531742,1461.727753976022,-2311.895100954131,239.22419795062223,W21279
324649,326989,-2311.895100954131,239.22419795062223,-2169.5321645165045,380.3764934373816,W21279
327710,328150,-2169.5321645165045,380.3764934373816,-2194.4774136437,1670.339269546311,W21279
368431,368707,-2194.4774136437,1670.339269546311,-3034.094275550209,1150.702900985921,W21279
