started_at,ended_at,start_x,start_y,end_x,end_y,bike_id
289335,289817,-101.53103449587984,1825.183782970942,-1386.3722255965383,1072.7797094714829,W21243
290227,290622,-1386.3722255965383,1072.7797094714829,-1450.099395056315,-447.3904381419498,W21243
307712,308864,-1450.099395056315,-447.3904381419498,-1450.099395056315,-447.3904381419498,W21243
318808,319549,-1450.099395056315,-447.3904381419498,-828.8681814864412,-38.85027691326964,W21243
319815,321929,-828.8681814864412,-38.85027691326964,223.52812242238716,-443.9395539462969,W21243
321970,322594,223.52812242238716,-443.9395539462969,1706.091148736327,-1036.489765995152,W21243
323280,323481,1706.091148736327,-1036.489765995152,1774.1270397604533,-450.0620904220471,W21243
462208,462969,1774.1270397604533,-450.0620904220471,-298.30049519174673,-188.1288480866431,W21243
658464,665960,-298.30049519174673,-188.1288480866431,-493.3014109226975,113.54792354855924,W21243
693102,693634,-493.3014109226975,113.54792354855924,-757.2144788708657,-1761.398084774919,W21243
719330,720085,-757.2144788708657,-1761.398084774919,-2605.26842578739,-423.4568864618599,W21243
743663,744971,-2605.26842578739,-423.4568864618599,-117.15367456973772,-2177.897543422312,W21243
2480192,2485104,-1994.3215216154588,-3476.932805400522,-1994.3215216154588,-3476.932805400522,W21243
2486053,2490034,-1994.3215216154588,-3476.932805400522,-1994.3215216154588,-3476.932805400522,W21243
2562454,2565958,-1994.3215216154588,-3476.932805400522,-1994.3215216154588,-3476.932805400522,W21243
