started_at,ended_at,start_x,start_y,end_x,end_y,bike_id
743877,749233,3651.5096207492434,8314.40453465177,6119.287860138801,8648.917663941418,W21335
1432641,1433008,6119.287860138801,8648.917663941418,5894.2173889576,7562.111779997052,W21335
1443437,1443744,5894.2173889576,7562.111779997052,6370.563826839878,8013.84365309416,W21335
1583006,1583342,6370.563826839878,8013.84365309416,5894.2173889576,7562.111779997052,W21335
1616397,1616723,5894.2173889576,7562.111779997052,6370.563826839878,8013.84365309416,W21335
1670771,1671087,6370.563826839878,8013.84365309416,5894.2173889576,7562.111779997052,W21335
1708899,1709291,5894.2173889576,7562.111779997052,5487.914735052453,6321.797208768103,W21335
