started_at,ended_at,start_x,start_y,end_x,end_y,bike_id
48788,49769,2625.1536130326635,-1776.9827230781227,-117.15367456973772,-2177.897543422312,W21312
50720,51175,-117.15367456973772,-2177.897543422312,1108.854912819232,-2222.2581031636773,W21312
131760,144921,1108.854912819232,-2222.2581031636773,1908.8005800872415,-2173.611767889524,W21312
146697,147354,1908.8005800872415,-2173.611767889524,2500.732022251305,-159.2972672261112,W21312
193132,193884,2500.732022251305,-159.2972672261112,-82.14293697444242,-1351.7447350956706,W21312
1167286,1167646,-1923.405460375761,1762.9565486044485,-2172.0118915123644,2509.7946798534413,W21312
1779767,1787085,-219.1862779950825,754.4078127095321,-219.1862779950825,754.4078127095321,W21312
1793563,1794077,-219.1862779950825,754.4078127095321,1572.4295790921033,412.8815961838383,W21312
1863683,1865264,1572.4295790921033,412.8815961838383,-1351.952265455199,2402.817269788199,W21312
1875536,1876297,-1351.952265455199,2402.817269788199,-2259.436558225718,2967.9830459613117,W21312
2017219,2017676,-2259.436558225718,2967.9830459613117,-2524.594292383785,1823.5140002958813,W21312
2026903,2027312,-2524.594292383785,1823.5140002958813,-2604.841974791065,587.31822633261,W21312
2043461,2044569,-2604.841974791065,587.31822633261,1017.9191426354972,2436.9921552089254,W21312
2349848,2350471,1017.9191426354972,2436.9921552089254,-1553.745244797235,1509.7618356025214,W21312
2374145,2374642,-1687.4808070499614,3322.088291974309,-1687.4808070499614,3322.088291974309,W21312
2386146,2386781,-1687.4808070499614,3322.088291974309,-1553.745244797235,1509.7618356025214,W21312
2399543,2403560,-1553.745244797235,1509.7618356025214,-1553.745244797235,1509.7618356025214,W21312
2458665,2469860,-1553.745244797235,1509.7618356025214,-1369.0198339983065,1373.3405910290935,W21312
