started_at,ended_at,start_x,start_y,end_x,end_y,bike_id
51959,52394,1731.2087241706054,-162.91512968887474,1835.2706095118488,-1359.8153513599148,W21331
53487,55174,1835.2706095118488,-1359.8153513599148,3941.095644803859,-2583.2651175679807,W21331
929371,930907,3941.095644803859,-2583.2651175679807,935.5683550562323,-2444.89579320685,W21331
1185533,1186915,935.5683550562323,-2444.89579320685,4215.109312018323,-34.31086097147756,W21331
1187120,1187883,4215.109312018323,-34.31086097147756,4215.109312018323,-34.31086097147756,W21331
1188143,1189575,4215.109312018323,-34.31086097147756,903.3176669575872,-2156.246028065728,W21331
