started_at,ended_at,start_x,start_y,end_x,end_y,bike_id
119953,121409,-7683.373491055542,-4618.730198785064,-4636.804123772981,-486.6859904333901,W21340
128881,129292,-4636.804123772981,-486.6859904333901,-6255.215123105512,-1154.9330170971298,W21340
130154,130585,-6255.215123105512,-1154.9330170971298,-4636.804123772981,-486.6859904333901,W21340
144638,145327,-4636.804123772981,-486.6859904333901,-2301.331649052671,-1063.874201870104,W21340
146897,147606,-2301.331649052671,-1063.874201870104,-1917.270644437982,-168.09145598274966,W21340
157599,157920,-1917.270644437982,-168.09145598274966,-2296.9192411811423,-809.1210250386479,W21340
160357,160479,-2296.9192411811423,-809.1210250386479,-2296.9192411811423,-809.1210250386479,W21340
163124,164269,-2296.9192411811423,-809.1210250386479,-834.2552317649786,900.5694562238467,W21340
202577,203150,-834.2552317649786,900.5694562238467,-456.4230317783731,2112.497721972016,W21340
204995,205438,-456.4230317783731,2112.497721972016,-1022.594160382934,847.5816859929531,W21340
231505,232789,-1707.3762434280573,2795.772792713676,-2946.938203231537,814.4086701772632,W21340
246031,246721,-2946.938203231537,814.4086701772632,-377.2782335264637,866.3945708023293,W21340
287284,287442,-377.2782335264637,866.3945708023293,-834.2552317649786,900.5694562238467,W21340
288927,289083,-834.2552317649786,900.5694562238467,-377.2782335264637,866.3945708023293,W21340
289939,290698,-377.2782335264637,866.3945708023293,-1917.270644437982,-168.09145598274966,W21340
322163,322526,-1917.270644437982,-168.09145598274966,-1365.3326241855143,551.0282828562791,W21340
326566,326945,-1365.3326241855143,551.0282828562791,-290.2205511174567,510.9534986484922,W21340
338821,339255,-290.2205511174567,510.9534986484922,-32.05591394711978,-329.3924624181428,W21340
339418,340597,-32.05591394711978,-329.3924624181428,-799.8820989751116,2230.607016540563,W21340
