started_at,ended_at,start_x,start_y,end_x,end_y,bike_id
291853,292467,-6770.147537564179,-5284.663024410554,-7119.586938167765,-5071.90921686696,W21359
310399,310795,-7119.586938167765,-5071.90921686696,-5779.5648782604185,-6177.08271024016,W21359
664288,667149,-5779.5648782604185,-6177.08271024016,-5130.675245896174,-584.8692117427845,W21359
737793,738427,-5130.675245896174,-584.8692117427845,-7702.658475204281,-1866.3717556292968,W21359
749991,751667,-7702.658475204281,-1866.3717556292968,-11358.05766519392,-2195.7642180482303,W21359
2484307,2485983,-11358.05766519392,-2195.7642180482303,-13060.18523441288,-1377.6820259858337,W21359
