started_at,ended_at,start_x,start_y,end_x,end_y,bike_id
1783588,1783891,-490.1426245460887,1831.862913672767,-1369.0198339983065,1373.3405910290935,W21376
1784699,1785763,-1369.0198339983065,1373.3405910290935,380.2384601627839,455.8506703619942,W21376
1856030,1859721,380.2384601627839,455.8506703619942,-1051.840396051375,-834.0564463237743,W21376
2043573,2045356,-1051.840396051375,-834.0564463237743,912.5376302209072,-1263.1349344592616,W21376
2286050,2287054,912.5376302209072,-1263.1349344592616,-1051.840396051375,-834.0564463237743,W21376
2287124,2290833,-1051.840396051375,-834.0564463237743,-1051.840396051375,-834.0564463237743,W21376
2290880,2292139,-1051.840396051375,-834.0564463237743,912.5376302209072,-1263.1349344592616,W21376
2375403,2376151,912.5376302209072,-1263.1349344592616,933.1862516873412,-1937.9287301948511,W21376
2380666,2382272,933.1862516873412,-1937.9287301948511,933.1862516873412,-1937.9287301948511,W21376
2409236,2409419,933.1862516873412,-1937.9287301948511,912.5376302209072,-1263.1349344592616,W21376
