started_at,ended_at,start_x,start_y,end_x,end_y,bike_id
403403,405074,-2296.9192411811423,-809.1210250386479,-828.1189483765718,-1030.4785483633511,W21378
408925,409625,-828.1189483765718,-1030.4785483633511,903.488853408454,-2404.37573361852,W21378
2394658,2395563,903.488853408454,-2404.37573361852,1043.6506532373223,-3102.2310373795663,W21378
