started_at,ended_at,start_x,start_y,end_x,end_y,bike_id
32875,33519,-1713.5857184887172,1824.4045510561773,-2925.311977241168,1006.3223589937804,W21368
52160,54851,-2925.311977241168,1006.3223589937804,-2925.311977241168,1006.3223589937804,W21368
375192,375922,-1713.5857184887172,1824.4045510561773,-2287.4332348769594,449.3941773512319,W21368
394517,394915,-2287.4332348769594,449.3941773512319,-1553.745244797235,1509.7618356025214,W21368
404818,405387,-1553.745244797235,1509.7618356025214,-2594.876311980931,495.12537678995767,W21368
417152,417985,-2594.876311980931,495.12537678995767,-101.53103449587984,1825.183782970942,W21368
461635,462234,-101.53103449587984,1825.183782970942,-1574.715056457654,1019.791939240589,W21368
492395,492896,-1574.715056457654,1019.791939240589,-1557.3691014905978,2536.900818615751,W21368
506460,506839,-1557.3691014905978,2536.900818615751,-2417.219257666417,1540.3188585612754,W21368
555376,556079,-2417.219257666417,1540.3188585612754,-794.7691416991337,2685.45581729673,W21368
564416,565063,-794.7691416991337,2685.45581729673,-1923.405460375761,1762.9565486044485,W21368
567544,568265,-1923.405460375761,1762.9565486044485,98.47671969768471,1232.2751862723885,W21368
573239,574026,98.47671969768471,1232.2751862723885,-1923.405460375761,1762.9565486044485,W21368
588496,636787,-1923.405460375761,1762.9565486044485,1271.019755402809,-1678.4655452337165,W21368
650485,650722,1271.019755402809,-1678.4655452337165,1835.2706095118488,-1359.8153513599148,W21368
674009,674374,-2434.4542367719587,2130.308737174774,-2104.020490588656,3097.446862721063,W21368
720938,721165,-2104.020490588656,3097.446862721063,-2906.0520040511774,3041.230845985579,W21368
1321536,1322078,-1620.0792206913457,3013.067178195072,-1592.754378936063,822.8132429757283,W21368
1336699,1337198,-1592.754378936063,822.8132429757283,-1557.3691014905978,2536.900818615751,W21368
1364944,1365335,-1557.3691014905978,2536.900818615751,-1553.745244797235,1509.7618356025214,W21368
1436130,1453195,-1553.745244797235,1509.7618356025214,-1380.3033083701418,-858.2682951157151,W21368
1471577,1472534,-1380.3033083701418,-858.2682951157151,1157.659916597574,-143.71262892290716,W21368
1612964,1618054,1157.659916597574,-143.71262892290716,1399.084123210781,-702.1992743957761,W21368
1620872,1621307,1399.084123210781,-702.1992743957761,2873.9839282869875,-707.4312601120213,W21368
1785312,1786172,-2194.4774136437,1670.339269546311,-4079.334235838357,1361.0955180768024,W21368
