started_at,ended_at,start_x,start_y,end_x,end_y,bike_id
136022,136596,-1687.4808070499614,3322.088291974309,-1369.0198339983065,1373.3405910290935,W21361
142164,143030,-1369.0198339983065,1373.3405910290935,-494.03119251583706,2141.440621677288,W21361
147502,148042,-494.03119251583706,2141.440621677288,666.9437976964771,1810.1557388930216,W21361
291544,292451,666.9437976964771,1810.1557388930216,1259.9606745071096,-989.0679380163066,W21361
294393,295454,1259.9606745071096,-989.0679380163066,-1462.7862234637655,22.472351936458256,W21361
722558,722761,1731.2087241706054,-162.91512968887474,1002.1298273174614,77.58923497942598,W21361
722872,723819,1002.1298273174614,77.58923497942598,-842.3452252522125,683.1637518961281,W21361
755232,756190,-842.3452252522125,683.1637518961281,-3697.8467852525214,668.4251368154823,W21361
