started_at,ended_at,start_x,start_y,end_x,end_y,bike_id
34835,36402,-824.2637352862973,-1329.162363396306,-1812.32704114666,-1830.5270875335093,W21311
36428,38082,-1812.32704114666,-1830.5270875335093,-2853.533219035006,-891.6639486224678,W21311
43743,47011,-2853.533219035006,-891.6639486224678,-824.4664002727116,-360.1164636447984,W21311
319206,319759,-757.2144788708657,-1761.398084774919,1271.019755402809,-1678.4655452337165,W21311
326628,327113,1271.019755402809,-1678.4655452337165,2167.9162261026786,-1152.7066401975758,W21311
335909,336797,2167.9162261026786,-1152.7066401975758,1002.1298273174614,77.58923497942598,W21311
368169,368776,1002.1298273174614,77.58923497942598,-802.7521471361426,-996.414981787365,W21311
389095,389799,-802.7521471361426,-996.414981787365,-424.0757252336529,713.6651154317209,W21311
391734,393120,-424.0757252336529,713.6651154317209,-1891.2395552395976,-909.029688445473,W21311
396150,399403,-1891.2395552395976,-909.029688445473,-1051.840396051375,-834.0564463237743,W21311
403676,405756,-1051.840396051375,-834.0564463237743,-1380.3033083701418,-858.2682951157151,W21311
1507202,1508065,-1891.2395552395976,-909.029688445473,-117.15367456973772,-2177.897543422312,W21311
1514770,1515456,-117.15367456973772,-2177.897543422312,-117.15367456973772,-2177.897543422312,W21311
1517448,1518568,-117.15367456973772,-2177.897543422312,-1386.3722255965383,1072.7797094714829,W21311
