started_at,ended_at,start_x,start_y,end_x,end_y,bike_id
228145,229546,949.0927421968316,1050.348962199343,3941.095644803859,-2583.2651175679807,W21326
929169,930910,3941.095644803859,-2583.2651175679807,935.5683550562323,-2444.89579320685,W21326
1173519,1175168,935.5683550562323,-2444.89579320685,1221.5108251699423,-2365.859413241053,W21326
1175181,1175952,1221.5108251699423,-2365.859413241053,1731.2087241706054,-162.91512968887474,W21326
1250012,1250653,1731.2087241706054,-162.91512968887474,-493.3014109226975,113.54792354855924,W21326
1282358,1282868,-493.3014109226975,113.54792354855924,-454.372404106747,-1426.328361259987,W21326
1345528,1349356,-454.372404106747,-1426.328361259987,-1812.32704114666,-1830.5270875335093,W21326
1452187,1452756,-1812.32704114666,-1830.5270875335093,-757.2144788708657,-1761.398084774919,W21326
