started_at,ended_at,start_x,start_y,end_x,end_y,bike_id
1172506,1179223,-6698.541964152417,10333.617064496417,-2053.4663687098687,-1523.9549883433065,W21396
1180991,1182021,-2053.4663687098687,-1523.9549883433065,-2053.08590707705,-595.6671397094958,W21396
1182145,1183400,-2053.08590707705,-595.6671397094958,-828.1189483765718,-1030.4785483633511,W21396
1186099,1187456,-828.1189483765718,-1030.4785483633511,1554.255559250921,-94.62101826821,W21396
1330464,1332443,1554.255559250921,-94.62101826821,-1617.3824598979872,208.1662401897456,W21396
1612617,1613587,-80.1058961165534,3374.191707505921,-810.2158349534978,3422.163933649827,W21396
1706003,1707500,-810.2158349534978,3422.163933649827,-1339.0478585909025,-1081.2399416931091,W21396
1721697,1723637,-1339.0478585909025,-1081.2399416931091,-897.9286217198713,-619.6006913895858,W21396
2320055,2321927,-1135.4390937110154,3149.8780387266734,-242.71491869602204,2513.245564049094,W21396
