started_at,ended_at,start_x,start_y,end_x,end_y,bike_id
408770,409412,-1894.076513983168,-1322.3565600090635,-3499.2995900004858,-986.6189234248992,W21300
1007732,1008279,-4079.6854592920495,-1361.0955180768024,-2925.498184966575,-1006.3223589937804,W21300
1013083,1013354,-2925.498184966575,-1006.3223589937804,-2808.2773936322506,-513.9591074636016,W21300
1095180,1096283,-2808.2773936322506,-513.9591074636016,-2172.35676658326,-2509.7946798534413,W21300
1099099,1110447,-2172.35676658326,-2509.7946798534413,-2172.35676658326,-2509.7946798534413,W21300
