started_at,ended_at,start_x,start_y,end_x,end_y,bike_id
892545,893801,-3658.657425883153,5493.139726428475,-1617.3824598979872,208.1662401897456,W21315
929831,930291,-1617.3824598979872,208.1662401897456,-816.9135259411414,1201.1303377814577,W21315
981027,981589,-816.9135259411414,1201.1303377814577,-1617.3824598979872,208.1662401897456,W21315
999995,1001619,-1617.3824598979872,208.1662401897456,2601.443031220058,-181.449717384818,W21315
1003197,1003560,2601.443031220058,-181.449717384818,3426.1166896475306,-879.6415133596573,W21315
1020796,1020895,3426.1166896475306,-879.6415133596573,3405.125056407562,-1167.734684274705,W21315
1059312,1060189,3405.125056407562,-1167.734684274705,470.0445168883398,-1523.9549883433065,W21315
1097018,1097185,470.0445168883398,-1523.9549883433065,486.9182756857461,-814.3530107541019,W21315
1099841,1101825,486.9182756857461,-814.3530107541019,486.9182756857461,-814.3530107541019,W21315
1101870,1102812,486.9182756857461,-814.3530107541019,-602.2815962612653,275.29150373826326,W21315
1259603,1261481,450.54568352641655,1652.973529723306,-2373.1758978806724,834.1121057461444,W21315
1327398,1327783,-17650.42623260618,3310.622450937573,-16695.78769093183,3416.59799139857,W21315
2550297,2553801,-16695.78769093183,3416.59799139857,-16695.78769093183,3416.59799139857,W21315
