started_at,ended_at,start_x,start_y,end_x,end_y,bike_id
119143,119672,-3499.0812210478525,986.6189234248992,-2013.015909685712,225.7907524544684,W21440
148031,148590,-2013.015909685712,225.7907524544684,-2524.594292383785,1823.5140002958813,W21440
158582,159609,-2524.594292383785,1823.5140002958813,-2808.1861045329406,513.9591074636016,W21440
203928,205805,-2808.1861045329406,513.9591074636016,-117.15367456973772,-2177.897543422312,W21440
232567,233381,-117.15367456973772,-2177.897543422312,-570.845296965312,382.6028703385173,W21440
235240,235424,-570.845296965312,382.6028703385173,-843.6894071192287,220.42732905849545,W21440
236146,237211,-843.6894071192287,220.42732905849545,1731.2087241706054,-162.91512968887474,W21440
285955,287884,1731.2087241706054,-162.91512968887474,-1917.467610232194,723.2385361039151,W21440
747484,749603,-65.24421585664805,-642.142757506466,-117.15367456973772,-2177.897543422312,W21440
755298,756202,-117.15367456973772,-2177.897543422312,-1812.32704114666,-1830.5270875335093,W21440
759644,760776,-1812.32704114666,-1830.5270875335093,-493.3014109226975,113.54792354855924,W21440
762248,762496,-493.3014109226975,113.54792354855924,-219.1862779950825,754.4078127095321,W21440
768208,769068,-219.1862779950825,754.4078127095321,-1923.405460375761,1762.9565486044485,W21440
806731,807041,-1923.405460375761,1762.9565486044485,-1890.7937293864395,645.4266634342174,W21440
829651,830446,-1890.7937293864395,645.4266634342174,-2089.6479554302955,2393.132530270474,W21440
835325,835995,-2089.6479554302955,2393.132530270474,-2925.311977241168,1006.3223589937804,W21440
