started_at,ended_at,start_x,start_y,end_x,end_y,bike_id
202761,202997,2650.849940290102,3121.0464578661404,1786.5523687045445,2718.294876578199,W21479
233514,234112,1786.5523687045445,2718.294876578199,3255.23444904906,3432.182629700983,W21479
2384716,2385536,-82.13591533098672,-1351.7447350956706,949.1557991213356,1050.348962199343,W21479
