started_at,ended_at,start_x,start_y,end_x,end_y,bike_id
115988,116655,357.95233295209937,1378.1273013647951,-1881.431886693912,2146.116013168249,W21413
116681,117058,-1881.431886693912,2146.116013168249,-1553.745244797235,1509.7618356025214,W21413
117230,117762,-1553.745244797235,1509.7618356025214,-2169.5321645165045,380.3764934373816,W21413
150961,151420,-2169.5321645165045,380.3764934373816,-907.7828902857132,177.44223896388112,W21413
151825,152950,-907.7828902857132,177.44223896388112,-1553.745244797235,1509.7618356025214,W21413
156050,156403,-1553.745244797235,1509.7618356025214,-1555.445981478385,542.4818752125246,W21413
159103,159335,-1555.445981478385,542.4818752125246,-1553.745244797235,1509.7618356025214,W21413
164504,165365,-1553.745244797235,1509.7618356025214,-2892.405826201766,-17.69969635880834,W21413
213525,213745,-2892.405826201766,-17.69969635880834,-2594.876311980931,495.12537678995767,W21413
239578,240287,-2594.876311980931,495.12537678995767,-1386.3722255965383,1072.7797094714829,W21413
244714,245417,-1386.3722255965383,1072.7797094714829,259.6198942404481,1818.615971114648,W21413
251270,251901,259.6198942404481,1818.615971114648,1002.1298273174614,77.58923497942598,W21413
335295,335410,1002.1298273174614,77.58923497942598,1002.1298273174614,77.58923497942598,W21413
369955,370675,1002.1298273174614,77.58923497942598,-2170.059593926037,-306.3494614999309,W21413
391808,394122,-2170.059593926037,-306.3494614999309,-2853.533219035006,-891.6639486224678,W21413
