started_at,ended_at,start_x,start_y,end_x,end_y,bike_id
201204,201553,2175.7585113241184,414.1061034791464,1002.1298273174614,77.58923497942598,W21471
201859,202424,1002.1298273174614,77.58923497942598,-82.14293697444242,-1351.7447350956706,W21471
206394,206682,-82.14293697444242,-1351.7447350956706,-117.15367456973772,-2177.897543422312,W21471
207243,207411,-117.15367456973772,-2177.897543422312,-568.1726241532793,-1955.7830855160428,W21471
996018,996211,-2853.533219035006,-891.6639486224678,-2853.533219035006,-891.6639486224678,W21471
996618,999284,-2853.533219035006,-891.6639486224678,-1462.7862234637655,22.472351936458256,W21471
1013295,1014286,-1462.7862234637655,22.472351936458256,-2172.0118915123644,2509.7946798534413,W21471
1095028,1095794,-2172.0118915123644,2509.7946798534413,-2808.1861045329406,513.9591074636016,W21471
1342719,1343121,-2808.1861045329406,513.9591074636016,-3262.531070247399,360.3391013342791,W21471
2138593,2139293,-3262.531070247399,360.3391013342791,-1450.099395056315,-447.3904381419498,W21471
2187378,2187957,-1450.099395056315,-447.3904381419498,-424.0757252336529,713.6651154317209,W21471
2188009,2188133,-424.0757252336529,713.6651154317209,-500.12939426980034,1054.6347377329218,W21471
2228969,2229097,-500.12939426980034,1054.6347377329218,-424.0757252336529,713.6651154317209,W21471
2229259,2229802,-424.0757252336529,713.6651154317209,-1051.840396051375,-834.0564463237743,W21471
2278296,2279268,-1051.840396051375,-834.0564463237743,-500.12939426980034,1054.6347377329218,W21471
2305815,2306572,-500.12939426980034,1054.6347377329218,-1553.745244797235,1509.7618356025214,W21471
