started_at,ended_at,start_x,start_y,end_x,end_y,bike_id
58604,61841,-1993.883130108986,3476.932805400522,-1993.883130108986,3476.932805400522,W21461
123648,125012,-1993.883130108986,3476.932805400522,-1993.883130108986,3476.932805400522,W21461
