started_at,ended_at,start_x,start_y,end_x,end_y,bike_id
710000,710941,-1994.3215216154588,-3476.932805400522,-757.2144788708657,-1761.398084774919,W21444
757432,758749,-757.2144788708657,-1761.398084774919,-1553.745244797235,1509.7618356025214,W21444
806473,806721,-1553.745244797235,1509.7618356025214,-922.0093029382764,1354.416387375768,W21444
807614,807813,-922.0093029382764,1354.416387375768,-985.2325967772824,233.88089338963675,W21444
807862,807994,-985.2325967772824,233.88089338963675,-1367.2120777705156,238.8902414156101,W21444
842826,843418,-1367.2120777705156,238.8902414156101,-2646.5254975806206,1031.0908020110053,W21444
844285,844552,-2646.5254975806206,1031.0908020110053,-2808.1861045329406,513.9591074636016,W21444
1880744,1882360,-2417.219257666417,1540.3188585612754,-2417.219257666417,1540.3188585612754,W21444
