started_at,ended_at,start_x,start_y,end_x,end_y,bike_id
227832,229143,2131.053938378371,-542.7906883249245,-2250.9703201658835,124.14651452321117,W21456
314308,315313,-2250.9703201658835,124.14651452321117,2283.334914585575,-335.1253829365107,W21456
334629,334856,2283.334914585575,-335.1253829365107,2258.2481205983354,-1208.700019242788,W21456
335507,335798,2258.2481205983354,-1208.700019242788,3177.326435678709,-1949.1929763257588,W21456
377793,377949,1823.2038828180252,-1850.6757984813523,1464.7111583213482,-1435.3451877068974,W21456
488976,490328,1464.7111583213482,-1435.3451877068974,-910.6317190044888,-149.73790131117772,W21456
569051,570358,-910.6317190044888,-149.73790131117772,58.83935351161514,-58.66232969907673,W21456
575534,576701,58.83935351161514,-58.66232969907673,3052.8497049862785,-331.5075204737472,W21456
583416,583905,3052.8497049862785,-331.5075204737472,3465.1952295782785,289.7629535908995,W21456
1171552,1172736,3465.1952295782785,289.7629535908995,2387.4374655296765,-1532.0256046075506,W21456
1278156,1278565,2387.4374655296765,-1532.0256046075506,1823.2038828180252,-1850.6757984813523,W21456
