started_at,ended_at,start_x,start_y,end_x,end_y,bike_id
2226776,2228750,-2905.2249660668067,3418.601730609433,-2905.2249660668067,3418.601730609433,W21432
2480517,2493249,-2905.2249660668067,3418.601730609433,-2905.2249660668067,3418.601730609433,W21432
