started_at,ended_at,start_x,start_y,end_x,end_y,bike_id
55707,56817,3193.6869502417144,171.98761555736422,1365.6807727435448,-2172.053304059203,W21405
198281,198728,2500.732022251305,-159.2972672261112,1835.2706095118488,-1359.8153513599148,W21405
229683,230376,1835.2706095118488,-1359.8153513599148,2049.325672781144,-9.239464137182011,W21405
304658,306508,2049.325672781144,-9.239464137182011,1706.091148736327,-1036.489765995152,W21405
309329,310766,1706.091148736327,-1036.489765995152,935.5683550562323,-2444.89579320685,W21405
718834,719191,1399.084123210781,-702.1992743957761,1002.1298273174614,77.58923497942598,W21405
721175,721976,1002.1298273174614,77.58923497942598,-1320.292999174232,823.2028589331105,W21405
727909,729090,-1320.292999174232,823.2028589331105,-2905.8530181229416,-3418.601730609433,W21405
1704186,1705282,-1360.182448193738,3399.343570419514,-493.3014109226975,113.54792354855924,W21405
1777340,1778547,-493.3014109226975,113.54792354855924,-4214.829945059849,1013.5580839200984,W21405
