started_at,ended_at,start_x,start_y,end_x,end_y,bike_id
211422,212638,-794.9041712895468,2685.45581729673,-2594.957575458331,495.12537678995767,W21417
377296,378479,-1687.835498630181,3322.088291974309,-843.7011695816313,220.42732905849545,W21417
815772,815967,-1333.3573997784088,2761.931863826379,-814.6575640637428,2330.682658213708,W21417
828982,829162,-814.6575640637428,2330.682658213708,-1352.1577779900822,2402.817269788199,W21417
