started_at,ended_at,start_x,start_y,end_x,end_y,bike_id
201204,201553,2727.859706664396,241.8958502315105,1554.255559250921,-94.62101826821,W21471
201859,202424,1554.255559250921,-94.62101826821,470.0445168883398,-1523.9549883433065,W21471
206394,206682,470.0445168883398,-1523.9549883433065,435.06300640745945,-2350.107796669948,W21471
207243,207411,435.06300640745945,-2350.107796669948,-15.958787378240622,-2127.9933387636784,W21471
926429,927576,-8139.9694169130735,-1546.1074385028046,-4282.93758484372,-357.3334925191697,W21471
988056,989373,-4282.93758484372,-357.3334925191697,-2301.331649052671,-1063.874201870104,W21471
996018,996211,-2301.331649052671,-1063.874201870104,-2301.331649052671,-1063.874201870104,W21471
996618,999284,-2301.331649052671,-1063.874201870104,-910.6317190044888,-149.73790131117772,W21471
1013295,1014286,-910.6317190044888,-149.73790131117772,-1619.9365259724264,2337.5844266058048,W21471
1095028,1095794,-1619.9365259724264,2337.5844266058048,-2256.0341078902416,341.74885421596565,W21471
1342719,1343121,-2256.0341078902416,341.74885421596565,-2710.368760450222,188.1288480866431,W21471
2138593,2139293,-2710.368760450222,188.1288480866431,-897.9286217198713,-619.6006913895858,W21471
2187378,2187957,-897.9286217198713,-619.6006913895858,128.0433274469788,541.454862184085,W21471
2188009,2188133,128.0433274469788,541.454862184085,51.97857877547188,882.4244844852859,W21471
2228969,2229097,51.97857877547188,882.4244844852859,128.0433274469788,541.454862184085,W21471
2229259,2229802,128.0433274469788,541.454862184085,-499.66045855245335,-1006.2666995714102,W21471
2278296,2279268,-499.66045855245335,-1006.2666995714102,51.97857877547188,882.4244844852859,W21471
2305815,2306572,51.97857877547188,882.4244844852859,-1001.6416887046756,1337.5515823548856,W21471
