started_at,ended_at,start_x,start_y,end_x,end_y,bike_id
1251332,1251593,-5632.583312024215,-3527.694198729489,-5750.385268965106,-2677.774816990659,W21445
