started_at,ended_at,start_x,start_y,end_x,end_y,bike_id
408522,408942,-10728.366846599922,20768.64559680681,-10254.117713944914,19872.75153207472,W21466
