started_at,ended_at,start_x,start_y,end_x,end_y,bike_id
54634,54873,-1551.966391370401,2925.236609473427,-2145.3251794658845,2826.719431629812,W21415
64039,64643,-2145.3251794658845,2826.719431629812,-1135.4390937110154,3149.8780387266734,W21415
117618,119105,-1135.4390937110154,3149.8780387266734,-2340.23434777719,-189.90994960644437,W21415
151221,152113,-2340.23434777719,-189.90994960644437,-781.0670346867206,2589.721610578743,W21415
156742,157203,-781.0670346867206,2589.721610578743,60.22239463894543,1824.9788855982576,W21415
286480,286919,60.22239463894543,1824.9788855982576,-834.2552317649786,900.5694562238467,W21415
289561,290153,-834.2552317649786,900.5694562238467,-1928.381569337254,-343.75259342603863,W21415
752739,753938,-1928.381569337254,-343.75259342603863,-1707.3762434280573,2795.772792713676,W21415
760152,760729,-1707.3762434280573,2795.772792713676,-2094.393320151142,858.8805487633692,W21415
761755,762804,-2094.393320151142,858.8805487633692,-3269.3464976190467,557.7074135573132,W21415
888051,889375,-850.2844639197657,4073.713133559794,775.6805476381545,-616.1498071939328,W21415
1101927,1103188,775.6805476381545,-616.1498071939328,-290.2205511174567,510.9534986484922,W21415
1185297,1185764,-290.2205511174567,510.9534986484922,-816.9135259411414,1201.1303377814577,W21415
1239026,1239368,-810.2158349534978,3422.163933649827,-799.8820989751116,2230.607016540563,W21415
1274467,1275101,-799.8820989751116,2230.607016540563,-808.1470002565214,3227.133317171877,W21415
1726269,1727160,-4457.1915994264655,1647.9416224841314,-1341.804285739922,1150.146306761428,W21415
1774480,1775408,-1341.804285739922,1150.146306761428,-3874.94773152752,655.3724484528836,W21415
1791444,1793206,-3874.94773152752,655.3724484528836,435.06300640745945,-2350.107796669948,W21415
1794406,1801023,435.06300640745945,-2350.107796669948,435.06300640745945,-2350.107796669948,W21415
1868460,1868868,435.06300640745945,-2350.107796669948,1455.5224809928118,-2328.4562813133634,W21415
2573570,2575115,871.3991980230749,5987.395398323987,264.6385109299633,6539.51169609528,W21415
