started_at,ended_at,start_x,start_y,end_x,end_y,bike_id
1500756,1501846,-6118.350248799631,-1455.6052175002717,-1696.4355896883285,660.2571677337631,W21484
1518036,1518267,-1696.4355896883285,660.2571677337631,-1865.1073615998864,1368.1086053136396,W21484
