started_at,ended_at,start_x,start_y,end_x,end_y,bike_id
237306,237784,-2594.876311980931,495.12537678995767,-2524.594292383785,1823.5140002958813,W21462
289470,290133,-2524.594292383785,1823.5140002958813,-2013.015909685712,225.7907524544684,W21462
290390,290652,-2013.015909685712,225.7907524544684,-2604.841974791065,587.31822633261,W21462
977012,977726,-2434.4542367719587,2130.308737174774,-1386.3722255965383,1072.7797094714829,W21462
980766,980998,-1386.3722255965383,1072.7797094714829,-1917.467610232194,723.2385361039151,W21462
1006473,1007660,-1687.4808070499614,3322.088291974309,-2190.235672060508,980.0441292680304,W21462
1104456,1105061,-1687.4808070499614,3322.088291974309,-494.03119251583706,2141.440621677288,W21462
1171018,1171482,-493.99848393693776,3187.837764878856,364.51883299847503,2132.201157540106,W21462
1187727,1188254,364.51883299847503,2132.201157540106,-500.12939426980034,1054.6347377329218,W21462
1329942,1330837,-500.12939426980034,1054.6347377329218,-1460.4283175020964,308.2610377861307,W21462
1427766,1428424,-1460.4283175020964,308.2610377861307,-1890.7937293864395,645.4266634342174,W21462
1780799,1781547,1017.9191426354972,2436.9921552089254,-219.1862779950825,754.4078127095321,W21462
1782076,1782322,-219.1862779950825,754.4078127095321,-543.4342390331508,1377.793344829783,W21462
1782781,1783063,-543.4342390331508,1377.793344829783,42.554840611112105,683.8074999788248,W21462
1787532,1789650,42.554840611112105,683.8074999788248,-1380.3033083701418,-858.2682951157151,W21462
1791062,1792491,-1380.3033083701418,-858.2682951157151,-188.8673402319529,519.5250497148589,W21462
1793014,1794901,-188.8673402319529,519.5250497148589,2167.9162261026786,-1152.7066401975758,W21462
