started_at,ended_at,start_x,start_y,end_x,end_y,bike_id
1880433,1881445,-5633.693925017277,-6403.839197549009,-5633.693925017277,-6403.839197549009,W21555
2477771,2479532,-5633.693925017277,-6403.839197549009,-1442.0390538905754,-3649.143058648157,W21555
2480301,2481647,-1442.0390538905754,-3649.143058648157,-3501.469604136133,-4292.009388647019,W21555
2562828,2564289,-3501.469604136133,-4292.009388647019,-3501.469604136133,-4292.009388647019,W21555
