started_at,ended_at,start_x,start_y,end_x,end_y,bike_id
840116,840630,-1923.405460375761,1762.9565486044485,-1881.431886693912,2146.116013168249,W21584
863470,863763,-1881.431886693912,2146.116013168249,-814.5374629822909,2330.682658213708,W21584
893756,894566,-814.5374629822909,2330.682658213708,-2013.015909685712,225.7907524544684,W21584
918624,918866,-2013.015909685712,225.7907524544684,-2451.030497734943,814.965264401756,W21584
919182,919371,-2451.030497734943,814.965264401756,-2287.4332348769594,449.3941773512319,W21584
920900,921129,-2287.4332348769594,449.3941773512319,-2348.210150806419,-441.1565828206682,W21584
1018146,1019394,-2348.210150806419,-441.1565828206682,2500.732022251305,-159.2972672261112,W21584
1155461,1155989,2500.732022251305,-159.2972672261112,1567.3781020660113,742.3616437789719,W21584
1182781,1183658,1567.3781020660113,742.3616437789719,1365.6807727435448,-2172.053304059203,W21584
1256601,1257634,1578.918836795151,-370.5804350772885,-1380.3033083701418,-858.2682951157151,W21584
1260194,1260960,-1380.3033083701418,-858.2682951157151,-117.15367456973772,-2177.897543422312,W21584
1261147,1261549,-117.15367456973772,-2177.897543422312,1221.5108251699423,-2365.859413241053,W21584
1295798,1298821,1221.5108251699423,-2365.859413241053,1221.5108251699423,-2365.859413241053,W21584
1359798,1360681,1221.5108251699423,-2365.859413241053,1260.3648729942292,461.861887993795,W21584
