started_at,ended_at,start_x,start_y,end_x,end_y,bike_id
379355,379568,-7482.5509300084195,16830.296178793044,-7991.512959464968,17001.615881281174,W21509
1021932,1022082,-7991.512959464968,17001.615881281174,-7788.995750945807,16666.657476611777,W21509
1069480,1069673,-7788.995750945807,16666.657476611777,-7843.760145057529,16181.307312318431,W21509
2328830,2330420,-7843.760145057529,16181.307312318431,-7843.760145057529,16181.307312318431,W21509
2559100,2563172,-7843.760145057529,16181.307312318431,-7843.760145057529,16181.307312318431,W21509
