started_at,ended_at,start_x,start_y,end_x,end_y,bike_id
845306,847406,-1994.3215216154588,-3476.932805400522,-1994.3215216154588,-3476.932805400522,W21595
1003799,1005504,-1994.3215216154588,-3476.932805400522,-1812.32704114666,-1830.5270875335093,W21595
1169735,1170654,-1812.32704114666,-1830.5270875335093,-1994.3215216154588,-3476.932805400522,W21595
1277629,1279523,-1994.3215216154588,-3476.932805400522,-3262.531070247399,360.3391013342791,W21595
2140395,2143956,-1386.3722255965383,1072.7797094714829,-1450.099395056315,-447.3904381419498,W21595
