started_at,ended_at,start_x,start_y,end_x,end_y,bike_id
306333,306670,357.9835377213828,-1378.1273013647951,422.87516574033486,-94.06442404292608,W21586
489140,489917,-2417.454784827981,-1540.3188585612754,-919.6624414465116,-3269.7684348142307,W21586
491836,492739,-919.6624414465116,-3269.7684348142307,-493.3049536406412,-113.54792354855924,W21586
497786,498451,-493.3049536406412,-113.54792354855924,-2808.2773936322506,-513.9591074636016,W21586
503453,504075,-2808.2773936322506,-513.9591074636016,-2417.454784827981,-1540.3188585612754,W21586
510542,510825,-2417.454784827981,-1540.3188585612754,-1386.4663022827554,-1072.7797094714829,W21586
557025,559237,-1386.4663022827554,-1072.7797094714829,1705.97931922735,1036.489765995152,W21586
569542,570200,1705.97931922735,1036.489765995152,935.4237256342964,2444.89579320685,W21586
