started_at,ended_at,start_x,start_y,end_x,end_y,bike_id
135066,135219,-1923.405460375761,1762.9565486044485,-1553.745244797235,1509.7618356025214,W21516
204069,204775,-1553.745244797235,1509.7618356025214,-1309.9813548408183,-194.6966599429369,W21516
288150,289283,-1375.3554708776364,3230.58420136674,-1380.3033083701418,-858.2682951157151,W21516
324190,325090,-1380.3033083701418,-858.2682951157151,1845.807450034228,-698.5257525098514,W21516
373349,373480,1845.807450034228,-698.5257525098514,1399.084123210781,-702.1992743957761,W21516
379323,380255,1399.084123210781,-702.1992743957761,-65.24421585664805,-642.142757506466,W21516
659411,661091,-65.24421585664805,-642.142757506466,-2849.1118684293083,-636.9107717910118,W21516
