started_at,ended_at,start_x,start_y,end_x,end_y,bike_id
322134,322854,-4214.829945059849,1013.5580839200984,-2604.841974791065,587.31822633261,W21511
323171,323948,-2604.841974791065,587.31822633261,-1557.3691014905978,2536.900818615751,W21511
373115,373738,-1557.3691014905978,2536.900818615751,-2190.235672060508,980.0441292680304,W21511
490658,490979,-2190.235672060508,980.0441292680304,-2311.895100954131,239.22419795062223,W21511
644685,644914,-2311.895100954131,239.22419795062223,-2808.1861045329406,513.9591074636016,W21511
650174,650515,-2808.1861045329406,513.9591074636016,-2417.219257666417,1540.3188585612754,W21511
650951,655563,-2417.219257666417,1540.3188585612754,-188.8673402319529,519.5250497148589,W21511
668023,668918,-188.8673402319529,519.5250497148589,933.1862516873412,-1937.9287301948511,W21511
672639,673766,933.1862516873412,-1937.9287301948511,-1555.445981478385,542.4818752125246,W21511
681971,682228,-1555.445981478385,542.4818752125246,-1553.745244797235,1509.7618356025214,W21511
682406,682713,-1553.745244797235,1509.7618356025214,-2194.4774136437,1670.339269546311,W21511
719443,720239,-2194.4774136437,1670.339269546311,-1460.4283175020964,308.2610377861307,W21511
731480,732022,259.6198942404481,1818.615971114648,259.6198942404481,1818.615971114648,W21511
732237,733843,259.6198942404481,1818.615971114648,-65.24421585664805,-642.142757506466,W21511
742505,742849,-65.24421585664805,-642.142757506466,-65.24421585664805,-642.142757506466,W21511
743471,745081,-65.24421585664805,-642.142757506466,-1380.3033083701418,-858.2682951157151,W21511
746589,750715,-1380.3033083701418,-858.2682951157151,491.4143385422106,-2930.0207841319307,W21511
1874453,1875714,-3697.8467852525214,668.4251368154823,-568.1726241532793,-1955.7830855160428,W21511
1875736,1876317,-568.1726241532793,-1955.7830855160428,491.4143385422106,-2930.0207841319307,W21511
2490652,2491958,491.4143385422106,-2930.0207841319307,-424.0757252336529,713.6651154317209,W21511
2652054,2652561,-246.9191299668783,106.75477237497007,-1553.745244797235,1509.7618356025214,W21511
