started_at,ended_at,start_x,start_y,end_x,end_y,bike_id
247332,248200,-7702.658475204281,-1866.3717556292968,-5750.385268965106,-2677.774816990659,W21522
294705,295224,-5750.385268965106,-2677.774816990659,-6118.350248799631,-1455.6052175002717,W21522
295750,296185,-6118.350248799631,-1455.6052175002717,-5750.385268965106,-2677.774816990659,W21522
317541,318068,-5750.385268965106,-2677.774816990659,-5522.586174710388,-3933.117432297528,W21522
379160,380227,-5522.586174710388,-3933.117432297528,-7353.455771294271,-2384.1157038243546,W21522
381083,381319,-7353.455771294271,-2384.1157038243546,-6955.684337452492,-1672.2316899124346,W21522
495905,497029,-6955.684337452492,-1672.2316899124346,-10349.243394335324,-1309.332255142008,W21522
