started_at,ended_at,start_x,start_y,end_x,end_y,bike_id
35266,35587,-1881.6873246556,-2146.116013168249,-2019.097921527496,-1083.449620274128,W21546
36513,36967,-2019.097921527496,-1083.449620274128,-1557.6190541540952,-2536.900818615751,W21546
112885,113821,-1557.6190541540952,-2536.900818615751,-219.1967371281292,-754.4078127095321,W21546
129818,130142,-219.1967371281292,-754.4078127095321,-570.8591111335667,-382.6028703385173,W21546
