started_at,ended_at,start_x,start_y,end_x,end_y,bike_id
10183,11033,-1001.6416887046756,1337.5515823548856,-2340.23434777719,-189.90994960644437,W21577
53301,59927,-2340.23434777719,-189.90994960644437,-2340.23434777719,-189.90994960644437,W21577
673659,674178,-2340.23434777719,-189.90994960644437,-3449.6932796672977,661.2339394276931,W21577
678780,679769,-3449.6932796672977,661.2339394276931,8.662919362128497,1205.5830915821473,W21577
686255,686489,8.662919362128497,1205.5830915821473,-816.9135259411414,1201.1303377814577,W21577
687144,687371,-816.9135259411414,1201.1303377814577,8.662919362128497,1205.5830915821473,W21577
717667,718097,8.662919362128497,1205.5830915821473,-1466.8360433646835,911.2393670264918,W21577
719691,719861,-1466.8360433646835,911.2393670264918,-1022.594160382934,847.5816859929531,W21577
724777,725748,-1022.594160382934,847.5816859929531,-1022.594160382934,847.5816859929531,W21577
739141,740159,-1022.594160382934,847.5816859929531,-1040.6264073723517,650.6029897280923,W21577
748579,749401,-1040.6264073723517,650.6029897280923,-3527.1979733126504,1188.885264829166,W21577
847713,848550,-3527.1979733126504,1188.885264829166,-4712.24978943207,2765.048791487811,W21577
896119,897192,-4712.24978943207,2765.048791487811,-1898.892902655899,642.7550111541201,W21577
944981,945475,-1898.892902655899,642.7550111541201,128.0433274469788,541.454862184085,W21577
1020419,1021363,128.0433274469788,541.454862184085,1812.4743714305184,289.6516347461591,W21577
1112479,1113073,1812.4743714305184,289.6516347461591,1672.7348669763114,1885.8586109881687,W21577
1268892,1270433,1672.7348669763114,1885.8586109881687,3177.326435678709,-1949.1929763257588,W21577
1274568,1276323,3177.326435678709,-1949.1929763257588,5436.444927875664,-140.9296577972785,W21577
1674078,1676450,5436.444927875664,-140.9296577972785,5436.444927875664,-140.9296577972785,W21577
1704768,1705927,5436.444927875664,-140.9296577972785,3420.1038757394454,-2722.85894922442,W21577
1705937,1706827,3420.1038757394454,-2722.85894922442,1917.8811044698043,-2344.26355730684,W21577
1771539,1772247,1917.8811044698043,-2344.26355730684,2124.537389012071,240.6713429362023,W21577
1772855,1774339,2124.537389012071,240.6713429362023,-897.9286217198713,-619.6006913895858,W21577
1776143,1777284,-897.9286217198713,-619.6006913895858,650.571967409161,1060.0649330247525,W21577
1783476,1784846,650.571967409161,1060.0649330247525,3394.571716709091,1980.8075283119197,W21577
