started_at,ended_at,start_x,start_y,end_x,end_y,bike_id
66826,67435,2882.7485871704607,1117.1959286344277,949.0927421968316,1050.348962199343,W21602
68576,69165,949.0927421968316,1050.348962199343,1000.298381636028,1637.3888914201018,W21602
122273,122809,1000.298381636028,1637.3888914201018,572.5803208358176,131.6901936600965,W21602
152040,152316,572.5803208358176,131.6901936600965,-246.9191299668783,106.75477237497007,W21602
327076,327435,-1315.9120102200964,375.0331888763961,-1369.0198339983065,1373.3405910290935,W21602
375979,376244,-1386.3722255965383,1072.7797094714829,-2194.4774136437,1670.339269546311,W21602
385965,386257,-2194.4774136437,1670.339269546311,-1553.745244797235,1509.7618356025214,W21602
464319,465004,-1687.4808070499614,3322.088291974309,-2434.4542367719587,2130.308737174774,W21602
470128,470691,-2434.4542367719587,2130.308737174774,-1553.745244797235,1509.7618356025214,W21602
485415,485638,-1620.0792206913457,3013.067178195072,-1351.952265455199,2402.817269788199,W21602
488503,489004,-1351.952265455199,2402.817269788199,-842.3452252522125,683.1637518961281,W21602
514030,514343,-842.3452252522125,683.1637518961281,-1386.3722255965383,1072.7797094714829,W21602
576235,576559,-1386.3722255965383,1072.7797094714829,-2417.219257666417,1540.3188585612754,W21602
739867,741158,-2172.0118915123644,2509.7946798534413,1244.6201406197797,1024.896740019206,W21602
747671,748359,1244.6201406197797,1024.896740019206,2842.538526966029,2153.0177815595557,W21602
751609,752772,2842.538526966029,2153.0177815595557,3280.834815674903,631.4004889613337,W21602
2294183,2298355,3280.834815674903,631.4004889613337,2175.7585113241184,414.1061034791464,W21602
2387580,2388432,2175.7585113241184,414.1061034791464,2873.9839282869875,-707.4312601120213,W21602
