started_at,ended_at,start_x,start_y,end_x,end_y,bike_id
575513,577377,-2605.458566939792,-1351.7447350956706,-2605.458566939792,-1351.7447350956706,W21686
655139,656777,-2605.458566939792,-1351.7447350956706,-1051.7849150501052,-834.0564463237743,W21686
754488,754723,-1051.7849150501052,-834.0564463237743,-1051.7849150501052,-834.0564463237743,W21686
