started_at,ended_at,start_x,start_y,end_x,end_y,bike_id
1888284,1888642,-1008.6393466202468,2284.707975219652,-1553.8936335864703,1509.7618356025214,W21614
2045479,2046324,-1553.8936335864703,1509.7618356025214,-1553.8936335864703,1509.7618356025214,W21614
2051632,2052872,-1553.8936335864703,1509.7618356025214,-1557.6190541540952,2536.900818615751,W21614
