started_at,ended_at,start_x,start_y,end_x,end_y,bike_id
43150,43642,-1158.9332723089417,3460.1236598020096,-1161.491409832351,1652.194297808541,W21650
120378,121062,-1161.491409832351,1652.194297808541,-2373.1758978806724,834.1121057461444,W21650
203974,205515,-4712.24978943207,2765.048791487811,-2259.2871664561067,-597.6708789203599,W21650
492660,493456,-2259.2871664561067,-597.6708789203599,-499.66045855245335,-1006.2666995714102,W21650
494664,495106,-499.66045855245335,-1006.2666995714102,-768.1680092204891,650.9926056854747,W21650
807705,807941,-369.90720380120285,1182.206134128132,-433.0906763410017,61.67064014200078,W21650
841564,843324,-367.4370509722781,3097.5581815665946,-80.1058961165534,3374.191707505921,W21650
898624,899448,-80.1058961165534,3374.191707505921,-1040.6264073723517,650.6029897280923,W21650
930942,931411,-1040.6264073723517,650.6029897280923,-799.8820989751116,2230.607016540563,W21650
1092600,1093078,-850.2844639197657,4073.713133559794,-799.8820989751116,2230.607016540563,W21650
1103652,1104826,-799.8820989751116,2230.607016540563,1501.1850775340426,878.138708951707,W21650
1164744,1166536,1501.1850775340426,878.138708951707,1501.1850775340426,878.138708951707,W21650
1172602,1173259,1501.1850775340426,878.138708951707,332.92911989643176,582.1975594618963,W21650
1173450,1173930,332.92911989643176,582.1975594618963,2119.4744593300848,570.151390531336,W21650
1267594,1267944,2119.4744593300848,570.151390531336,932.3577554627492,283.6404171143583,W21650
1339578,1340813,932.3577554627492,283.6404171143583,2596.793129117454,3863.209197624172,W21650
1353753,1354496,2596.793129117454,3863.209197624172,1796.710145560574,852.6864867715699,W21650
1355040,1355523,1796.710145560574,852.6864867715699,3123.615142939869,1072.4457529364704,W21650
1461153,1461795,3123.615142939869,1072.4457529364704,932.3577554627492,283.6404171143583,W21650
2547104,2547296,932.3577554627492,283.6404171143583,932.3577554627492,283.6404171143583,W21650
2553224,2553929,932.3577554627492,283.6404171143583,916.579749438608,1959.9909042924703,W21650
2569369,2572278,916.579749438608,1959.9909042924703,305.21918808728344,-65.4554808726659,W21650
2642762,2644495,305.21918808728344,-65.4554808726659,305.21918808728344,-65.4554808726659,W21650
2658316,2659995,305.21918808728344,-65.4554808726659,811.6929069099815,1646.4057178670123,W21650
