started_at,ended_at,start_x,start_y,end_x,end_y,bike_id
54315,56143,3861.339855126864,1821.955536465561,1706.091148736327,-1036.489765995152,W21798
113355,114401,1706.091148736327,-1036.489765995152,-1051.840396051375,-834.0564463237743,W21798
116033,116489,-1051.840396051375,-834.0564463237743,223.52812242238716,-443.9395539462969,W21798
237957,238286,223.52812242238716,-443.9395539462969,-298.30049519174673,-188.1288480866431,W21798
238334,238473,-298.30049519174673,-188.1288480866431,223.52812242238716,-443.9395539462969,W21798
240378,240925,223.52812242238716,-443.9395539462969,912.5376302209072,-1263.1349344592616,W21798
259647,260169,912.5376302209072,-1263.1349344592616,949.0927421968316,1050.348962199343,W21798
283436,284203,949.0927421968316,1050.348962199343,-584.2071226972812,-157.18220917050687,W21798
286145,286483,-584.2071226972812,-157.18220917050687,223.52812242238716,-443.9395539462969,W21798
316668,317365,223.52812242238716,-443.9395539462969,-2170.059593926037,-306.3494614999309,W21798
319121,319818,-2170.059593926037,-306.3494614999309,-802.7521471361426,-996.414981787365,W21798
322732,323746,-802.7521471361426,-996.414981787365,1731.2087241706054,-162.91512968887474,W21798
374938,376493,1731.2087241706054,-162.91512968887474,1731.2087241706054,-162.91512968887474,W21798
376614,376877,1731.2087241706054,-162.91512968887474,1002.1298273174614,77.58923497942598,W21798
396415,396626,1002.1298273174614,77.58923497942598,1884.1796308376872,112.54335231649912,W21798
396918,397144,1884.1796308376872,112.54335231649912,1002.1298273174614,77.58923497942598,W21798
474007,474157,-1893.9180927095776,1322.3565600090635,-1890.7937293864395,645.4266634342174,W21798
492321,492931,-1890.7937293864395,645.4266634342174,-1351.952265455199,2402.817269788199,W21798
