started_at,ended_at,start_x,start_y,end_x,end_y,bike_id
512179,513015,-794.9041712895468,-2685.45581729673,-500.162758044702,-1054.6347377329218,W21701
516897,517599,-500.162758044702,-1054.6347377329218,-1553.8936335864703,-1509.7618356025214,W21701
545461,545761,-1553.8936335864703,-1509.7618356025214,-2287.4982534152964,-449.3941773512319,W21701
644556,646353,-2287.4982534152964,-449.3941773512319,236.34422431908067,1033.5954760247828,W21701
728388,729152,2500.7068276638083,159.2972672261112,1002.1347450933658,-77.58923497942598,W21701
1761792,1763414,-1687.835498630181,-3322.088291974309,-3698.003126530832,-668.4251368154823,W21701
