started_at,ended_at,start_x,start_y,end_x,end_y,bike_id
668428,668610,-12855.868324104102,24142.60847056224,-12388.824646850037,24707.77424673615,W21738
758478,758979,-12388.824646850037,24707.77424673615,-12855.868324104102,24142.60847056224,W21738
1015066,1021014,-12855.868324104102,24142.60847056224,-12855.868324104102,24142.60847056224,W21738
