started_at,ended_at,start_x,start_y,end_x,end_y,bike_id
575775,583516,-4001.84712299075,833.4441926753292,-493.3014109226975,113.54792354855924,W21780
647171,647663,-1687.4808070499614,3322.088291974309,-2792.164519531742,1461.727753976022,W21780
671792,672217,-2792.164519531742,1461.727753976022,-2594.876311980931,495.12537678995767,W21780
673373,673575,-2594.876311980931,495.12537678995767,-2248.5703681191844,832.4674209813991,W21780
1006319,1009205,1000.298381636028,1637.3888914201018,-1380.3033083701418,-858.2682951157151,W21780
1078431,1078943,-1380.3033083701418,-858.2682951157151,-824.2637352862973,-1329.162363396306,W21780
1080529,1081263,-824.2637352862973,-1329.162363396306,-65.24421585664805,-642.142757506466,W21780
1261113,1263072,-65.24421585664805,-642.142757506466,-1380.3033083701418,-858.2682951157151,W21780
1342960,1345411,-1380.3033083701418,-858.2682951157151,-117.15367456973772,-2177.897543422312,W21780
1428273,1428377,-1687.4808070499614,3322.088291974309,-2104.020490588656,3097.446862721063,W21780
1605407,1605639,-2104.020490588656,3097.446862721063,-2697.389185766176,2998.9296848774475,W21780
1692678,1693133,-2172.0118915123644,2509.7946798534413,-1008.4935812659144,2284.707975219652,W21780
1712628,1713397,-1008.4935812659144,2284.707975219652,666.9437976964771,1810.1557388930216,W21780
1847604,1848483,666.9437976964771,1810.1557388930216,-2194.4774136437,1670.339269546311,W21780
1861835,1862479,-2194.4774136437,1670.339269546311,364.51883299847503,2132.201157540106,W21780
1869996,1870816,364.51883299847503,2132.201157540106,-1923.405460375761,1762.9565486044485,W21780
2033868,2034238,-1923.405460375761,1762.9565486044485,-1351.952265455199,2402.817269788199,W21780
2269312,2270070,-1333.1244526763924,2761.931863826379,-3060.847950466069,3019.634990051365,W21780
