started_at,ended_at,start_x,start_y,end_x,end_y,bike_id
499464,499682,-18863.71221467036,3501.0889947693013,-18457.38090187044,2918.7801164626653,W21755
2223409,2223611,-18457.38090187044,2918.7801164626653,-18863.71221467036,3501.0889947693013,W21755
2272180,2272766,-18863.71221467036,3501.0889947693013,-18457.38090187044,2918.7801164626653,W21755
2486338,2487185,-18457.38090187044,2918.7801164626653,-16046.91877917907,2915.667374492187,W21755
2658711,2659907,-16046.91877917907,2915.667374492187,-17258.93859515963,2574.693566500823,W21755
