started_at,ended_at,start_x,start_y,end_x,end_y,bike_id
231902,232138,-2482.4578130600216,-5492.917088738203,-2284.558322943482,-4606.930401212525,W21709
234062,235875,-2284.558322943482,-4606.930401212525,-1776.5905868826148,-10362.8939207367,W21709
568501,569090,-1776.5905868826148,-10362.8939207367,-2134.461945833657,-8466.911352331315,W21709
570038,570378,-2134.461945833657,-8466.911352331315,-2595.2219202602832,-9265.401427670364,W21709
657859,658286,-2595.2219202602832,-9265.401427670364,-1840.119436452173,-9472.343160565591,W21709
771918,772174,-1840.119436452173,-9472.343160565591,-1776.5905868826148,-10362.8939207367,W21709
902566,904763,-1776.5905868826148,-10362.8939207367,-2456.980840832993,-5510.950741632024,W21709
1599471,1601980,-2456.980840832993,-5510.950741632024,-3662.680070837771,841.3478306724625,W21709
1621775,1624111,-3662.680070837771,841.3478306724625,-3662.680070837771,841.3478306724625,W21709
1677885,1679089,-3662.680070837771,841.3478306724625,-1339.0478585909025,-1081.2399416931091,W21709
1706529,1708644,-1339.0478585909025,-1081.2399416931091,2387.4374655296765,-1532.0256046075506,W21709
1770889,1771073,2387.4374655296765,-1532.0256046075506,2388.861960030208,-2071.6437058494644,W21709
1944142,1944836,2388.861960030208,-2071.6437058494644,435.06300640745945,-2350.107796669948,W21709
2042975,2043963,-1617.885904175311,-478.5597147475669,435.06300640745945,-2350.107796669948,W21709
2052039,2052221,2387.4374655296765,-1532.0256046075506,1782.257882414919,-1414.8625202224605,W21709
2193386,2193919,1782.257882414919,-1414.8625202224605,1501.1850775340426,878.138708951707,W21709
2220600,2223260,1501.1850775340426,878.138708951707,1501.1850775340426,878.138708951707,W21709
2268035,2268677,1501.1850775340426,878.138708951707,-499.66045855245335,-1006.2666995714102,W21709
2400972,2401574,-377.2782335264637,866.3945708023293,-1972.4911166466836,1651.3037470482452,W21709
2657814,2658570,-1972.4911166466836,1651.3037470482452,-2145.3251794658845,2826.719431629812,W21709
