started_at,ended_at,start_x,start_y,end_x,end_y,bike_id
147760,148103,2393.584706305935,8504.203165413475,3651.5096207492434,8314.40453465177,W21758
833441,835384,3651.5096207492434,8314.40453465177,3651.5096207492434,8314.40453465177,W21758
1126721,1128084,3651.5096207492434,8314.40453465177,3651.5096207492434,8314.40453465177,W21758
1267595,1268690,3651.5096207492434,8314.40453465177,1977.0891260528936,9899.918844292337,W21758
1798684,1800386,1977.0891260528936,9899.918844292337,1977.0891260528936,9899.918844292337,W21758
2293812,2294188,1977.0891260528936,9899.918844292337,1419.8520538572202,8919.199819653708,W21758
2455228,2455378,1419.8520538572202,8919.199819653708,1009.6241810945196,8592.701647205933,W21758
2542891,2543439,1009.6241810945196,8592.701647205933,1419.8520538572202,8919.199819653708,W21758
2629558,2632393,1419.8520538572202,8919.199819653708,1419.8520538572202,8919.199819653708,W21758
