started_at,ended_at,start_x,start_y,end_x,end_y,bike_id
223643,224189,-491.8525682028344,1997.1891388458932,-2018.959555819223,1083.449620274128,W21764
224632,224859,-2018.959555819223,1083.449620274128,-1574.715056457654,1019.791939240589,W21764
235741,236142,-1574.715056457654,1019.791939240589,-2925.311977241168,1006.3223589937804,W21764
237401,238587,-2925.311977241168,1006.3223589937804,-814.5374629822909,2330.682658213708,W21764
555242,556167,-2697.389185766176,2998.9296848774475,-1553.745244797235,1509.7618356025214,W21764
558528,558710,-1553.745244797235,1509.7618356025214,-1923.405460375761,1762.9565486044485,W21764
564488,564922,-1923.405460375761,1762.9565486044485,-1462.7862234637655,22.472351936458256,W21764
578693,579617,-1462.7862234637655,22.472351936458256,-1923.405460375761,1762.9565486044485,W21764
591601,592210,-1923.405460375761,1762.9565486044485,-3204.387511290492,842.0157437416958,W21764
593659,594227,-3204.387511290492,842.0157437416958,-2194.4774136437,1670.339269546311,W21764
643568,644250,-2194.4774136437,1670.339269546311,-494.03119251583706,2141.440621677288,W21764
645972,646534,-494.03119251583706,2141.440621677288,-493.3014109226975,113.54792354855924,W21764
658993,660623,-493.3014109226975,113.54792354855924,-3499.0812210478525,986.6189234248992,W21764
668389,668909,-3499.0812210478525,986.6189234248992,-2996.425218577444,611.3630968574403,W21764
680287,680706,-2996.425218577444,611.3630968574403,-2194.889224699188,1823.9592756756335,W21764
723688,724006,-2194.889224699188,1823.9592756756335,-1008.4935812659144,2284.707975219652,W21764
809489,810479,-1687.4808070499614,3322.088291974309,-2808.1861045329406,513.9591074636016,W21764
845096,845668,-2808.1861045329406,513.9591074636016,-4079.334235838357,1361.0955180768024,W21764
912925,913266,-4079.334235838357,1361.0955180768024,-2792.164519531742,1461.727753976022,W21764
914174,914767,-2792.164519531742,1461.727753976022,-4214.829945059849,1013.5580839200984,W21764
915230,915507,-4214.829945059849,1013.5580839200984,-3697.8467852525214,668.4251368154823,W21764
