started_at,ended_at,start_x,start_y,end_x,end_y,bike_id
57129,57544,-919.4722224283496,3269.7684348142307,-490.1426245460887,1831.862913672767,W21797
116568,117655,-490.1426245460887,1831.862913672767,-3697.8467852525214,668.4251368154823,W21797
203652,204012,-3697.8467852525214,668.4251368154823,-3821.501991331301,729.9176668049492,W21797
250383,251257,-3821.501991331301,729.9176668049492,-1031.196919700857,841.1251929813999,W21797
286285,286679,-1031.196919700857,841.1251929813999,-2013.015909685712,225.7907524544684,W21797
320054,321066,-2013.015909685712,225.7907524544684,666.9437976964771,1810.1557388930216,W21797
321803,322260,666.9437976964771,1810.1557388930216,-912.0125818422052,1947.857150184919,W21797
323261,323927,-912.0125818422052,1947.857150184919,666.9437976964771,1810.1557388930216,W21797
377829,378241,666.9437976964771,1810.1557388930216,-490.1426245460887,1831.862913672767,W21797
378446,379932,-490.1426245460887,1831.862913672767,-2170.059593926037,-306.3494614999309,W21797
554993,555296,-1386.3722255965383,1072.7797094714829,-2646.5254975806206,1031.0908020110053,W21797
556194,556752,-2646.5254975806206,1031.0908020110053,-1890.7937293864395,645.4266634342174,W21797
669592,670162,-1557.3691014905978,2536.900818615751,-1553.745244797235,1509.7618356025214,W21797
717847,718100,-1553.745244797235,1509.7618356025214,-2190.235672060508,980.0441292680304,W21797
753186,754066,-1320.292999174232,823.2028589331105,-2434.4542367719587,2130.308737174774,W21797
802376,802726,-2434.4542367719587,2130.308737174774,-1923.405460375761,1762.9565486044485,W21797
805233,805859,-1923.405460375761,1762.9565486044485,-842.3452252522125,683.1637518961281,W21797
823483,824221,-842.3452252522125,683.1637518961281,-2811.4720009168905,-425.46062567272384,W21797
