started_at,ended_at,start_x,start_y,end_x,end_y,bike_id
56621,57297,2990.389368117216,-818.0821920623969,486.9182756857461,-814.3530107541019,W21754
57493,59333,486.9182756857461,-814.3530107541019,447.87071757646186,-1273.2682585705527,W21754
721712,722092,-1619.9365259724264,2337.5844266058048,-1161.491409832351,1652.194297808541,W21754
724455,725254,-1161.491409832351,1652.194297808541,-828.1189483765718,-1030.4785483633511,W21754
744657,745440,-828.1189483765718,-1030.4785483633511,-828.1189483765718,-1030.4785483633511,W21754
746084,750157,-828.1189483765718,-1030.4785483633511,-828.1189483765718,-1030.4785483633511,W21754
752479,753799,-828.1189483765718,-1030.4785483633511,775.6805476381545,-616.1498071939328,W21754
938404,939096,775.6805476381545,-616.1498071939328,2720.0722272102257,-1324.9168934452116,W21754
971914,973131,2720.0722272102257,-1324.9168934452116,-1617.885904175311,-478.5597147475669,W21754
1087586,1088390,-1617.885904175311,-478.5597147475669,-1617.885904175311,-478.5597147475669,W21754
1089834,1091168,-1617.885904175311,-478.5597147475669,-910.6317190044888,-149.73790131117772,W21754
1098148,1102736,-910.6317190044888,-149.73790131117772,58.83935351161514,-58.66232969907673,W21754
1112125,1112646,58.83935351161514,-58.66232969907673,97.82170735439732,-1598.5386145076236,W21754
1451721,1451965,97.82170735439732,-1598.5386145076236,435.06300640745945,-2350.107796669948,W21754
1454107,1455376,435.06300640745945,-2350.107796669948,650.571967409161,1060.0649330247525,W21754
1457118,1458397,650.571967409161,1060.0649330247525,332.92911989643176,582.1975594618963,W21754
1535548,1536508,332.92911989643176,582.1975594618963,3426.1166896475306,-879.6415133596573,W21754
1589050,1589458,3426.1166896475306,-879.6415133596573,2387.4374655296765,-1532.0256046075506,W21754
1591046,1591406,2387.4374655296765,-1532.0256046075506,3405.125056407562,-1167.734684274705,W21754
1602807,1604007,3405.125056407562,-1167.734684274705,-757.8209312821701,-366.9069131905728,W21754
1675945,1676285,-757.8209312821701,-366.9069131905728,-465.43463430746266,-1283.8432972756757,W21754
1701456,1703921,-465.43463430746266,-1283.8432972756757,-465.43463430746266,-1283.8432972756757,W21754
2311559,2311841,-465.43463430746266,-1283.8432972756757,-272.30548829993654,-532.3267168924343,W21754
2561646,2562526,-272.30548829993654,-532.3267168924343,58.03875561149759,1969.2303684296523,W21754
