started_at,ended_at,start_x,start_y,end_x,end_y,bike_id
2480954,2482729,-2118.838672712425,14941.104059934223,-2118.838672712425,14941.104059934223,W21704
