started_at,ended_at,start_x,start_y,end_x,end_y,bike_id
2478148,2480119,-1993.883130108986,3476.932805400522,-1993.883130108986,3476.932805400522,W21789
