started_at,ended_at,start_x,start_y,end_x,end_y,bike_id
407681,408120,572.5803208358176,131.6901936600965,-424.0757252336529,713.6651154317209,W21835
425206,426288,-424.0757252336529,713.6651154317209,1365.6807727435448,-2172.053304059203,W21835
649281,652852,1365.6807727435448,-2172.053304059203,1221.5108251699423,-2365.859413241053,W21835
654477,661204,1221.5108251699423,-2365.859413241053,1271.019755402809,-1678.4655452337165,W21835
824921,825120,1271.019755402809,-1678.4655452337165,912.5376302209072,-1263.1349344592616,W21835
825822,826052,912.5376302209072,-1263.1349344592616,1271.019755402809,-1678.4655452337165,W21835
1010042,1010588,1271.019755402809,-1678.4655452337165,1002.1298273174614,77.58923497942598,W21835
1012780,1013103,1002.1298273174614,77.58923497942598,2049.325672781144,-9.239464137182011,W21835
1014245,1014584,2049.325672781144,-9.239464137182011,3193.6869502417144,171.98761555736422,W21835
1324082,1325136,3193.6869502417144,171.98761555736422,1108.854912819232,-2222.2581031636773,W21835
1357265,1357586,1108.854912819232,-2222.2581031636773,912.5376302209072,-1263.1349344592616,W21835
1448724,1450123,912.5376302209072,-1263.1349344592616,-919.4722224283496,3269.7684348142307,W21835
1516270,1517544,-919.4722224283496,3269.7684348142307,-1051.840396051375,-834.0564463237743,W21835
1522004,1522237,-1051.840396051375,-834.0564463237743,-1051.840396051375,-834.0564463237743,W21835
1522270,1522547,-1051.840396051375,-834.0564463237743,-104.30822423996608,-1101.0580053229169,W21835
1700954,1701822,-104.30822423996608,-1101.0580053229169,-1008.4935812659144,2284.707975219652,W21835
2106878,2107604,-1008.4935812659144,2284.707975219652,1111.6181164467437,379.2633049876047,W21835
2134293,2135572,1111.6181164467437,379.2633049876047,-2803.1298600936816,296.3567677708471,W21835
2137392,2138807,-2803.1298600936816,296.3567677708471,1111.6181164467437,379.2633049876047,W21835
2183729,2184274,1111.6181164467437,379.2633049876047,-828.8681814864412,-38.85027691326964,W21835
2224430,2225485,1845.807450034228,-698.5257525098514,-2348.210150806419,-441.1565828206682,W21835
