started_at,ended_at,start_x,start_y,end_x,end_y,bike_id
49183,49452,-1379.7769751705168,3794.859426781138,-1551.966391370401,2925.236609473427,W21845
49836,50939,-1551.966391370401,2925.236609473427,-2833.000982424627,-57.55184287632349,W21845
50948,52504,-2833.000982424627,-57.55184287632349,-2308.148771781586,-4140.72707826278,W21845
314217,315661,-2308.148771781586,-4140.72707826278,-2287.960187970927,-8356.928333450174,W21845
2523701,2524516,-2164.682050714061,-7599.180955388938,-2595.2219202602832,-9265.401427670364,W21845
2651344,2654338,-2595.2219202602832,-9265.401427670364,-2595.2219202602832,-9265.401427670364,W21845
