started_at,ended_at,start_x,start_y,end_x,end_y,bike_id
1876783,1877571,2625.1536130326635,-1776.9827230781227,2625.1536130326635,-1776.9827230781227,W21891
2138706,2139318,2625.1536130326635,-1776.9827230781227,1157.659916597574,-143.71262892290716,W21891
2179948,2180329,1157.659916597574,-143.71262892290716,42.554840611112105,683.8074999788248,W21891
2380765,2381156,42.554840611112105,683.8074999788248,1002.1298273174614,77.58923497942598,W21891
2382135,2382670,1002.1298273174614,77.58923497942598,1706.091148736327,-1036.489765995152,W21891
2384653,2386406,1706.091148736327,-1036.489765995152,-1881.431886693912,2146.116013168249,W21891
2388465,2389017,-1881.431886693912,2146.116013168249,-494.03119251583706,2141.440621677288,W21891
2389434,2389868,-494.03119251583706,2141.440621677288,-219.1862779950825,754.4078127095321,W21891
2412741,2413131,-219.1862779950825,754.4078127095321,357.95233295209937,1378.1273013647951,W21891
