started_at,ended_at,start_x,start_y,end_x,end_y,bike_id
406422,406917,-454.372404106747,-1426.328361259987,223.52812242238716,-443.9395539462969,W21892
409506,409791,223.52812242238716,-443.9395539462969,-104.30822423996608,-1101.0580053229169,W21892
410772,411818,-104.30822423996608,-1101.0580053229169,935.5683550562323,-2444.89579320685,W21892
464647,465539,935.5683550562323,-2444.89579320685,33.87216753763598,-102.3020185750716,W21892
472998,474551,33.87216753763598,-102.3020185750716,1002.1298273174614,77.58923497942598,W21892
