started_at,ended_at,start_x,start_y,end_x,end_y,bike_id
1768070,1769236,-6177.923519382058,-6685.1419189182825,-2456.980840832993,-5510.950741632024,W21855
1787883,1791200,-2456.980840832993,-5510.950741632024,-2456.980840832993,-5510.950741632024,W21855
1854134,1854877,-2456.980840832993,-5510.950741632024,-2353.5626637230785,-3590.81198385707,W21855
1866845,1878359,-2353.5626637230785,-3590.81198385707,-2353.5626637230785,-3590.81198385707,W21855
2468906,2471961,-2353.5626637230785,-3590.81198385707,-2353.5626637230785,-3590.81198385707,W21855
