started_at,ended_at,start_x,start_y,end_x,end_y,bike_id
374497,375833,-113.54363842153111,4327.405140603152,-1365.3326241855143,551.0282828562791,W21843
650099,651300,-1365.3326241855143,551.0282828562791,-828.1189483765718,-1030.4785483633511,W21843
651589,652693,-828.1189483765718,-1030.4785483633511,788.5325500265636,-1205.8057292724188,W21843
