started_at,ended_at,start_x,start_y,end_x,end_y,bike_id
49836,50939,-2104.020490588656,3097.446862721063,-3385.173206528012,114.65841037131248,W21845
