started_at,ended_at,start_x,start_y,end_x,end_y,bike_id
42021,42675,-1881.431886693912,2146.116013168249,-1031.196919700857,841.1251929813999,W21834
49166,49810,-1031.196919700857,841.1251929813999,-1309.9813548408183,-194.6966599429369,W21834
132051,132645,-1309.9813548408183,-194.6966599429369,-1553.745244797235,1509.7618356025214,W21834
146528,146831,-1553.745244797235,1509.7618356025214,-929.3914426548988,1038.6048240499654,W21834
201240,201745,-929.3914426548988,1038.6048240499654,104.65262178054566,350.0977675920606,W21834
322325,322866,104.65262178054566,350.0977675920606,-929.3914426548988,1038.6048240499654,W21834
374509,374697,-929.3914426548988,1038.6048240499654,-985.2325967772824,233.88089338963675,W21834
464101,464986,-1380.3033083701418,-858.2682951157151,-104.30822423996608,-1101.0580053229169,W21834
711828,712419,-919.4722224283496,3269.7684348142307,-2018.959555819223,1083.449620274128,W21834
762728,763492,-2018.959555819223,1083.449620274128,-494.03119251583706,2141.440621677288,W21834
765713,765835,-494.03119251583706,2141.440621677288,-491.8525682028344,1997.1891388458932,W21834
826073,826151,-491.8525682028344,1997.1891388458932,-494.03119251583706,2141.440621677288,W21834
826607,826704,-494.03119251583706,2141.440621677288,-491.8525682028344,1997.1891388458932,W21834
830088,830165,-491.8525682028344,1997.1891388458932,-494.03119251583706,2141.440621677288,W21834
832908,833450,-494.03119251583706,2141.440621677288,-1881.431886693912,2146.116013168249,W21834
833674,834437,-1881.431886693912,2146.116013168249,-1881.431886693912,2146.116013168249,W21834
882729,883289,1002.1298273174614,77.58923497942598,-1017.6238913195454,-1111.63304402804,W21834
925087,925767,-1017.6238913195454,-1111.63304402804,1002.1298273174614,77.58923497942598,W21834
1517663,1520903,-104.30822423996608,-1101.0580053229169,-1380.3033083701418,-858.2682951157151,W21834
1525150,1525885,-1380.3033083701418,-858.2682951157151,-1386.3722255965383,1072.7797094714829,W21834
1527201,1527505,-1386.3722255965383,1072.7797094714829,-2018.959555819223,1083.449620274128,W21834
1592714,1592897,-2018.959555819223,1083.449620274128,-1923.405460375761,1762.9565486044485,W21834
1594515,1594911,-1923.405460375761,1762.9565486044485,-1154.4178996069331,447.5017569858993,W21834
1672051,1674542,-1154.4178996069331,447.5017569858993,-570.845296965312,382.6028703385173,W21834
