started_at,ended_at,start_x,start_y,end_x,end_y,bike_id
85191,88407,-1380.3033083701418,-858.2682951157151,-1555.445981478385,542.4818752125246,W21862
558064,558611,-912.0125818422052,1947.857150184919,-570.845296965312,382.6028703385173,W21862
644466,645823,-1620.0792206913457,3013.067178195072,-2104.020490588656,3097.446862721063,W21862
648012,648358,-2104.020490588656,3097.446862721063,-2906.0520040511774,3041.230845985579,W21862
722283,722940,-2906.0520040511774,3041.230845985579,-2604.841974791065,587.31822633261,W21862
752806,753164,-2604.841974791065,587.31822633261,-2450.1589905827414,1407.2928387603392,W21862
755492,755782,-2450.1589905827414,1407.2928387603392,-2604.841974791065,587.31822633261,W21862
835722,836724,-2604.841974791065,587.31822633261,-757.2144788708657,-1761.398084774919,W21862
843686,844478,-757.2144788708657,-1761.398084774919,1108.854912819232,-2222.2581031636773,W21862
844975,847130,1108.854912819232,-2222.2581031636773,-1923.405460375761,1762.9565486044485,W21862
852142,852370,-1923.405460375761,1762.9565486044485,-2646.5254975806206,1031.0908020110053,W21862
908731,909209,-2013.015909685712,225.7907524544684,-1320.292999174232,823.2028589331105,W21862
929745,932345,-1380.3033083701418,-858.2682951157151,-65.24421585664805,-642.142757506466,W21862
973624,973927,-65.24421585664805,-642.142757506466,33.87216753763598,-102.3020185750716,W21862
1017471,1018279,33.87216753763598,-102.3020185750716,753.3851724438222,2085.781199166297,W21862
1064138,1065129,753.3851724438222,2085.781199166297,-2996.425218577444,611.3630968574403,W21862
1182264,1182551,-1687.4808070499614,3322.088291974309,-1557.3691014905978,2536.900818615751,W21862
1252618,1253675,-1557.3691014905978,2536.900818615751,-4214.829945059849,1013.5580839200984,W21862
