started_at,ended_at,start_x,start_y,end_x,end_y,bike_id
44612,44833,-1687.4808070499614,3322.088291974309,-2354.6709182688887,2716.8477315926184,W21819
45198,45970,-2354.6709182688887,2716.8477315926184,-1031.196919700857,841.1251929813999,W21819
49007,53639,-1031.196919700857,841.1251929813999,1259.9606745071096,-989.0679380163066,W21819
56475,57107,1259.9606745071096,-989.0679380163066,-570.845296965312,382.6028703385173,W21819
84586,85682,-570.845296965312,382.6028703385173,3193.6869502417144,171.98761555736422,W21819
208947,210850,3193.6869502417144,171.98761555736422,-2792.164519531742,1461.727753976022,W21819
226305,226680,-2792.164519531742,1461.727753976022,-1553.745244797235,1509.7618356025214,W21819
232141,232413,-1553.745244797235,1509.7618356025214,-2417.219257666417,1540.3188585612754,W21819
721834,722159,-2354.6709182688887,2716.8477315926184,-2417.219257666417,1540.3188585612754,W21819
733463,734619,-2172.0118915123644,2509.7946798534413,422.87264992317904,94.06442404292608,W21819
753629,754247,422.87264992317904,94.06442404292608,-82.14293697444242,-1351.7447350956706,W21819
837790,838153,-919.4722224283496,3269.7684348142307,-494.03119251583706,2141.440621677288,W21819
886036,886757,-494.03119251583706,2141.440621677288,-2018.959555819223,1083.449620274128,W21819
929788,930316,-2018.959555819223,1083.449620274128,-543.4342390331508,1377.793344829783,W21819
932517,932817,-543.4342390331508,1377.793344829783,-1553.745244797235,1509.7618356025214,W21819
978251,978789,-1553.745244797235,1509.7618356025214,-570.845296965312,382.6028703385173,W21819
1015971,1016553,-570.845296965312,382.6028703385173,949.0927421968316,1050.348962199343,W21819
1017469,1018444,949.0927421968316,1050.348962199343,-1553.745244797235,1509.7618356025214,W21819
1020537,1021051,-1553.745244797235,1509.7618356025214,-2434.4542367719587,2130.308737174774,W21819
1074450,1075271,-2434.4542367719587,2130.308737174774,-2013.015909685712,225.7907524544684,W21819
1260375,1261868,-2104.020490588656,3097.446862721063,-3697.8467852525214,668.4251368154823,W21819
1270458,1271614,-3697.8467852525214,668.4251368154823,-3060.847950466069,3019.634990051365,W21819
1337122,1341840,-3060.847950466069,3019.634990051365,-3499.0812210478525,986.6189234248992,W21819
