started_at,ended_at,start_x,start_y,end_x,end_y,bike_id
289363,289901,-566.8482175815814,9928.527787463388,520.8301948654599,8617.080474265777,W21916
323914,324091,520.8301948654599,8617.080474265777,998.6697827529268,9291.783993940277,W21916
2122382,2122786,998.6697827529268,9291.783993940277,1977.0891260528936,9899.918844292337,W21916
2145586,2147838,1977.0891260528936,9899.918844292337,1977.0891260528936,9899.918844292337,W21916
2478849,2481480,1977.0891260528936,9899.918844292337,1977.0891260528936,9899.918844292337,W21916
