started_at,ended_at,start_x,start_y,end_x,end_y,bike_id
142239,142791,-1557.6190541540952,-2536.900818615751,-1154.4505748659533,-447.5017569858993,W21955
2105890,2106246,949.1557991213356,-1050.348962199343,422.87516574033486,-94.06442404292608,W21955
2106833,2107228,422.87516574033486,-94.06442404292608,949.1557991213356,-1050.348962199343,W21955
2218716,2219266,1002.1347450933658,-77.58923497942598,2500.7068276638083,159.2972672261112,W21955
2224775,2225861,2500.7068276638083,159.2972672261112,-828.866144832659,38.85027691326964,W21955
