started_at,ended_at,start_x,start_y,end_x,end_y,bike_id
116297,116535,1572.4706426230523,412.8815961838383,1002.1347450933658,77.58923497942598,W21934
117307,117940,1002.1347450933658,77.58923497942598,-104.30096126102605,-1101.0580053229169,W21934
134300,134587,-104.30096126102605,-1101.0580053229169,-117.13754112524298,-2177.897543422312,W21934
147942,148899,-117.13754112524298,-2177.897543422312,2438.154417210546,-645.8719388147609,W21934
202737,203476,2438.154417210546,-645.8719388147609,572.5850899284466,131.6901936600965,W21934
204763,205428,572.5850899284466,131.6901936600965,-104.30096126102605,-1101.0580053229169,W21934
