started_at,ended_at,start_x,start_y,end_x,end_y,bike_id
148279,149325,-1309.9652241239778,194.6966599429369,-1993.883130108986,3476.932805400522,W21933
