started_at,ended_at,start_x,start_y,end_x,end_y,bike_id
811898,812174,-18863.71221467036,3501.0889947693013,-18098.5438078248,3876.790096717304,W21987
837595,837955,-18098.5438078248,3876.790096717304,-18863.71221467036,3501.0889947693013,W21987
1326971,1328113,-18863.71221467036,3501.0889947693013,-16046.91877917907,2915.667374492187,W21987
