started_at,ended_at,start_x,start_y,end_x,end_y,bike_id
670696,671580,1913.2663248769652,11429.10581835268,1977.0891260528936,9899.918844292337,W21959
