started_at,ended_at,start_x,start_y,end_x,end_y,bike_id
48637,49437,-912.1249626238716,1947.857150184919,-493.3049536406412,113.54792354855924,W21977
301531,302469,1018.076079613778,2436.9921552089254,-1369.1387647616386,1373.3405910290935,W21977
316873,318331,-1360.474996000465,3399.343570419514,-2170.01754901757,-306.3494614999309,W21977
340720,342583,-2170.01754901757,-306.3494614999309,903.1945058439112,-2156.246028065728,W21977
417621,418602,903.1945058439112,-2156.246028065728,2873.8553481949384,-707.4312601120213,W21977
463456,464126,2873.8553481949384,-707.4312601120213,1002.1347450933658,77.58923497942598,W21977
