started_at,ended_at,start_x,start_y,end_x,end_y,bike_id
1709008,1710505,-2417.219257666417,1540.3188585612754,-919.4722224283496,3269.7684348142307,W21942
1728613,1728693,-919.4722224283496,3269.7684348142307,-919.4722224283496,3269.7684348142307,W21942
2463648,2464203,-2328.120578614408,661.3452582716426,-1553.745244797235,1509.7618356025214,W21942
2466192,2466354,-1553.745244797235,1509.7618356025214,-1923.405460375761,1762.9565486044485,W21942
2468352,2468974,-1923.405460375761,1762.9565486044485,-4079.334235838357,1361.0955180768024,W21942
