started_at,ended_at,start_x,start_y,end_x,end_y,bike_id
148279,149325,-1309.9813548408183,-194.6966599429369,-1994.3215216154588,-3476.932805400522,W21933
