started_at,ended_at,start_x,start_y,end_x,end_y,bike_id
765244,765574,-1620.0792206913457,3013.067178195072,-1360.182448193738,3399.343570419514,W21996
831522,833104,-2450.1589905827414,1407.2928387603392,949.0927421968316,1050.348962199343,W21996
835613,836153,949.0927421968316,1050.348962199343,364.51883299847503,2132.201157540106,W21996
893743,894120,364.51883299847503,2132.201157540106,-490.1426245460887,1831.862913672767,W21996
896187,897032,-490.1426245460887,1831.862913672767,-2450.1589905827414,1407.2928387603392,W21996
1867721,1873219,-2450.1589905827414,1407.2928387603392,-2450.1589905827414,1407.2928387603392,W21996
2557156,2557659,-2450.1589905827414,1407.2928387603392,-1008.4935812659144,2284.707975219652,W21996
