started_at,ended_at,start_x,start_y,end_x,end_y,bike_id
808009,808931,-80.1058961165534,3374.191707505921,-32.05591394711978,-329.3924624181428,W21920
809152,810437,-32.05591394711978,-329.3924624181428,-1898.892902655899,642.7550111541201,W21920
840093,841180,-1898.892902655899,642.7550111541201,-18.713083837096207,210.3926170908813,W21920
863243,864167,-18.713083837096207,210.3926170908813,-2652.2426542615626,669.8054904940599,W21920
866199,867305,-428.9248489104604,3523.6867203093425,264.6385109299633,6539.51169609528,W21920
892038,892620,264.6385109299633,6539.51169609528,-113.54363842153111,4327.405140603152,W21920
892675,894027,-113.54363842153111,4327.405140603152,-1460.8625118525238,53.58049920683244,W21920
982633,983733,-873.5983458566102,3804.9894416778247,-763.7714170882605,202.8229356287601,W21920
1321853,1322293,-1068.027447763776,2840.856924947436,-2094.393320151142,858.8805487633692,W21920
1332471,1332633,-2094.393320151142,858.8805487633692,-2042.7259812106383,322.91512354232174,W21920
1531889,1533398,-2042.7259812106383,322.91512354232174,470.0445168883398,-1523.9549883433065,W21920
1581140,1581897,470.0445168883398,-1523.9549883433065,447.87071757646186,-1273.2682585705527,W21920
1611742,1612163,447.87071757646186,-1273.2682585705527,1554.255559250921,-94.62101826821,W21920
1666634,1667288,1554.255559250921,-94.62101826821,58.83935351161514,-58.66232969907673,W21920
1785565,1785825,58.83935351161514,-58.66232969907673,-897.9286217198713,-619.6006913895858,W21920
1957282,1958416,-897.9286217198713,-619.6006913895858,-1619.9365259724264,2337.5844266058048,W21920
2020880,2021233,-1619.9365259724264,2337.5844266058048,-1001.6416887046756,1337.5515823548856,W21920
2056267,2056401,-2052.6947547840787,415.10797308497393,-2052.6947547840787,415.10797308497393,W21920
