started_at,ended_at,start_x,start_y,end_x,end_y,bike_id
1097022,1101866,-5633.693925017277,-6403.839197549009,-5633.693925017277,-6403.839197549009,W21925
2477836,2480461,-5633.693925017277,-6403.839197549009,-5633.693925017277,-6403.839197549009,W21925
