started_at,ended_at,start_x,start_y,end_x,end_y,bike_id
317059,318183,-810.2158349534978,3422.163933649827,-2340.23434777719,-189.90994960644437,W22087
318902,319340,-2340.23434777719,-189.90994960644437,-3874.94773152752,655.3724484528836,W22087
492993,493198,-6955.684337452492,-1672.2316899124346,-7363.579416077806,-1981.252803691672,W22087
510658,512474,-7363.579416077806,-1981.252803691672,-9739.103603760188,-1872.1603355708255,W22087
