started_at,ended_at,start_x,start_y,end_x,end_y,bike_id
1798891,1800388,2625.1536130326635,-1776.9827230781227,657.2141925881731,382.9368268735295,W22005
1851891,1852295,657.2141925881731,382.9368268735295,-219.1862779950825,754.4078127095321,W22005
1853963,1854175,-219.1862779950825,754.4078127095321,380.2384601627839,455.8506703619942,W22005
1854798,1855168,380.2384601627839,455.8506703619942,-298.30049519174673,-188.1288480866431,W22005
1968442,1969274,-298.30049519174673,-188.1288480866431,1365.6807727435448,-2172.053304059203,W22005
2034688,2035190,1365.6807727435448,-2172.053304059203,-757.2144788708657,-1761.398084774919,W22005
2039506,2041432,-757.2144788708657,-1761.398084774919,-1189.9480965767848,-1984.8150067328563,W22005
