started_at,ended_at,start_x,start_y,end_x,end_y,bike_id
234600,241906,-2996.5410888062315,-611.3630968574403,-802.701563174357,996.414981787365,W22070
