started_at,ended_at,start_x,start_y,end_x,end_y,bike_id
2479171,2480688,-1993.883130108986,3476.932805400522,-1993.883130108986,3476.932805400522,W22065
2481872,2485080,-1993.883130108986,3476.932805400522,-1993.883130108986,3476.932805400522,W22065
2486034,2490032,-1993.883130108986,3476.932805400522,-1993.883130108986,3476.932805400522,W22065
2561159,2562946,-1993.883130108986,3476.932805400522,-1993.883130108986,3476.932805400522,W22065
2564978,2568503,-1993.883130108986,3476.932805400522,-2811.396350385682,425.46062567272384,W22065
2568591,2570297,-2811.396350385682,425.46062567272384,-2811.396350385682,425.46062567272384,W22065
2570510,2573986,-2811.396350385682,425.46062567272384,-757.1301394926505,1761.398084774919,W22065
2575398,2576754,-757.1301394926505,1761.398084774919,949.1557991213356,-1050.348962199343,W22065
2641212,2642585,949.1557991213356,-1050.348962199343,1244.7008281127914,-1024.896740019206,W22065
