started_at,ended_at,start_x,start_y,end_x,end_y,bike_id
39057,39519,1244.7008281127914,1024.896740019206,1002.1347450933658,77.58923497942598,W22082
52853,53606,1002.1347450933658,77.58923497942598,1835.1127926085971,-1359.8153513599148,W22082
53845,54632,1835.1127926085971,-1359.8153513599148,3940.451920348613,-2583.2651175679807,W22082
289130,289572,3940.451920348613,-2583.2651175679807,2624.858634007812,-1776.9827230781227,W22082
291342,291814,2624.858634007812,-1776.9827230781227,2465.531926494772,-3216.0014326701544,W22082
2269014,2270640,2708.204089487645,-3300.8263925766887,949.1557991213356,1050.348962199343,W22082
2297269,2298854,949.1557991213356,1050.348962199343,2708.204089487645,-3300.8263925766887,W22082
