started_at,ended_at,start_x,start_y,end_x,end_y,bike_id
39057,39519,1796.710145560574,852.6864867715699,1554.255559250921,-94.62101826821,W22082
52853,53606,1554.255559250921,-94.62101826821,2387.4374655296765,-1532.0256046075506,W22082
53845,54632,2387.4374655296765,-1532.0256046075506,4493.282295126244,-2755.4753708156168,W22082
289130,289572,4493.282295126244,-2755.4753708156168,3177.326435678709,-1949.1929763257588,W22082
291342,291814,3177.326435678709,-1949.1929763257588,3018.258145676523,-3388.2116859177904,W22082
323466,323749,3018.258145676523,-3388.2116859177904,2446.593637413394,-3911.855532899117,W22082
328457,328877,2446.593637413394,-3911.855532899117,3260.994504958582,-3473.036645824325,W22082
2269014,2270640,3260.994504958582,-3473.036645824325,1501.1850775340426,878.138708951707,W22082
2297269,2298854,1501.1850775340426,878.138708951707,3260.994504958582,-3473.036645824325,W22082
