started_at,ended_at,start_x,start_y,end_x,end_y,bike_id
802106,803974,-2239.372414807615,-11095.92851520308,-2284.558322943482,-4606.930401212525,W22026
806553,806910,-2284.558322943482,-4606.930401212525,-2721.9020553570567,-3902.504749917194,W22026
827641,828844,-2721.9020553570567,-3902.504749917194,-2482.4578130600216,-5492.917088738203,W22026
837120,837778,-2482.4578130600216,-5492.917088738203,-2721.9020553570567,-3902.504749917194,W22026
838236,839395,-2721.9020553570567,-3902.504749917194,-1260.1040304636565,-2002.7373407811456,W22026
848635,850581,-1260.1040304636565,-2002.7373407811456,-1339.0478585909025,-1081.2399416931091,W22026
850605,851188,-1339.0478585909025,-1081.2399416931091,-2296.9192411811423,-809.1210250386479,W22026
851971,853033,-2296.9192411811423,-809.1210250386479,-910.6317190044888,-149.73790131117772,W22026
853052,853926,-910.6317190044888,-149.73790131117772,-910.6317190044888,-149.73790131117772,W22026
853944,855066,-910.6317190044888,-149.73790131117772,1554.255559250921,-94.62101826821,W22026
884951,885665,1554.255559250921,-94.62101826821,1661.0597938622689,-2394.4683564113134,W22026
923241,923900,1661.0597938622689,-2394.4683564113134,1554.255559250921,-94.62101826821,W22026
928403,928898,1554.255559250921,-94.62101826821,3052.8497049862785,-331.5075204737472,W22026
979080,980024,3052.8497049862785,-331.5075204737472,253.84868026828832,-360.3391013342791,W22026
980740,981305,253.84868026828832,-360.3391013342791,447.87071757646186,-1273.2682585705527,W22026
1611963,1613318,2326.262791090281,-622.2723436696831,-1338.6563166249937,473.21641018658136,W22026
1674154,1675709,1569.9622930518342,2264.7819019612893,-3269.3464976190467,557.7074135573132,W22026
1969736,1971449,-3269.3464976190467,557.7074135573132,-3145.6904913373305,496.2148835678463,W22026
2046976,2051843,-3145.6904913373305,496.2148835678463,-3145.6904913373305,496.2148835678463,W22026
2550738,2551497,-80.1058961165534,3374.191707505921,-923.5103847186632,466.4259606400159,W22026
2565647,2566685,-923.5103847186632,466.4259606400159,-80.1058961165534,3374.191707505921,W22026
2622064,2622412,-80.1058961165534,3374.191707505921,450.54568352641655,1652.973529723306,W22026
