started_at,ended_at,start_x,start_y,end_x,end_y,bike_id
1798891,1800388,2624.858634007812,-1776.9827230781227,657.2301107228259,382.9368268735295,W22005
1851891,1852295,657.2301107228259,382.9368268735295,-219.1967371281292,754.4078127095321,W22005
1853963,1854175,-219.1967371281292,754.4078127095321,380.2494234372797,455.8506703619942,W22005
1854798,1855168,380.2494234372797,455.8506703619942,-298.2969459159975,-188.1288480866431,W22005
1968442,1969274,-298.2969459159975,-188.1288480866431,1365.4932069247875,-2172.053304059203,W22005
2034688,2035190,1365.4932069247875,-2172.053304059203,-757.1301394926505,-1761.398084774919,W22005
2039506,2041432,-757.1301394926505,-1761.398084774919,-1189.7987514110014,-1984.8150067328563,W22005
