started_at,ended_at,start_x,start_y,end_x,end_y,bike_id
117704,118094,-1360.182448193738,3399.343570419514,-2906.0520040511774,3041.230845985579,W22050
118868,119647,-2906.0520040511774,3041.230845985579,-2803.1298600936816,296.3567677708471,W22050
142792,142986,-2803.1298600936816,296.3567677708471,-2169.5321645165045,380.3764934373816,W22050
145419,145851,-2169.5321645165045,380.3764934373816,-2524.594292383785,1823.5140002958813,W22050
204936,205609,-2524.594292383785,1823.5140002958813,-1890.7937293864395,645.4266634342174,W22050
280475,281154,753.3851724438222,2085.781199166297,572.5803208358176,131.6901936600965,W22050
281887,282462,572.5803208358176,131.6901936600965,-1051.840396051375,-834.0564463237743,W22050
587632,588629,-1051.840396051375,-834.0564463237743,-907.7828902857132,177.44223896388112,W22050
653737,655131,-907.7828902857132,177.44223896388112,1259.9606745071096,-989.0679380163066,W22050
655202,656569,1259.9606745071096,-989.0679380163066,2625.1536130326635,-1776.9827230781227,W22050
