started_at,ended_at,start_x,start_y,end_x,end_y,bike_id
132577,135157,1774.1270397604533,-450.0620904220471,3430.750056568192,-741.7174643782791,W22053
142471,143044,3430.750056568192,-741.7174643782791,2477.2140987236085,-1485.856961461107,W22053
286411,287380,2477.2140987236085,-1485.856961461107,1002.1298273174614,77.58923497942598,W22053
288280,289052,1002.1298273174614,77.58923497942598,-1450.099395056315,-447.3904381419498,W22053
1017665,1019390,-1994.3215216154588,-3476.932805400522,-1994.3215216154588,-3476.932805400522,W22053
1100814,1101882,-1994.3215216154588,-3476.932805400522,-757.2144788708657,-1761.398084774919,W22053
1102480,1104387,-757.2144788708657,-1761.398084774919,-2172.0118915123644,2509.7946798534413,W22053
1163629,1164389,-2172.0118915123644,2509.7946798534413,-543.4342390331508,1377.793344829783,W22053
1247880,1248263,-543.4342390331508,1377.793344829783,-1553.745244797235,1509.7618356025214,W22053
1249018,1249274,-1553.745244797235,1509.7618356025214,-929.3914426548988,1038.6048240499654,W22053
1252719,1253375,-929.3914426548988,1038.6048240499654,-2013.015909685712,225.7907524544684,W22053
1274476,1276266,-2104.020490588656,3097.446862721063,-500.12939426980034,1054.6347377329218,W22053
1623324,1623890,-1450.099395056315,-447.3904381419498,-188.8673402319529,519.5250497148589,W22053
1706935,1707238,-188.8673402319529,519.5250497148589,-298.30049519174673,-188.1288480866431,W22053
1964901,1965241,-298.30049519174673,-188.1288480866431,380.2384601627839,455.8506703619942,W22053
1968381,1969157,380.2384601627839,455.8506703619942,-117.15367456973772,-2177.897543422312,W22053
2013148,2013664,-117.15367456973772,-2177.897543422312,-568.1726241532793,-1955.7830855160428,W22053
2033104,2033621,-568.1726241532793,-1955.7830855160428,1108.854912819232,-2222.2581031636773,W22053
2045758,2046186,1108.854912819232,-2222.2581031636773,1399.084123210781,-702.1992743957761,W22053
2051208,2052592,1399.084123210781,-702.1992743957761,1774.1270397604533,-450.0620904220471,W22053
2054063,2055534,1774.1270397604533,-450.0620904220471,1399.084123210781,-702.1992743957761,W22053
2095954,2096219,1399.084123210781,-702.1992743957761,912.5376302209072,-1263.1349344592616,W22053
2476106,2477217,-2194.4774136437,1670.339269546311,-2104.020490588656,3097.446862721063,W22053
2552145,2552294,-2104.020490588656,3097.446862721063,-2089.6479554302955,2393.132530270474,W22053
