started_at,ended_at,start_x,start_y,end_x,end_y,bike_id
39057,39519,1244.6201406197797,1024.896740019206,1002.1298273174614,77.58923497942598,W22082
52853,53606,1002.1298273174614,77.58923497942598,1835.2706095118488,-1359.8153513599148,W22082
53845,54632,1835.2706095118488,-1359.8153513599148,3941.095644803859,-2583.2651175679807,W22082
289130,289572,3941.095644803859,-2583.2651175679807,2625.1536130326635,-1776.9827230781227,W22082
291342,291814,2625.1536130326635,-1776.9827230781227,2466.033342862163,-3216.0014326701544,W22082
2269014,2270640,2708.7693829000227,-3300.8263925766887,949.0927421968316,1050.348962199343,W22082
2297269,2298854,949.0927421968316,1050.348962199343,2708.7693829000227,-3300.8263925766887,W22082
