started_at,ended_at,start_x,start_y,end_x,end_y,bike_id
62220,62866,-2524.594292383785,1823.5140002958813,-2808.1861045329406,513.9591074636016,W22072
