started_at,ended_at,start_x,start_y,end_x,end_y,bike_id
204210,204378,-11358.05766519392,-2195.7642180482303,-11571.843862945265,-1390.2766539863078,W22092
235024,235629,-11571.843862945265,-1390.2766539863078,-12912.11679695706,-1914.4614966789568,W22092
2007825,2008055,-12912.11679695706,-1914.4614966789568,-13476.87528467373,-2013.7579064381289,W22092
2308211,2309797,-13476.87528467373,-2013.7579064381289,-13476.87528467373,-2013.7579064381289,W22092
2447765,2449404,-13476.87528467373,-2013.7579064381289,-13476.87528467373,-2013.7579064381289,W22092
2542731,2543547,-13476.87528467373,-2013.7579064381289,-13045.884125401046,-1581.729468909902,W22092
