started_at,ended_at,start_x,start_y,end_x,end_y,bike_id
1081676,1081879,-1890.7937293864395,645.4266634342174,-2169.5321645165045,380.3764934373816,W22010
1084662,1085378,-2169.5321645165045,380.3764934373816,-2348.210150806419,-441.1565828206682,W22010
1098059,1098770,-2348.210150806419,-441.1565828206682,-1380.3033083701418,-858.2682951157151,W22010
1100881,1102378,-1380.3033083701418,-858.2682951157151,-757.2144788708657,-1761.398084774919,W22010
1120047,1121094,-757.2144788708657,-1761.398084774919,2285.373851356912,-1533.30577132602,W22010
1766817,1767720,2285.373851356912,-1533.30577132602,236.3596737786456,-1033.5954760247828,W22010
1768302,1768889,236.3596737786456,-1033.5954760247828,-1051.840396051375,-834.0564463237743,W22010
1772143,1773534,-1051.840396051375,-834.0564463237743,2285.373851356912,-1533.30577132602,W22010
1782580,1783624,2285.373851356912,-1533.30577132602,-1380.3033083701418,-858.2682951157151,W22010
1785354,1788807,-1380.3033083701418,-858.2682951157151,-802.7521471361426,-996.414981787365,W22010
