started_at,ended_at,start_x,start_y,end_x,end_y,bike_id
236343,237253,-7838.6869459184,18377.62812459116,-7991.512959464968,17001.615881281174,W22017
2304522,2306749,-7991.512959464968,17001.615881281174,-7991.512959464968,17001.615881281174,W22017
