started_at,ended_at,start_x,start_y,end_x,end_y,bike_id
135586,136515,-2172.0118915123644,2509.7946798534413,-922.0093029382764,1354.416387375768,W22080
138360,138650,-922.0093029382764,1354.416387375768,-912.0125818422052,1947.857150184919,W22080
142664,143433,-912.0125818422052,1947.857150184919,-1555.445981478385,542.4818752125246,W22080
148579,150213,-1555.445981478385,542.4818752125246,1002.1298273174614,77.58923497942598,W22080
150856,151884,1002.1298273174614,77.58923497942598,3280.834815674903,631.4004889613337,W22080
364221,365087,3280.834815674903,631.4004889613337,1002.1298273174614,77.58923497942598,W22080
366488,367048,1002.1298273174614,77.58923497942598,-1017.6238913195454,-1111.63304402804,W22080
568025,569300,-1017.6238913195454,-1111.63304402804,-824.2637352862973,-1329.162363396306,W22080
578881,579986,-824.2637352862973,-1329.162363396306,912.5376302209072,-1263.1349344592616,W22080
580323,581556,912.5376302209072,-1263.1349344592616,2049.325672781144,-9.239464137182011,W22080
648714,649251,2049.325672781144,-9.239464137182011,-65.24421585664805,-642.142757506466,W22080
649271,650573,-65.24421585664805,-642.142757506466,-3821.501991331301,729.9176668049492,W22080
1546305,1546470,-2925.311977241168,1006.3223589937804,-2808.1861045329406,513.9591074636016,W22080
1609509,1611125,-2808.1861045329406,513.9591074636016,-1812.32704114666,-1830.5270875335093,W22080
1613039,1614403,-1812.32704114666,-1830.5270875335093,-1994.3215216154588,-3476.932805400522,W22080
1616172,1622216,-1994.3215216154588,-3476.932805400522,-1994.3215216154588,-3476.932805400522,W22080
1695020,1695743,-1994.3215216154588,-3476.932805400522,-1812.32704114666,-1830.5270875335093,W22080
1698847,1701237,-1812.32704114666,-1830.5270875335093,-2853.533219035006,-891.6639486224678,W22080
