started_at,ended_at,start_x,start_y,end_x,end_y,bike_id
51135,52802,-910.6317190044888,-149.73790131117772,1661.0597938622689,-2394.4683564113134,W22060
144820,145437,1661.0597938622689,-2394.4683564113134,97.82170735439732,-1598.5386145076236,W22060
147429,148017,97.82170735439732,-1598.5386145076236,1709.7916832437074,-315.9228821705432,W22060
152091,152257,1709.7916832437074,-315.9228821705432,1812.4743714305184,289.6516347461591,W22060
202496,202683,1812.4743714305184,289.6516347461591,1796.710145560574,852.6864867715699,W22060
206553,207634,1796.710145560574,852.6864867715699,-1898.892902655899,642.7550111541201,W22060
220880,221727,-1898.892902655899,642.7550111541201,-1619.9365259724264,2337.5844266058048,W22060
228483,228895,-1619.9365259724264,2337.5844266058048,-799.8820989751116,2230.607016540563,W22060
282770,283169,-799.8820989751116,2230.607016540563,-1022.594160382934,847.5816859929531,W22060
286422,287087,-1022.594160382934,847.5816859929531,-465.43463430746266,-1283.8432972756757,W22060
470713,471195,-465.43463430746266,-1283.8432972756757,470.0445168883398,-1523.9549883433065,W22060
472634,472899,470.0445168883398,-1523.9549883433065,435.06300640745945,-2350.107796669948,W22060
474693,474948,435.06300640745945,-2350.107796669948,1043.6506532373223,-3102.2310373795663,W22060
583573,585258,1043.6506532373223,-3102.2310373795663,1924.932438194748,2367.4178770713734,W22060
653394,654153,1924.932438194748,2367.4178770713734,-359.9313181814267,1775.6468969372831,W22060
654689,655152,-359.9313181814267,1775.6468969372831,128.0433274469788,541.454862184085,W22060
670154,671455,128.0433274469788,541.454862184085,1485.3831175752284,-2110.138983442487,W22060
710986,711251,1485.3831175752284,-2110.138983442487,1782.257882414919,-1414.8625202224605,W22060
714819,715022,1782.257882414919,-1414.8625202224605,1485.3831175752284,-2110.138983442487,W22060
753065,754704,1485.3831175752284,-2110.138983442487,-2296.9192411811423,-809.1210250386479,W22060
755190,757916,-2296.9192411811423,-809.1210250386479,1043.6506532373223,-3102.2310373795663,W22060
2220340,2223039,1043.6506532373223,-3102.2310373795663,1043.6506532373223,-3102.2310373795663,W22060
2395595,2396318,1043.6506532373223,-3102.2310373795663,1823.2038828180252,-1850.6757984813523,W22060
2643044,2643693,1823.2038828180252,-1850.6757984813523,2990.389368117216,-818.0821920623969,W22060
