started_at,ended_at,start_x,start_y,end_x,end_y,bike_id
565475,565991,-794.7691416991337,2685.45581729673,-1360.182448193738,3399.343570419514,W22167
569140,569640,-1360.182448193738,3399.343570419514,-2104.020490588656,3097.446862721063,W22167
572111,574201,-2104.020490588656,3097.446862721063,2650.3265920979,3121.0464578661404,W22167
