started_at,ended_at,start_x,start_y,end_x,end_y,bike_id
1595875,1596094,1705.97931922735,1036.489765995152,1270.88485205592,1678.4655452337165,W22184
1621454,1622369,1270.88485205592,1678.4655452337165,1836.455676766838,1899.4334526018283,W22184
1679467,1680934,1836.455676766838,1899.4334526018283,-1812.1172615052687,1830.5270875335093,W22184
1705571,1709488,-1812.1172615052687,1830.5270875335093,223.5218465521,443.9395539462969,W22184
1860755,1866995,223.5218465521,443.9395539462969,223.5218465521,443.9395539462969,W22184
2058844,2062325,223.5218465521,443.9395539462969,-1713.783486068777,-1824.4045510561773,W22184
2231424,2231776,-1713.783486068777,-1824.4045510561773,-2646.698106240912,-1031.0908020110053,W22184
