started_at,ended_at,start_x,start_y,end_x,end_y,bike_id
2403755,2405933,-2172.0118915123644,2509.7946798534413,-2172.0118915123644,2509.7946798534413,W22145
2465802,2466115,-2172.0118915123644,2509.7946798534413,-2450.1589905827414,1407.2928387603392,W22145
