started_at,ended_at,start_x,start_y,end_x,end_y,bike_id
398822,402309,-1051.840396051375,-834.0564463237743,-1017.6238913195454,-1111.63304402804,W22107
546450,546936,-1017.6238913195454,-1111.63304402804,-117.15367456973772,-2177.897543422312,W22107
564164,564502,-117.15367456973772,-2177.897543422312,-104.30822423996608,-1101.0580053229169,W22107
653079,654160,-104.30822423996608,-1101.0580053229169,903.3176669575872,-2156.246028065728,W22107
750652,750713,2500.732022251305,-159.2972672261112,2500.732022251305,-159.2972672261112,W22107
897861,898290,2500.732022251305,-159.2972672261112,1002.1298273174614,77.58923497942598,W22107
901137,902241,1002.1298273174614,77.58923497942598,-1890.7937293864395,645.4266634342174,W22107
930159,930718,-1890.7937293864395,645.4266634342174,-828.8681814864412,-38.85027691326964,W22107
931773,932295,-828.8681814864412,-38.85027691326964,1002.1298273174614,77.58923497942598,W22107
972942,973561,1002.1298273174614,77.58923497942598,903.3176669575872,-2156.246028065728,W22107
992534,993118,903.3176669575872,-2156.246028065728,1002.1298273174614,77.58923497942598,W22107
996311,996552,1002.1298273174614,77.58923497942598,1572.4295790921033,412.8815961838383,W22107
1067611,1067792,1572.4295790921033,412.8815961838383,1884.1796308376872,112.54335231649912,W22107
1070885,1071226,1884.1796308376872,112.54335231649912,1157.659916597574,-143.71262892290716,W22107
1325345,1326230,1157.659916597574,-143.71262892290716,-2018.959555819223,1083.449620274128,W22107
1328725,1329393,-2018.959555819223,1083.449620274128,-543.4342390331508,1377.793344829783,W22107
1333655,1334248,-543.4342390331508,1377.793344829783,-2417.219257666417,1540.3188585612754,W22107
1440757,1441008,-2417.219257666417,1540.3188585612754,-1917.467610232194,723.2385361039151,W22107
1446330,1447072,-1917.467610232194,723.2385361039151,-543.4342390331508,1377.793344829783,W22107
1676824,1677681,-1620.0792206913457,3013.067178195072,-2013.015909685712,225.7907524544684,W22107
2561749,2562793,1120.6795998258754,2058.068864235805,-2417.219257666417,1540.3188585612754,W22107
2564203,2565591,-2417.219257666417,1540.3188585612754,1120.6795998258754,2058.068864235805,W22107
