started_at,ended_at,start_x,start_y,end_x,end_y,bike_id
2141706,2142878,-543.4342390331508,1377.793344829783,1111.6181164467437,379.2633049876047,W22178
2144246,2145043,1111.6181164467437,379.2633049876047,-543.4342390331508,1377.793344829783,W22178
2279671,2280237,-543.4342390331508,1377.793344829783,-794.7691416991337,2685.45581729673,W22178
2371465,2371810,-794.7691416991337,2685.45581729673,-1557.3691014905978,2536.900818615751,W22178
2372534,2372888,-1557.3691014905978,2536.900818615751,-814.5374629822909,2330.682658213708,W22178
2381450,2385924,-814.5374629822909,2330.682658213708,-1553.745244797235,1509.7618356025214,W22178
2393159,2396250,-1553.745244797235,1509.7618356025214,-1553.745244797235,1509.7618356025214,W22178
