started_at,ended_at,start_x,start_y,end_x,end_y,bike_id
2374162,2375003,3941.095644803859,-2583.2651175679807,2852.98200490415,-995.5244310270688,W22169
2469136,2470312,2852.98200490415,-995.5244310270688,223.52812242238716,-443.9395539462969,W22169
2482165,2484043,223.52812242238716,-443.9395539462969,-2524.594292383785,1823.5140002958813,W22169
2612575,2612816,-2524.594292383785,1823.5140002958813,-2808.1861045329406,513.9591074636016,W22169
