started_at,ended_at,start_x,start_y,end_x,end_y,bike_id
742658,746338,-1994.3215216154588,-3476.932805400522,-2853.533219035006,-891.6639486224678,W22237
750936,754341,-2853.533219035006,-891.6639486224678,-1380.3033083701418,-858.2682951157151,W22237
755786,756782,-1380.3033083701418,-858.2682951157151,1578.918836795151,-370.5804350772885,W22237
811726,812314,1578.918836795151,-370.5804350772885,33.87216753763598,-102.3020185750716,W22237
841798,842453,33.87216753763598,-102.3020185750716,949.0927421968316,1050.348962199343,W22237
845477,846347,949.0927421968316,1050.348962199343,-912.0125818422052,1947.857150184919,W22237
897597,898072,-912.0125818422052,1947.857150184919,-1881.431886693912,2146.116013168249,W22237
898595,899377,-1881.431886693912,2146.116013168249,-2594.876311980931,495.12537678995767,W22237
997823,997999,-2604.841974791065,587.31822633261,-2606.956075627768,-149.61252770917662,W22237
1001971,1002217,-2606.956075627768,-149.61252770917662,-2808.1861045329406,513.9591074636016,W22237
1003005,1003259,-2808.1861045329406,513.9591074636016,-2606.956075627768,-149.61252770917662,W22237
1073738,1075115,-919.4722224283496,3269.7684348142307,-1450.099395056315,-447.3904381419498,W22237
1078388,1079304,-1450.099395056315,-447.3904381419498,-1592.754378936063,822.8132429757283,W22237
1105948,1106664,-1592.754378936063,822.8132429757283,-1812.32704114666,-1830.5270875335093,W22237
2218368,2218611,-1881.431886693912,2146.116013168249,-1008.4935812659144,2284.707975219652,W22237
2222672,2222996,-1008.4935812659144,2284.707975219652,-1386.3722255965383,1072.7797094714829,W22237
2279254,2279829,-1386.3722255965383,1072.7797094714829,-4001.84712299075,833.4441926753292,W22237
2306814,2307505,-4001.84712299075,833.4441926753292,-1386.3722255965383,1072.7797094714829,W22237
2312873,2313168,-1386.3722255965383,1072.7797094714829,-1923.405460375761,1762.9565486044485,W22237
2397321,2398249,-1351.952265455199,2402.817269788199,-3204.387511290492,842.0157437416958,W22237
2533237,2534878,-3204.387511290492,842.0157437416958,236.3596737786456,-1033.5954760247828,W22237
2538560,2539630,236.3596737786456,-1033.5954760247828,236.3596737786456,-1033.5954760247828,W22237
