started_at,ended_at,start_x,start_y,end_x,end_y,bike_id
2222429,2222711,-929.4525001462196,-1038.6048240499654,-1315.9432245686708,-375.0331888763961,W22251
2303298,2305996,-117.13754112524298,2177.897543422312,-117.13754112524298,2177.897543422312,W22251
2310569,2311658,-117.13754112524298,2177.897543422312,2867.444159312064,2550.6486959767835,W22251
2311757,2312755,2867.444159312064,2550.6486959767835,4215.100165026318,34.31086097147756,W22251
2313104,2314826,4215.100165026318,34.31086097147756,491.32330200274,2930.0207841319307,W22251
2314869,2315253,491.32330200274,2930.0207841319307,-117.13754112524298,2177.897543422312,W22251
2467346,2469317,-117.13754112524298,2177.897543422312,-3698.003126530832,-668.4251368154823,W22251
