started_at,ended_at,start_x,start_y,end_x,end_y,bike_id
51187,52210,-910.6317190044888,-149.73790131117772,-2301.331649052671,-1063.874201870104,W22271
60022,60367,-2301.331649052671,-1063.874201870104,-2053.4663687098687,-1523.9549883433065,W22271
574901,576761,-2053.4663687098687,-1523.9549883433065,1485.3831175752284,-2110.138983442487,W22271
666997,669374,1485.3831175752284,-2110.138983442487,1773.7194936638002,-2538.069666488689,W22271
744748,747402,1773.7194936638002,-2538.069666488689,-2094.393320151142,858.8805487633692,W22271
756238,756437,-2094.393320151142,858.8805487633692,-2042.7259812106383,322.91512354232174,W22271
765831,766995,-2042.7259812106383,322.91512354232174,2283.334914585575,-335.1253829365107,W22271
807547,808743,2283.334914585575,-335.1253829365107,-2250.9703201658835,124.14651452321117,W22271
836360,837766,-2250.9703201658835,124.14651452321117,1124.7088420298285,-40.52005958753947,W22271
841072,845951,1124.7088420298285,-40.52005958753947,-897.9286217198713,-619.6006913895858,W22271
845967,847641,-897.9286217198713,-619.6006913895858,1796.710145560574,852.6864867715699,W22271
926185,927161,1796.710145560574,852.6864867715699,2596.793129117454,3863.209197624172,W22271
929727,930019,2596.793129117454,3863.209197624172,3754.99291463305,3909.517837153241,W22271
1241776,1242019,-377.2782335264637,866.3945708023293,8.662919362128497,1205.5830915821473,W22271
1335229,1335501,8.662919362128497,1205.5830915821473,-377.2782335264637,866.3945708023293,W22271
1357051,1357272,-377.2782335264637,866.3945708023293,-18.713083837096207,210.3926170908813,W22271
1358023,1358316,-18.713083837096207,210.3926170908813,-377.2782335264637,866.3945708023293,W22271
1372205,1373353,-377.2782335264637,866.3945708023293,901.9420715355648,3443.4258330482376,W22271
1452512,1453633,901.9420715355648,3443.4258330482376,-1865.1073615998864,1368.1086053136396,W22271
1614862,1615280,-1617.3824598979872,208.1662401897456,-1642.789656665885,1651.749022427998,W22271
1619009,1620616,-1642.789656665885,1651.749022427998,-2296.9192411811423,-809.1210250386479,W22271
1775344,1778499,-2296.9192411811423,-809.1210250386479,-2296.9192411811423,-809.1210250386479,W22271
1782126,1783291,-2296.9192411811423,-809.1210250386479,-250.56925314194632,-1168.625235035001,W22271
1861910,1868125,-250.56925314194632,-1168.625235035001,-250.56925314194632,-1168.625235035001,W22271
