started_at,ended_at,start_x,start_y,end_x,end_y,bike_id
1017558,1019363,-1993.883130108986,3476.932805400522,-1993.883130108986,3476.932805400522,W22250
1100397,1102050,-1993.883130108986,3476.932805400522,-1993.883130108986,3476.932805400522,W22250
1105573,1108182,-1993.883130108986,3476.932805400522,-1993.883130108986,3476.932805400522,W22250
1858802,1859464,-2848.997106809029,636.9107717910118,-3821.678425592958,-729.9176668049492,W22250
