started_at,ended_at,start_x,start_y,end_x,end_y,bike_id
2222429,2222711,-929.3914426548988,1038.6048240499654,-1315.9120102200964,375.0331888763961,W22251
2303298,2305996,-117.15367456973772,-2177.897543422312,-117.15367456973772,-2177.897543422312,W22251
2310569,2311658,-117.15367456973772,-2177.897543422312,2867.906680146335,-2550.6486959767835,W22251
2311757,2312755,2867.906680146335,-2550.6486959767835,4215.109312018323,-34.31086097147756,W22251
2313104,2314826,4215.109312018323,-34.31086097147756,491.4143385422106,-2930.0207841319307,W22251
2314869,2315253,491.4143385422106,-2930.0207841319307,-117.15367456973772,-2177.897543422312,W22251
2467346,2469317,-117.15367456973772,-2177.897543422312,-3697.8467852525214,668.4251368154823,W22251
