started_at,ended_at,start_x,start_y,end_x,end_y,bike_id
1865362,1866330,-1812.1172615052687,-1830.5270875335093,-3385.1977554195914,114.65841037131248,W22215
2208996,2212005,-3385.1977554195914,114.65841037131248,-3698.003126530832,668.4251368154823,W22215
2216366,2224231,-3698.003126530832,668.4251368154823,-3698.003126530832,668.4251368154823,W22215
2226797,2227230,-3698.003126530832,668.4251368154823,-2792.422696799228,1461.727753976022,W22215
2278813,2279174,-2792.422696799228,1461.727753976022,-2194.7092899865465,1670.339269546311,W22215
2284810,2285836,-2194.7092899865465,1670.339269546311,-1881.6873246556,2146.116013168249,W22215
2383899,2384517,-1369.1387647616386,1373.3405910290935,-907.7930782432848,177.44223896388112,W22215
