started_at,ended_at,start_x,start_y,end_x,end_y,bike_id
1878343,1879420,-2605.1986538763904,-423.4568864618599,-1812.1172615052687,-1830.5270875335093,W22257
