started_at,ended_at,start_x,start_y,end_x,end_y,bike_id
114828,116051,2447.250630792388,-463.5171925950309,-1460.4567918220644,-308.2610377861307,W22259
145665,147017,-1460.4567918220644,-308.2610377861307,-1993.883130108986,3476.932805400522,W22259
