started_at,ended_at,start_x,start_y,end_x,end_y,bike_id
669387,671333,-1994.3215216154588,-3476.932805400522,-1315.9120102200964,375.0331888763961,W22260
734084,734521,-2311.895100954131,239.22419795062223,-2190.235672060508,980.0441292680304,W22260
746666,747926,-2190.235672060508,980.0441292680304,1260.3648729942292,461.861887993795,W22260
819528,820182,1260.3648729942292,461.861887993795,912.5376302209072,-1263.1349344592616,W22260
824592,825242,912.5376302209072,-1263.1349344592616,1260.3648729942292,461.861887993795,W22260
838795,841751,1120.6795998258754,2058.068864235805,1372.896741032668,2539.6281303190094,W22260
995907,997435,1372.896741032668,2539.6281303190094,-1051.840396051375,-834.0564463237743,W22260
1000267,1010618,-1051.840396051375,-834.0564463237743,-1051.840396051375,-834.0564463237743,W22260
1072179,1073607,-1051.840396051375,-834.0564463237743,-1017.6238913195454,-1111.63304402804,W22260
1778427,1787120,-3060.847950466069,3019.634990051365,-3060.847950466069,3019.634990051365,W22260
1860675,1862749,-3060.847950466069,3019.634990051365,-2906.0520040511774,3041.230845985579,W22260
1865963,1867760,-2906.0520040511774,3041.230845985579,-2849.1118684293083,-636.9107717910118,W22260
1874421,1875828,-2849.1118684293083,-636.9107717910118,-2417.219257666417,1540.3188585612754,W22260
