started_at,ended_at,start_x,start_y,end_x,end_y,bike_id
1091463,1093956,-17799.473239799405,-1670.895863771595,-17799.473239799405,-1670.895863771595,W22236
1104771,1106013,-17799.473239799405,-1670.895863771595,-18006.211504346444,-2054.3892848711994,W22236
1264079,1270685,-18006.211504346444,-2054.3892848711994,-18006.211504346444,-2054.3892848711994,W22236
1787015,1787844,-18006.211504346444,-2054.3892848711994,-17945.77523187974,-3085.4244274598345,W22236
1863338,1867799,-17945.77523187974,-3085.4244274598345,-17945.77523187974,-3085.4244274598345,W22236
2477399,2482450,-17945.77523187974,-3085.4244274598345,-17945.77523187974,-3085.4244274598345,W22236
2573745,2575045,-17945.77523187974,-3085.4244274598345,-17945.77523187974,-3085.4244274598345,W22236
