started_at,ended_at,start_x,start_y,end_x,end_y,bike_id
65280,66536,-2449.860469178927,11339.939423490196,-2449.860469178927,11339.939423490196,W22227
1703684,1704822,-2449.860469178927,11339.939423490196,-2449.860469178927,11339.939423490196,W22227
