started_at,ended_at,start_x,start_y,end_x,end_y,bike_id
1127670,1128353,-2811.396350385682,-425.46062567272384,-2195.1424784234973,1823.9592756756335,W22249
1175922,1176245,-2195.1424784234973,1823.9592756756335,-1917.5553273249889,723.2385361039151,W22249
1431787,1432768,-2104.4328194970344,3097.446862721063,-1881.6873246556,2146.116013168249,W22249
1443532,1444715,-1881.6873246556,2146.116013168249,-1881.6873246556,2146.116013168249,W22249
1525974,1526219,-1881.6873246556,2146.116013168249,-2417.454784827981,1540.3188585612754,W22249
1794388,1796027,-1189.7987514110014,-1984.8150067328563,-1189.7987514110014,-1984.8150067328563,W22249
1864100,1864308,-1189.7987514110014,-1984.8150067328563,-1189.7987514110014,-1984.8150067328563,W22249
2310915,2313930,-1051.7849150501052,-834.0564463237743,-1051.7849150501052,-834.0564463237743,W22249
