started_at,ended_at,start_x,start_y,end_x,end_y,bike_id
489834,490276,-246.9191299668783,106.75477237497007,1002.1298273174614,77.58923497942598,W22267
564244,565816,-2605.26842578739,-423.4568864618599,-2348.210150806419,-441.1565828206682,W22267
669371,671154,-2348.210150806419,-441.1565828206682,1111.6181164467437,379.2633049876047,W22267
756520,757220,1111.6181164467437,379.2633049876047,1221.5108251699423,-2365.859413241053,W22267
802352,802691,1221.5108251699423,-2365.859413241053,912.5376302209072,-1263.1349344592616,W22267
804087,804300,912.5376302209072,-1263.1349344592616,1108.854912819232,-2222.2581031636773,W22267
894131,894856,-929.3914426548988,1038.6048240499654,949.0927421968316,1050.348962199343,W22267
895479,896168,949.0927421968316,1050.348962199343,-584.2071226972812,-157.18220917050687,W22267
2140875,2141529,-2646.5254975806206,1031.0908020110053,-1923.405460375761,1762.9565486044485,W22267
2204631,2205536,-1923.405460375761,1762.9565486044485,364.51883299847503,2132.201157540106,W22267
2222071,2222969,364.51883299847503,2132.201157540106,-543.4342390331508,1377.793344829783,W22267
2226977,2228568,-543.4342390331508,1377.793344829783,1365.6807727435448,-2172.053304059203,W22267
2275271,2275646,1365.6807727435448,-2172.053304059203,933.1862516873412,-1937.9287301948511,W22267
2305143,2305798,933.1862516873412,-1937.9287301948511,1884.1796308376872,112.54335231649912,W22267
2310543,2311117,1884.1796308376872,112.54335231649912,1835.2706095118488,-1359.8153513599148,W22267
2319779,2322418,1835.2706095118488,-1359.8153513599148,-2194.4774136437,1670.339269546311,W22267
2396854,2397535,-2194.4774136437,1670.339269546311,-4214.829945059849,1013.5580839200984,W22267
