started_at,ended_at,start_x,start_y,end_x,end_y,bike_id
1878477,1880176,-2156.553528216487,16372.441769220184,-2156.553528216487,16372.441769220184,W22235
2034121,2040349,-2156.553528216487,16372.441769220184,-2156.553528216487,16372.441769220184,W22235
2302335,2304276,-2156.553528216487,16372.441769220184,-2156.553528216487,16372.441769220184,W22235
