started_at,ended_at,start_x,start_y,end_x,end_y,bike_id
2228379,2233141,-919.6624414465116,-3269.7684348142307,-919.6624414465116,-3269.7684348142307,W22288
2313870,2315048,-919.6624414465116,-3269.7684348142307,-2792.422696799228,-1461.727753976022,W22288
2315061,2317851,-2792.422696799228,-1461.727753976022,-543.4816018481092,-1377.793344829783,W22288
2317868,2318880,-543.4816018481092,-1377.793344829783,-794.9041712895468,-2685.45581729673,W22288
