started_at,ended_at,start_x,start_y,end_x,end_y,bike_id
64048,64722,-2450.377106119949,-1407.2928387603392,-2089.96432566718,-2393.132530270474,W22233
114552,114935,-2089.96432566718,-2393.132530270474,-2019.097921527496,-1083.449620274128,W22233
148003,148483,-2019.097921527496,-1083.449620274128,-1557.6190541540952,-2536.900818615751,W22233
203466,204462,-1557.6190541540952,-2536.900818615751,-3385.1977554195914,-114.65841037131248,W22233
326211,326998,-3385.1977554195914,-114.65841037131248,-2089.96432566718,-2393.132530270474,W22233
374573,375332,-2089.96432566718,-2393.132530270474,-1031.2517830869351,-841.1251929813999,W22233
568226,568715,-1031.2517830869351,-841.1251929813999,-65.24156624682065,642.142757506466,W22233
568781,569169,-65.24156624682065,642.142757506466,236.34422431908067,1033.5954760247828,W22233
