started_at,ended_at,start_x,start_y,end_x,end_y,bike_id
67821,68586,-1592.754378936063,822.8132429757283,-2194.889224699188,1823.9592756756335,W22272
112758,113164,-2194.889224699188,1823.9592756756335,-1890.7937293864395,645.4266634342174,W22272
201971,202487,-3821.501991331301,729.9176668049492,-2803.1298600936816,296.3567677708471,W22272
907795,908465,-4001.84712299075,833.4441926753292,-2803.1298600936816,296.3567677708471,W22272
920387,920721,-2803.1298600936816,296.3567677708471,-1890.7937293864395,645.4266634342174,W22272
926825,928205,-1890.7937293864395,645.4266634342174,2852.98200490415,-995.5244310270688,W22272
982226,983055,2852.98200490415,-995.5244310270688,912.5376302209072,-1263.1349344592616,W22272
1794445,1794969,-1687.4808070499614,3322.088291974309,-1553.745244797235,1509.7618356025214,W22272
1838318,1839249,-1553.745244797235,1509.7618356025214,-1891.2395552395976,-909.029688445473,W22272
2566944,2568930,2438.2540112858683,-645.8719388147609,2438.2540112858683,-645.8719388147609,W22272
2570242,2571400,2438.2540112858683,-645.8719388147609,2175.7585113241184,414.1061034791464,W22272
2571908,2572740,2175.7585113241184,414.1061034791464,935.5683550562323,-2444.89579320685,W22272
2650129,2651161,935.5683550562323,-2444.89579320685,2500.732022251305,-159.2972672261112,W22272
