started_at,ended_at,start_x,start_y,end_x,end_y,bike_id
425523,426315,-15526.90393261427,23192.390809459204,-15540.978984827772,21815.488015388924,W22213
656928,658631,-15540.978984827772,21815.488015388924,-15540.978984827772,21815.488015388924,W22213
