started_at,ended_at,start_x,start_y,end_x,end_y,bike_id
2309000,2312295,1835.1127926085971,-1359.8153513599148,-1051.7849150501052,-834.0564463237743,W22255
