started_at,ended_at,start_x,start_y,end_x,end_y,bike_id
322456,322851,-11571.843862945265,-1390.2766539863078,-12480.698086036266,-1356.8654019663843,W22284
757146,759019,-12480.698086036266,-1356.8654019663843,-12480.698086036266,-1356.8654019663843,W22284
1705587,1707125,-12480.698086036266,-1356.8654019663843,-12480.698086036266,-1356.8654019663843,W22284
2201739,2202644,-12480.698086036266,-1356.8654019663843,-14503.535530257355,-293.659113166305,W22284
2202699,2203917,-14503.535530257355,-293.659113166305,-11358.05766519392,-2195.7642180482303,W22284
2482606,2487466,-11358.05766519392,-2195.7642180482303,-11358.05766519392,-2195.7642180482303,W22284
