started_at,ended_at,start_x,start_y,end_x,end_y,bike_id
314976,315823,-2248.5703681191844,832.4674209813991,-543.4342390331508,1377.793344829783,W22218
343043,343271,-543.4342390331508,1377.793344829783,-188.8673402319529,519.5250497148589,W22218
372112,372525,-188.8673402319529,519.5250497148589,-497.6852901437867,-1112.8544936800606,W22218
667415,670232,-497.6852901437867,-1112.8544936800606,-2170.059593926037,-306.3494614999309,W22218
745382,746646,-2170.059593926037,-306.3494614999309,-1994.3215216154588,-3476.932805400522,W22218
