started_at,ended_at,start_x,start_y,end_x,end_y,bike_id
2553652,2554325,-7368.509772695037,-2892.954144417242,-8139.9694169130735,-1546.1074385028046,W22322
