started_at,ended_at,start_x,start_y,end_x,end_y,bike_id
1257769,1258593,-367.4370509722781,3097.5581815665946,-1022.594160382934,847.5816859929531,W22375
1273403,1274131,-1022.594160382934,847.5816859929531,-1135.4390937110154,3149.8780387266734,W22375
1280449,1280695,-1135.4390937110154,3149.8780387266734,-1619.9365259724264,2337.5844266058048,W22375
1350834,1351276,-1619.9365259724264,2337.5844266058048,-1001.6416887046756,1337.5515823548856,W22375
1354596,1355801,-1001.6416887046756,1337.5515823548856,1552.3696547911195,1465.178638172466,W22375
1446267,1448952,1552.3696547911195,1465.178638172466,1552.3696547911195,1465.178638172466,W22375
1670488,1671247,1552.3696547911195,1465.178638172466,594.6698529972505,511.5972467311889,W22375
1694896,1695677,594.6698529972505,511.5972467311889,-1161.491409832351,1652.194297808541,W22375
1704001,1704115,-1161.491409832351,1652.194297808541,-1371.3067196627298,1590.7462953568122,W22375
1704261,1705361,-1371.3067196627298,1590.7462953568122,-4111.364334099719,2757.4791100264806,W22375
1735805,1736554,-4111.364334099719,2757.4791100264806,-1161.491409832351,1652.194297808541,W22375
1753547,1754147,-1161.491409832351,1652.194297808541,-1339.0478585909025,-1081.2399416931091,W22375
1758915,1763606,-1339.0478585909025,-1081.2399416931091,-1339.0478585909025,-1081.2399416931091,W22375
1771951,1775397,-1339.0478585909025,-1081.2399416931091,1812.4743714305184,289.6516347461591,W22375
1777348,1778322,1812.4743714305184,289.6516347461591,4162.254879813961,-371.3596669912623,W22375
1796712,1798018,4162.254879813961,-371.3596669912623,470.0445168883398,-1523.9549883433065,W22375
2321936,2323686,470.0445168883398,-1523.9549883433065,-799.8820989751116,2230.607016540563,W22375
2389497,2391131,-367.4370509722781,3097.5581815665946,-872.6684979461987,6525.733332847432,W22375
2480816,2482058,-872.6684979461987,6525.733332847432,567.8716789013716,10359.77699307606,W22375
