started_at,ended_at,start_x,start_y,end_x,end_y,bike_id
28519,29180,-2606.956075627768,-149.61252770917662,-1893.9180927095776,1322.3565600090635,W22311
50174,51067,-1893.9180927095776,1322.3565600090635,-2853.533219035006,-891.6639486224678,W22311
233912,234628,-2606.956075627768,-149.61252770917662,-570.845296965312,382.6028703385173,W22311
235609,237015,-570.845296965312,382.6028703385173,2625.1536130326635,-1776.9827230781227,W22311
237443,237805,2625.1536130326635,-1776.9827230781227,3941.095644803859,-2583.2651175679807,W22311
409043,410568,3941.095644803859,-2583.2651175679807,-246.9191299668783,106.75477237497007,W22311
490387,491066,-246.9191299668783,106.75477237497007,-1369.0198339983065,1373.3405910290935,W22311
498703,499779,-1369.0198339983065,1373.3405910290935,1682.9689672611153,1296.3079502741607,W22311
578631,579273,1682.9689672611153,1296.3079502741607,3861.339855126864,1821.955536465561,W22311
586363,587109,3861.339855126864,1821.955536465561,3430.750056568192,-741.7174643782791,W22311
658241,659994,3430.750056568192,-741.7174643782791,1221.5108251699423,-2365.859413241053,W22311
662109,663705,1221.5108251699423,-2365.859413241053,1108.854912819232,-2222.2581031636773,W22311
756987,757192,1108.854912819232,-2222.2581031636773,1108.854912819232,-2222.2581031636773,W22311
809833,810183,-1881.431886693912,2146.116013168249,-2018.959555819223,1083.449620274128,W22311
841087,841628,-2018.959555819223,1083.449620274128,-3499.0812210478525,986.6189234248992,W22311
895601,896470,-3499.0812210478525,986.6189234248992,-1462.7862234637655,22.472351936458256,W22311
