started_at,ended_at,start_x,start_y,end_x,end_y,bike_id
58478,59363,-355.6398425470696,5.231985716245127,2999.275398518414,291.3069393473949,W22359
59543,60196,2999.275398518414,291.3069393473949,2387.4374655296765,-1532.0256046075506,W22359
72931,73723,2387.4374655296765,-1532.0256046075506,4162.254879813961,-371.3596669912623,W22359
979749,981203,-386.5143738072543,5772.104752051873,-1638.1066826638655,807.8338760203944,W22359
983389,984421,-1638.1066826638655,807.8338760203944,-1068.027447763776,2840.856924947436,W22359
986150,988575,-1068.027447763776,2840.856924947436,-1338.6563166249937,473.21641018658136,W22359
1065631,1065859,-1338.6563166249937,473.21641018658136,-1759.7389167323108,67.0139447029863,W22359
1107662,1108065,-1759.7389167323108,67.0139447029863,-2256.0341078902416,341.74885421596565,W22359
1113157,1113617,-2256.0341078902416,341.74885421596565,-3449.6932796672977,661.2339394276931,W22359
1118940,1119398,-3449.6932796672977,661.2339394276931,-1638.1066826638655,807.8338760203944,W22359
2186092,2186667,-810.2158349534978,3422.163933649827,-1642.372485044098,1498.1290162986752,W22359
2189798,2190473,-1642.372485044098,1498.1290162986752,-908.2838184938292,136.05078453849475,W22359
2217742,2219200,-908.2838184938292,136.05078453849475,586.0147279129765,-274.5122718227076,W22359
2219256,2220418,586.0147279129765,-274.5122718227076,2370.607497604895,4095.42030833954,W22359
2223069,2224475,2370.607497604895,4095.42030833954,2131.053938378371,-542.7906883249245,W22359
2390538,2390787,2131.053938378371,-542.7906883249245,3052.8497049862785,-331.5075204737472,W22359
