started_at,ended_at,start_x,start_y,end_x,end_y,bike_id
660062,662842,-27497.082439525377,5970.363615035204,-27497.082439525377,5970.363615035204,W22367
739687,743557,-27497.082439525377,5970.363615035204,-27497.082439525377,5970.363615035204,W22367
754873,755214,-27497.082439525377,5970.363615035204,-28472.54264205245,6375.118935533218,W22367
932211,934074,-28472.54264205245,6375.118935533218,-28472.54264205245,6375.118935533218,W22367
1324854,1325133,-28472.54264205245,6375.118935533218,-27497.082439525377,5970.363615035204,W22367
