started_at,ended_at,start_x,start_y,end_x,end_y,bike_id
119801,120373,-823.3139626658171,3058.373948119104,-1972.4911166466836,1651.3037470482452,W22354
159637,161132,-1972.4911166466836,1651.3037470482452,916.579749438608,1959.9909042924703,W22354
204099,204662,916.579749438608,1959.9909042924703,1663.732119925616,207.05305173996877,W22354
248578,248903,1663.732119925616,207.05305173996877,594.6698529972505,511.5972467311889,W22354
293710,294272,594.6698529972505,511.5972467311889,-923.5103847186632,466.4259606400159,W22354
317967,318326,-810.2158349534978,3422.163933649827,-80.1058961165534,3374.191707505921,W22354
375298,376140,-80.1058961165534,3374.191707505921,-32.05591394711978,-329.3924624181428,W22354
420187,420993,-32.05591394711978,-329.3924624181428,1951.2327644420184,-874.409527643412,W22354
481658,482497,1951.2327644420184,-874.409527643412,3832.9163838716586,459.19023571369775,W22354
1669267,1669543,3832.9163838716586,459.19023571369775,2999.275398518414,291.3069393473949,W22354
2062000,2062495,2999.275398518414,291.3069393473949,1812.4743714305184,289.6516347461591,W22354
2316124,2317373,2326.262791090281,-622.2723436696831,-2259.2871664561067,-597.6708789203599,W22354
2383747,2389622,-2259.2871664561067,-597.6708789203599,-2259.2871664561067,-597.6708789203599,W22354
2390788,2394680,-2259.2871664561067,-597.6708789203599,-2259.2871664561067,-597.6708789203599,W22354
2397791,2399335,-2259.2871664561067,-597.6708789203599,-1329.3469852904998,1973.9057599206133,W22354
2480238,2480988,-1329.3469852904998,1973.9057599206133,-2353.98720139412,2869.0205927379434,W22354
