started_at,ended_at,start_x,start_y,end_x,end_y,bike_id
62465,63217,-493.3014109226975,113.54792354855924,1002.1298273174614,77.58923497942598,W22417
67591,67853,1002.1298273174614,77.58923497942598,1884.1796308376872,112.54335231649912,W22417
112226,112473,1884.1796308376872,112.54335231649912,1002.1298273174614,77.58923497942598,W22417
112551,113327,1002.1298273174614,77.58923497942598,1908.8005800872415,-2173.611767889524,W22417
145919,146483,1908.8005800872415,-2173.611767889524,1157.659916597574,-143.71262892290716,W22417
152209,152618,1157.659916597574,-143.71262892290716,1259.9606745071096,-989.0679380163066,W22417
201309,201860,1259.9606745071096,-989.0679380163066,-570.845296965312,382.6028703385173,W22417
