started_at,ended_at,start_x,start_y,end_x,end_y,bike_id
403463,403989,-2417.219257666417,1540.3188585612754,-543.4342390331508,1377.793344829783,W22445
463715,464070,-543.4342390331508,1377.793344829783,-1893.9180927095776,1322.3565600090635,W22445
482950,484287,-1893.9180927095776,1322.3565600090635,1002.1298273174614,77.58923497942598,W22445
488223,488943,1002.1298273174614,77.58923497942598,-907.7828902857132,177.44223896388112,W22445
581500,582012,-907.7828902857132,177.44223896388112,-490.1426245460887,1831.862913672767,W22445
652146,652894,2049.325672781144,-9.239464137182011,1365.6807727435448,-2172.053304059203,W22445
1784708,1786174,-2605.6813026458703,-1351.7447350956706,912.5376302209072,-1263.1349344592616,W22445
1799230,1799911,912.5376302209072,-1263.1349344592616,380.2384601627839,455.8506703619942,W22445
2044020,2045494,380.2384601627839,455.8506703619942,-2169.5321645165045,380.3764934373816,W22445
