started_at,ended_at,start_x,start_y,end_x,end_y,bike_id
1121257,1122087,-3061.4327168251834,3019.634990051365,-1574.8166351441266,1019.791939240589,W22436
1177282,1177572,-1574.8166351441266,1019.791939240589,-2417.454784827981,1540.3188585612754,W22436
1184597,1184997,-2417.454784827981,1540.3188585612754,-1475.703120519892,638.6362138876518,W22436
1224142,1224702,-1475.703120519892,638.6362138876518,-794.9041712895468,2685.45581729673,W22436
