started_at,ended_at,start_x,start_y,end_x,end_y,bike_id
1257573,1257993,-1386.3722255965383,1072.7797094714829,-1008.4935812659144,2284.707975219652,W22493
1322579,1323534,-1008.4935812659144,2284.707975219652,-2311.895100954131,239.22419795062223,W22493
1325905,1326126,-2311.895100954131,239.22419795062223,-1555.445981478385,542.4818752125246,W22493
1337871,1338005,-1555.445981478385,542.4818752125246,-2013.015909685712,225.7907524544684,W22493
1353254,1353597,-2013.015909685712,225.7907524544684,-3034.094275550209,1150.702900985921,W22493
1955322,1955841,-2853.533219035006,-891.6639486224678,-2605.6813026458703,-1351.7447350956706,W22493
1956456,1957052,-2605.6813026458703,-1351.7447350956706,-2849.1118684293083,-636.9107717910118,W22493
