started_at,ended_at,start_x,start_y,end_x,end_y,bike_id
118122,118726,-18098.5438078248,3876.790096717304,-16695.78769093183,3416.59799139857,W22468
2303370,2304676,-16695.78769093183,3416.59799139857,-18863.71221467036,3501.0889947693013,W22468
2315704,2316804,-18863.71221467036,3501.0889947693013,-16695.78769093183,3416.59799139857,W22468
2392831,2394069,-16695.78769093183,3416.59799139857,-18863.71221467036,3501.0889947693013,W22468
2397107,2397967,-18863.71221467036,3501.0889947693013,-17650.42623260618,3310.622450937573,W22468
