started_at,ended_at,start_x,start_y,end_x,end_y,bike_id
2243506,2244428,-2808.1861045329406,513.9591074636016,-1333.1244526763924,2761.931863826379,W22420
2292091,2292508,-1333.1244526763924,2761.931863826379,-494.03119251583706,2141.440621677288,W22420
2302616,2306708,-494.03119251583706,2141.440621677288,-1351.952265455199,2402.817269788199,W22420
