started_at,ended_at,start_x,start_y,end_x,end_y,bike_id
2537052,2537806,-3697.8467852525214,668.4251368154823,-1051.840396051375,-834.0564463237743,W22441
2577120,2578696,-1051.840396051375,-834.0564463237743,2049.325672781144,-9.239464137182011,W22441
