started_at,ended_at,start_x,start_y,end_x,end_y,bike_id
2018574,2019280,3610.102417495319,199.14941374362635,1774.0765416883553,450.0620904220471,W22418
2035497,2035732,1774.0765416883553,450.0620904220471,1845.7259093409737,698.5257525098514,W22418
2048546,2049004,1845.7259093409737,698.5257525098514,1260.4016918558598,-461.861887993795,W22418
2130745,2130923,1774.0765416883553,450.0620904220471,1705.97931922735,1036.489765995152,W22418
2194178,2194528,1705.97931922735,1036.489765995152,236.34422431908067,1033.5954760247828,W22418
2224760,2225409,236.34422431908067,1033.5954760247828,1835.1127926085967,1359.8153513599148,W22418
2295988,2297127,98.48439579788452,-1232.2751862723885,-2811.396350385682,425.46062567272384,W22418
2389691,2393186,-2811.396350385682,425.46062567272384,-2811.396350385682,425.46062567272384,W22418
2399581,2400017,-2811.396350385682,425.46062567272384,-3262.605427452305,-360.3391013342791,W22418
