started_at,ended_at,start_x,start_y,end_x,end_y,bike_id
760115,762557,-1462.7862234637655,22.472351936458256,-1462.7862234637655,22.472351936458256,W22447
831754,833064,-1462.7862234637655,22.472351936458256,-2849.1118684293083,-636.9107717910118,W22447
833605,834395,-2849.1118684293083,-636.9107717910118,-1450.099395056315,-447.3904381419498,W22447
