started_at,ended_at,start_x,start_y,end_x,end_y,bike_id
52261,59265,-2170.059593926037,-306.3494614999309,-2170.059593926037,-306.3494614999309,W22465
144537,146737,-2170.059593926037,-306.3494614999309,-1994.3215216154588,-3476.932805400522,W22465
