started_at,ended_at,start_x,start_y,end_x,end_y,bike_id
117030,118519,1845.807450034228,-698.5257525098514,-2013.015909685712,225.7907524544684,W22487
147497,148655,-2013.015909685712,225.7907524544684,-2524.594292383785,1823.5140002958813,W22487
237076,237261,-2524.594292383785,1823.5140002958813,-2434.4542367719587,2130.308737174774,W22487
237314,238261,-2434.4542367719587,2130.308737174774,-219.1862779950825,754.4078127095321,W22487
240040,240544,-219.1862779950825,754.4078127095321,-490.1426245460887,1831.862913672767,W22487
287635,288463,-490.1426245460887,1831.862913672767,-985.2325967772824,233.88089338963675,W22487
321056,321887,-985.2325967772824,233.88089338963675,657.2141925881731,382.9368268735295,W22487
324552,324959,657.2141925881731,382.9368268735295,1567.3781020660113,742.3616437789719,W22487
325634,326408,1567.3781020660113,742.3616437789719,-188.8673402319529,519.5250497148589,W22487
337190,337562,-188.8673402319529,519.5250497148589,-101.53103449587984,1825.183782970942,W22487
369212,369468,-101.53103449587984,1825.183782970942,-219.1862779950825,754.4078127095321,W22487
375356,376135,-219.1862779950825,754.4078127095321,-2328.120578614408,661.3452582716426,W22487
392718,393150,-2328.120578614408,661.3452582716426,-2417.219257666417,1540.3188585612754,W22487
405388,405731,-2417.219257666417,1540.3188585612754,-1713.5857184887172,1824.4045510561773,W22487
459345,459859,-1713.5857184887172,1824.4045510561773,-3262.531070247399,360.3391013342791,W22487
1267307,1267665,-2354.6709182688887,2716.8477315926184,-794.7691416991337,2685.45581729673,W22487
1270030,1270517,-794.7691416991337,2685.45581729673,-424.0757252336529,713.6651154317209,W22487
1275024,1275611,-424.0757252336529,713.6651154317209,-794.7691416991337,2685.45581729673,W22487
1329514,1329934,-794.7691416991337,2685.45581729673,-543.4342390331508,1377.793344829783,W22487
1335231,1335491,-543.4342390331508,1377.793344829783,-929.3914426548988,1038.6048240499654,W22487
1346178,1346473,-929.3914426548988,1038.6048240499654,-1553.745244797235,1509.7618356025214,W22487
1610930,1611624,-1351.952265455199,2402.817269788199,-1367.2120777705156,238.8902414156101,W22487
1702130,1703698,-1620.0792206913457,3013.067178195072,-1380.3033083701418,-858.2682951157151,W22487
1714657,1720654,-1380.3033083701418,-858.2682951157151,-1051.840396051375,-834.0564463237743,W22487
1772890,1774184,-1351.952265455199,2402.817269788199,-2348.210150806419,-441.1565828206682,W22487
