started_at,ended_at,start_x,start_y,end_x,end_y,bike_id
224256,224790,-1574.715056457654,1019.791939240589,-2417.219257666417,1540.3188585612754,W22442
229910,232280,-2417.219257666417,1540.3188585612754,-104.30822423996608,-1101.0580053229169,W22442
236092,236431,-104.30822423996608,-1101.0580053229169,-117.15367456973772,-2177.897543422312,W22442
289301,291302,-117.15367456973772,-2177.897543422312,-2524.594292383785,1823.5140002958813,W22442
293928,294022,-2524.594292383785,1823.5140002958813,-2194.889224699188,1823.9592756756335,W22442
317184,317669,-2194.889224699188,1823.9592756756335,-1351.952265455199,2402.817269788199,W22442
372629,373276,-1351.952265455199,2402.817269788199,-985.2325967772824,233.88089338963675,W22442
402457,403765,-985.2325967772824,233.88089338963675,1108.854912819232,-2222.2581031636773,W22442
404793,405454,1108.854912819232,-2222.2581031636773,1835.2706095118488,-1359.8153513599148,W22442
405528,406621,1835.2706095118488,-1359.8153513599148,98.47671969768471,1232.2751862723885,W22442
408379,409153,98.47671969768471,1232.2751862723885,-1923.405460375761,1762.9565486044485,W22442
463889,465217,-3060.847950466069,3019.634990051365,-2287.4332348769594,449.3941773512319,W22442
494914,495672,-2287.4332348769594,449.3941773512319,-424.0757252336529,713.6651154317209,W22442
514698,514966,-424.0757252336529,713.6651154317209,98.47671969768471,1232.2751862723885,W22442
553270,554432,98.47671969768471,1232.2751862723885,223.52812242238716,-443.9395539462969,W22442
567461,568719,223.52812242238716,-443.9395539462969,-1462.7862234637655,22.472351936458256,W22442
569066,570348,-1462.7862234637655,22.472351936458256,-493.3014109226975,113.54792354855924,W22442
573576,578117,-493.3014109226975,113.54792354855924,-1475.6435123868507,638.6362138876518,W22442
578756,579481,-1475.6435123868507,638.6362138876518,1260.3648729942292,461.861887993795,W22442
645610,646706,1260.3648729942292,461.861887993795,-1154.4178996069331,447.5017569858993,W22442
647825,649462,-1154.4178996069331,447.5017569858993,-1994.3215216154588,-3476.932805400522,W22442
