started_at,ended_at,start_x,start_y,end_x,end_y,bike_id
1173927,1186389,-3821.678425592958,729.9176668049492,-3698.003126530832,668.4251368154823,W22467
1759176,1762161,-922.0882966995912,1354.416387375768,-1386.4663022827554,1072.7797094714829,W22467
1765635,1766623,-1386.4663022827554,1072.7797094714829,-1812.1172615052687,-1830.5270875335093,W22467
1766695,1767572,-1812.1172615052687,-1830.5270875335093,-3821.678425592958,729.9176668049492,W22467
1795326,1798179,-3821.678425592958,729.9176668049492,-3821.678425592958,729.9176668049492,W22467
2211523,2212396,-2434.7823223503287,2130.308737174774,-2434.7823223503287,2130.308737174774,W22467
2304376,2305614,-2434.7823223503287,2130.308737174774,-2434.7823223503287,2130.308737174774,W22467
2305829,2306079,-2434.7823223503287,2130.308737174774,-1352.1577779900822,2402.817269788199,W22467
2476556,2481917,-2013.0446574339128,225.7907524544684,-2013.0446574339128,225.7907524544684,W22467
