started_at,ended_at,start_x,start_y,end_x,end_y,bike_id
403384,403887,-929.4525001462196,1038.6048240499654,-2248.688768655308,832.4674209813991,W22401
