started_at,ended_at,start_x,start_y,end_x,end_y,bike_id
900655,901347,60.22239463894543,1824.9788855982576,-2710.368760450222,188.1288480866431,W22432
929955,930825,-2710.368760450222,188.1288480866431,-1537.569412718039,2220.922277022837,W22432
982096,982670,-1537.569412718039,2220.922277022837,-1338.6563166249937,473.21641018658136,W22432
1067062,1067968,-4712.24978943207,2765.048791487811,-1642.789656665885,1651.749022427998,W22432
1074731,1075062,-1642.789656665885,1651.749022427998,-1775.978957937016,489.13500502400655,W22432
1502022,1503622,-1135.4390937110154,3149.8780387266734,-1135.4390937110154,3149.8780387266734,W22432
1538889,1539307,-1135.4390937110154,3149.8780387266734,-456.4230317783731,2112.497721972016,W22432
1610596,1613823,-456.4230317783731,2112.497721972016,-768.1680092204891,650.9926056854747,W22432
1784217,1784322,-768.1680092204891,650.9926056854747,-479.0757048613133,668.9149397337637,W22432
2057178,2057417,-479.0757048613133,668.9149397337637,-1365.3326241855143,551.0282828562791,W22432
2075861,2076128,-1365.3326241855143,551.0282828562791,-479.0757048613133,668.9149397337637,W22432
2128012,2128344,-479.0757048613133,668.9149397337637,-1001.6416887046756,1337.5515823548856,W22432
2130280,2130405,-1001.6416887046756,1337.5515823548856,-1371.3067196627298,1590.7462953568122,W22432
2299620,2299885,-1371.3067196627298,1590.7462953568122,-1898.042090010421,1235.0825855127032,W22432
