started_at,ended_at,start_x,start_y,end_x,end_y,bike_id
138783,138977,-18.713083837096207,210.3926170908813,-815.0661716391357,66.67998816797413,W22535
151408,152213,-815.0661716391357,66.67998816797413,-470.4974132603581,3765.0005667433097,W22535
201883,203172,-470.4974132603581,3765.0005667433097,-2373.1758978806724,834.1121057461444,W22535
214946,215588,-2373.1758978806724,834.1121057461444,-1022.594160382934,847.5816859929531,W22535
285817,286784,-1707.3762434280573,2795.772792713676,-2652.2426542615626,669.8054904940599,W22535
291729,293213,-2652.2426542615626,669.8054904940599,1124.7088420298285,-40.52005958753947,W22535
312193,312722,1124.7088420298285,-40.52005958753947,-276.7184401763835,-211.0605301609056,W22535
322849,323927,-276.7184401763835,-211.0605301609056,4162.254879813961,-371.3596669912623,W22535
393940,394245,4162.254879813961,-371.3596669912623,3426.1166896475306,-879.6415133596573,W22535
395063,395216,3426.1166896475306,-879.6415133596573,3982.877951863872,-913.9277176259152,W22535
409842,410089,3982.877951863872,-913.9277176259152,3745.785514584079,-0.2226376902717624,W22535
659194,660061,3745.785514584079,-0.2226376902717624,2283.334914585575,-335.1253829365107,W22535
660093,660619,2283.334914585575,-335.1253829365107,3745.785514584079,-0.2226376902717624,W22535
2141258,2141686,910.0396597345538,1205.9170481171593,51.97857877547188,882.4244844852859,W22535
2185034,2185287,51.97857877547188,882.4244844852859,-32.05591394711978,-329.3924624181428,W22535
2198026,2198689,-32.05591394711978,-329.3924624181428,-377.2782335264637,866.3945708023293,W22535
2207512,2207705,-377.2782335264637,866.3945708023293,8.662919362128497,1205.5830915821473,W22535
