started_at,ended_at,start_x,start_y,end_x,end_y,bike_id
199866,200495,-1068.027447763776,2840.856924947436,-1003.3086266819548,370.2716219648887,W22563
225790,226725,-1003.3086266819548,370.2716219648887,-2094.393320151142,858.8805487633692,W22563
231528,231720,-2094.393320151142,858.8805487633692,-1865.1073615998864,1368.1086053136396,W22563
233355,233958,-1865.1073615998864,1368.1086053136396,-4225.972107402708,1105.3961310626798,W22563
237325,237866,-4225.972107402708,1105.3961310626798,-5023.2373402162775,-22.041131313966417,W22563
237875,239700,-5023.2373402162775,-22.041131313966417,-11571.843862945265,-1390.2766539863078,W22563
929665,930277,-11571.843862945265,-1390.2766539863078,-13599.432290247358,-1050.8498970022567,W22563
1179393,1180877,-13599.432290247358,-1050.8498970022567,-13599.432290247358,-1050.8498970022567,W22563
1360997,1362408,-13599.432290247358,-1050.8498970022567,-13599.432290247358,-1050.8498970022567,W22563
1670572,1672521,-823.3139626658171,3058.373948119104,-823.3139626658171,3058.373948119104,W22563
1675966,1676424,-823.3139626658171,3058.373948119104,-834.2552317649786,900.5694562238467,W22563
1676584,1676815,-834.2552317649786,900.5694562238467,-1365.3326241855143,551.0282828562791,W22563
1690728,1691032,-1365.3326241855143,551.0282828562791,-2094.393320151142,858.8805487633692,W22563
1765213,1766171,-2094.393320151142,858.8805487633692,594.6698529972505,511.5972467311889,W22563
1779236,1781247,594.6698529972505,511.5972467311889,-1339.0478585909025,-1081.2399416931091,W22563
1784233,1785580,-1339.0478585909025,-1081.2399416931091,-2833.000982424627,-57.55184287632349,W22563
2229409,2230252,-2833.000982424627,-57.55184287632349,-377.2782335264637,866.3945708023293,W22563
2291955,2292145,-377.2782335264637,866.3945708023293,128.0433274469788,541.454862184085,W22563
2312306,2312536,128.0433274469788,541.454862184085,-377.2782335264637,866.3945708023293,W22563
2405007,2405495,-377.2782335264637,866.3945708023293,932.3577554627492,283.6404171143583,W22563
2547338,2558381,932.3577554627492,283.6404171143583,932.3577554627492,283.6404171143583,W22563
2567879,2568540,932.3577554627492,283.6404171143583,1672.7348669763114,1885.8586109881687,W22563
