started_at,ended_at,start_x,start_y,end_x,end_y,bike_id
819196,820367,-637.7264760323915,-2157.025259980492,1487.7828964138257,-2617.106046454486,W22571
829656,830580,1487.7828964138257,-2617.106046454486,-637.7264760323915,-2157.025259980492,W22571
838161,840367,-637.7264760323915,-2157.025259980492,-637.7264760323915,-2157.025259980492,W22571
904504,905077,-637.7264760323915,-2157.025259980492,-637.7264760323915,-2157.025259980492,W22571
914306,914779,-637.7264760323915,-2157.025259980492,-272.0689885867906,-1501.372616643942,W22571
918374,919157,-272.0689885867906,-1501.372616643942,-433.0906763410017,61.67064014200078,W22571
929558,930205,-433.0906763410017,61.67064014200078,-2652.2426542615626,669.8054904940599,W22571
940651,940815,-2652.2426542615626,669.8054904940599,-2444.2745727179054,439.1528436098043,W22571
985000,985120,-2444.2745727179054,439.1528436098043,-2833.000982424627,-57.55184287632349,W22571
1169944,1173021,-2833.000982424627,-57.55184287632349,-2053.4663687098687,-1523.9549883433065,W22571
1619393,1620360,-2053.4663687098687,-1523.9549883433065,-2053.4663687098687,-1523.9549883433065,W22571
1866391,1870108,-2053.4663687098687,-1523.9549883433065,1796.710145560574,852.6864867715699,W22571
1872049,1872277,1796.710145560574,852.6864867715699,1663.732119925616,207.05305173996877,W22571
2309436,2310203,1663.732119925616,207.05305173996877,-1341.804285739922,1150.146306761428,W22571
2329299,2329425,-1341.804285739922,1150.146306761428,-1371.3067196627298,1590.7462953568122,W22571
2331400,2331574,-1371.3067196627298,1590.7462953568122,-1972.4911166466836,1651.3037470482452,W22571
2382136,2382661,-1972.4911166466836,1651.3037470482452,-1551.966391370401,2925.236609473427,W22571
2457317,2458639,-1551.966391370401,2925.236609473427,975.0041157596628,-78.1458292047099,W22571
2485930,2489448,975.0041157596628,-78.1458292047099,975.0041157596628,-78.1458292047099,W22571
