started_at,ended_at,start_x,start_y,end_x,end_y,bike_id
43640,45748,1835.1127926085967,-1359.8153513599148,-2853.3723100320794,-891.6639486224678,W22592
49330,53017,-2853.3723100320794,-891.6639486224678,-2853.3723100320794,-891.6639486224678,W22592
54380,56071,-2853.3723100320794,-891.6639486224678,1399.021992029718,-702.1992743957761,W22592
56935,57510,1399.021992029718,-702.1992743957761,3610.102417495319,-199.14941374362635,W22592
120071,120768,3610.102417495319,-199.14941374362635,1002.1347450933658,77.58923497942598,W22592
121002,122239,1002.1347450933658,77.58923497942598,-2594.957575458331,495.12537678995767,W22592
156870,158183,-2594.957575458331,495.12537678995767,-500.162758044702,1054.6347377329218,W22592
285018,285085,-500.162758044702,1054.6347377329218,-500.162758044702,1054.6347377329218,W22592
