started_at,ended_at,start_x,start_y,end_x,end_y,bike_id
37215,38829,-386.5143738072543,5772.104752051873,-1466.8360433646835,911.2393670264918,W22500
66820,67167,-1466.8360433646835,911.2393670264918,-377.2782335264637,866.3945708023293,W22500
109903,110359,-377.2782335264637,866.3945708023293,-1898.892902655899,642.7550111541201,W22500
156834,157314,-1898.892902655899,642.7550111541201,128.0433274469788,541.454862184085,W22500
160093,160595,128.0433274469788,541.454862184085,975.0041157596628,-78.1458292047099,W22500
172534,176771,975.0041157596628,-78.1458292047099,975.0041157596628,-78.1458292047099,W22500
200066,200457,975.0041157596628,-78.1458292047099,486.9182756857461,-814.3530107541019,W22500
232586,233429,486.9182756857461,-814.3530107541019,-433.0906763410017,61.67064014200078,W22500
237743,238790,-433.0906763410017,61.67064014200078,-850.2844639197657,4073.713133559794,W22500
288463,289618,-850.2844639197657,4073.713133559794,-2340.23434777719,-189.90994960644437,W22500
322961,323300,-2340.23434777719,-189.90994960644437,-2481.962052989563,978.492647738285,W22500
324586,324836,-2481.962052989563,978.492647738285,-2444.2745727179054,439.1528436098043,W22500
672008,672560,-6118.350248799631,-1455.6052175002717,-5032.064838614522,-809.2880033057584,W22500
717638,718753,-5032.064838614522,-809.2880033057584,-2833.000982424627,-57.55184287632349,W22500
728402,731224,-2833.000982424627,-57.55184287632349,486.9182756857461,-814.3530107541019,W22500
748369,749126,486.9182756857461,-814.3530107541019,1554.255559250921,-94.62101826821,W22500
754677,755125,1554.255559250921,-94.62101826821,3052.8497049862785,-331.5075204737472,W22500
797947,798755,3052.8497049862785,-331.5075204737472,470.0445168883398,-1523.9549883433065,W22500
807488,807934,470.0445168883398,-1523.9549883433065,-272.0689885867906,-1501.372616643942,W22500
920683,921375,-272.0689885867906,-1501.372616643942,-1260.1040304636565,-2002.7373407811456,W22500
1009448,1010704,-1260.1040304636565,-2002.7373407811456,-2353.5626637230785,-3590.81198385707,W22500
1062402,1063734,-2353.5626637230785,-3590.81198385707,-1260.1040304636565,-2002.7373407811456,W22500
1077413,1080148,-1260.1040304636565,-2002.7373407811456,-1260.1040304636565,-2002.7373407811456,W22500
1085007,1086459,-1260.1040304636565,-2002.7373407811456,-3212.045241846323,-3952.598230176928,W22500
