started_at,ended_at,start_x,start_y,end_x,end_y,bike_id
117972,119235,-3040.9153783352995,4058.351132946862,61.93809413467237,1659.6526604251312,W22524
119247,119963,61.93809413467237,1659.6526604251312,1501.1850775340426,878.138708951707,W22524
123512,123913,1501.1850775340426,878.138708951707,932.3577554627492,283.6404171143583,W22524
150112,150304,932.3577554627492,283.6404171143583,594.6698529972505,511.5972467311889,W22524
194529,195098,594.6698529972505,511.5972467311889,-768.1680092204891,650.9926056854747,W22524
203039,203873,-768.1680092204891,650.9926056854747,447.87071757646186,-1273.2682585705527,W22524
671320,672932,1757.355947328441,-11244.31653561695,1789.0952407977195,-8246.500039189279,W22524
672992,673882,1789.0952407977195,-8246.500039189279,3443.197503217424,-6909.894667016269,W22524
673931,674444,3443.197503217424,-6909.894667016269,4122.938905147451,-6423.43131427236,W22524
