started_at,ended_at,start_x,start_y,end_x,end_y,bike_id
929064,929652,-11176.957095123238,23365.71425115741,-12291.462650407191,24881.654282659634,W22573
1016368,1016569,-12291.462650407191,24881.654282659634,-12492.679789344757,25401.847245444515,W22573
1794744,1796804,-12492.679789344757,25401.847245444515,-12281.860319265785,25104.62592923782,W22573
2310203,2310423,-12281.860319265785,25104.62592923782,-12281.860319265785,25104.62592923782,W22573
2310435,2310683,-12281.860319265785,25104.62592923782,-12281.860319265785,25104.62592923782,W22573
