started_at,ended_at,start_x,start_y,end_x,end_y,bike_id
292239,292705,-2259.436558225718,2967.9830459613117,-1553.745244797235,1509.7618356025214,W22568
292760,292904,-1553.745244797235,1509.7618356025214,-1893.9180927095776,1322.3565600090635,W22568
300788,301068,-1893.9180927095776,1322.3565600090635,-929.3914426548988,1038.6048240499654,W22568
302027,302368,-929.3914426548988,1038.6048240499654,-2190.235672060508,980.0441292680304,W22568
323512,324077,-2190.235672060508,980.0441292680304,-543.4342390331508,1377.793344829783,W22568
326100,326788,-543.4342390331508,1377.793344829783,-2646.5254975806206,1031.0908020110053,W22568
329398,329761,-2646.5254975806206,1031.0908020110053,-2417.219257666417,1540.3188585612754,W22568
411006,411442,-2417.219257666417,1540.3188585612754,-1557.3691014905978,2536.900818615751,W22568
459711,460093,-1557.3691014905978,2536.900818615751,-2018.959555819223,1083.449620274128,W22568
468557,468790,-2018.959555819223,1083.449620274128,-1553.745244797235,1509.7618356025214,W22568
480797,480951,-1553.745244797235,1509.7618356025214,-1574.715056457654,1019.791939240589,W22568
492761,493342,-1574.715056457654,1019.791939240589,-3385.173206528012,114.65841037131248,W22568
514477,515485,-3385.173206528012,114.65841037131248,-757.2144788708657,-1761.398084774919,W22568
549506,550725,-757.2144788708657,-1761.398084774919,-3821.501991331301,729.9176668049492,W22568
