started_at,ended_at,start_x,start_y,end_x,end_y,bike_id
258335,259122,-872.6684979461987,6525.733332847432,-428.9248489104604,3523.6867203093425,W22568
291027,291724,-428.9248489104604,3523.6867203093425,-1707.3762434280573,2795.772792713676,W22568
292239,292705,-1707.3762434280573,2795.772792713676,-1001.6416887046756,1337.5515823548856,W22568
292760,292904,-1001.6416887046756,1337.5515823548856,-1341.804285739922,1150.146306761428,W22568
300788,301068,-1341.804285739922,1150.146306761428,-377.2782335264637,866.3945708023293,W22568
302027,302368,-377.2782335264637,866.3945708023293,-1638.1066826638655,807.8338760203944,W22568
323512,324077,-1638.1066826638655,807.8338760203944,8.662919362128497,1205.5830915821473,W22568
326100,326788,8.662919362128497,1205.5830915821473,-2094.393320151142,858.8805487633692,W22568
329398,329761,-2094.393320151142,858.8805487633692,-1865.1073615998864,1368.1086053136396,W22568
411006,411442,-1865.1073615998864,1368.1086053136396,-1005.3013800123252,2364.690565368115,W22568
459711,460093,-1005.3013800123252,2364.690565368115,-1466.8360433646835,911.2393670264918,W22568
468557,468790,-1466.8360433646835,911.2393670264918,-1001.6416887046756,1337.5515823548856,W22568
480797,480951,-1001.6416887046756,1337.5515823548856,-1022.594160382934,847.5816859929531,W22568
492761,493342,-1022.594160382934,847.5816859929531,-2833.000982424627,-57.55184287632349,W22568
514477,515485,-2833.000982424627,-57.55184287632349,-205.00537057100192,-1933.6083380225548,W22568
549506,550725,-205.00537057100192,-1933.6083380225548,-3269.3464976190467,557.7074135573132,W22568
658543,659368,-5512.843673967893,-98.73981553388728,-6433.6847403725815,-270.83874993678285,W22568
660184,660847,-6433.6847403725815,-270.83874993678285,-7077.5192703903,-150.7257161589535,W22568
1693570,1693969,-7077.5192703903,-150.7257161589535,-7641.4436188931795,-1060.6459553647228,W22568
1694778,1695074,-7641.4436188931795,-1060.6459553647228,-7077.5192703903,-150.7257161589535,W22568
1702607,1703841,-7077.5192703903,-150.7257161589535,-4169.189148603291,-55.102828285707005,W22568
1872725,1873448,-4169.189148603291,-55.102828285707005,-5032.064838614522,-809.2880033057584,W22568
2012389,2015195,-5032.064838614522,-809.2880033057584,-4282.93758484372,-357.3334925191697,W22568
