started_at,ended_at,start_x,start_y,end_x,end_y,bike_id
72085,73294,-3385.1977554195914,114.65841037131248,-2287.4982534152964,449.3941773512319,W22567
132287,132629,-2287.4982534152964,449.3941773512319,-2417.454784827981,1540.3188585612754,W22567
149976,150344,-2417.454784827981,1540.3188585612754,-2451.156845307692,814.965264401756,W22567
151851,153424,-2451.156845307692,814.965264401756,-494.0981199113877,3187.837764878856,W22567
