started_at,ended_at,start_x,start_y,end_x,end_y,bike_id
2309479,2309764,-117.13754112524298,2177.897543422312,933.0718976437946,1937.9287301948511,W22586
2312799,2313656,933.0718976437946,1937.9287301948511,-568.1023581072151,1955.7830855160428,W22586
2320406,2321547,-568.1023581072151,1955.7830855160428,2852.802390106196,995.5244310270688,W22586
2380954,2382797,2852.802390106196,995.5244310270688,935.4237256342964,2444.89579320685,W22586
2383063,2384415,935.4237256342964,2444.89579320685,2852.802390106196,995.5244310270688,W22586
2641569,2642266,2852.802390106196,995.5244310270688,949.1557991213356,-1050.348962199343,W22586
2657445,2658220,949.1557991213356,-1050.348962199343,949.1557991213356,-1050.348962199343,W22586
