started_at,ended_at,start_x,start_y,end_x,end_y,bike_id
119247,119963,-490.1426245460887,1831.862913672767,949.0927421968316,1050.348962199343,W22524
123512,123913,949.0927421968316,1050.348962199343,380.2384601627839,455.8506703619942,W22524
150112,150304,380.2384601627839,455.8506703619942,42.554840611112105,683.8074999788248,W22524
194529,195098,42.554840611112105,683.8074999788248,-1320.292999174232,823.2028589331105,W22524
203039,203873,-1320.292999174232,823.2028589331105,-104.30822423996608,-1101.0580053229169,W22524
