started_at,ended_at,start_x,start_y,end_x,end_y,bike_id
201378,201527,-18006.211504346444,-2054.3892848711994,-17799.473239799405,-1670.895863771595,W22528
333082,333532,-17799.473239799405,-1670.895863771595,-17945.77523187974,-3085.4244274598345,W22528
544400,544887,-17945.77523187974,-3085.4244274598345,-17799.473239799405,-1670.895863771595,W22528
752031,752429,-17799.473239799405,-1670.895863771595,-17945.77523187974,-3085.4244274598345,W22528
1288599,1291051,-17945.77523187974,-3085.4244274598345,-17945.77523187974,-3085.4244274598345,W22528
1706506,1712075,-17945.77523187974,-3085.4244274598345,-17945.77523187974,-3085.4244274598345,W22528
1968555,1968707,-17945.77523187974,-3085.4244274598345,-17945.77523187974,-3085.4244274598345,W22528
