started_at,ended_at,start_x,start_y,end_x,end_y,bike_id
449886,450056,3555.089812316532,-5737.373272405862,3037.459752497047,-5910.919351794339,W22502
479290,479912,3037.459752497047,-5910.919351794339,1904.2166142940875,-6880.617810775984,W22502
840529,841123,3324.17738656148,-4765.114479988068,2446.593637413394,-3911.855532899117,W22502
842230,842542,2446.593637413394,-3911.855532899117,3260.994504958582,-3473.036645824325,W22502
1867697,1868821,3260.994504958582,-3473.036645824325,5436.444927875664,-140.9296577972785,W22502
1869179,1870563,5436.444927875664,-140.9296577972785,3420.1038757394454,-2722.85894922442,W22502
2053475,2055020,3420.1038757394454,-2722.85894922442,1487.7828964138257,-2617.106046454486,W22502
2230535,2231115,1487.7828964138257,-2617.106046454486,1823.2038828180252,-1850.6757984813523,W22502
2472363,2473119,1823.2038828180252,-1850.6757984813523,1823.2038828180252,-1850.6757984813523,W22502
2473171,2475042,1823.2038828180252,-1850.6757984813523,3405.125056407562,-1167.734684274705,W22502
2475093,2476115,3405.125056407562,-1167.734684274705,2387.4374655296765,-1532.0256046075506,W22502
2479652,2480438,2387.4374655296765,-1532.0256046075506,435.06300640745945,-2350.107796669948,W22502
2482647,2482999,435.06300640745945,-2350.107796669948,-205.00537057100192,-1933.6083380225548,W22502
2495176,2496405,-205.00537057100192,-1933.6083380225548,-3145.6904913373305,496.2148835678463,W22502
2573779,2574790,1709.7916832437074,-315.9228821705432,-816.9135259411414,1201.1303377814577,W22502
2656282,2656640,-816.9135259411414,1201.1303377814577,60.22239463894543,1824.9788855982576,W22502
