started_at,ended_at,start_x,start_y,end_x,end_y,bike_id
2413480,2416641,-4712.24978943207,2765.048791487811,-4712.24978943207,2765.048791487811,W22575
2464108,2464675,-4712.24978943207,2765.048791487811,-3926.68557703324,2074.092720440081,W22575
2476753,2477598,-3926.68557703324,2074.092720440081,-1617.3824598979872,208.1662401897456,W22575
2650963,2652253,-1617.3824598979872,208.1662401897456,-1617.3824598979872,208.1662401897456,W22575
