started_at,ended_at,start_x,start_y,end_x,end_y,bike_id
63612,63938,58.03491290342142,3015.6275116312195,61.93809413467237,1659.6526604251312,W22552
128600,129053,61.93809413467237,1659.6526604251312,-1466.8360433646835,911.2393670264918,W22552
140997,141389,-1466.8360433646835,911.2393670264918,-479.0757048613133,668.9149397337637,W22552
156416,156619,-479.0757048613133,668.9149397337637,-433.0906763410017,61.67064014200078,W22552
162761,163582,-433.0906763410017,61.67064014200078,-799.8820989751116,2230.607016540563,W22552
192096,192929,-799.8820989751116,2230.607016540563,363.25593041670027,347.31479646722295,W22552
197054,197763,363.25593041670027,347.31479646722295,-2052.6947547840787,415.10797308497393,W22552
239063,240366,-2052.6947547840787,415.10797308497393,-4225.972107402708,1105.3961310626798,W22552
241699,242474,-4225.972107402708,1105.3961310626798,-2250.9703201658835,124.14651452321117,W22552
312823,314599,-2250.9703201658835,124.14651452321117,-2250.9703201658835,124.14651452321117,W22552
318381,318699,-2250.9703201658835,124.14651452321117,-1338.6563166249937,473.21641018658136,W22552
327739,328591,-1338.6563166249937,473.21641018658136,1554.255559250921,-94.62101826821,W22552
335495,336275,1554.255559250921,-94.62101826821,3123.615142939869,1072.4457529364704,W22552
374062,374628,3123.615142939869,1072.4457529364704,1663.732119925616,207.05305173996877,W22552
407412,407836,1305.4434734316112,1913.5709459186608,61.93809413467237,1659.6526604251312,W22552
410631,411396,61.93809413467237,1659.6526604251312,58.03491290342142,3015.6275116312195,W22552
412685,413682,58.03491290342142,3015.6275116312195,-1865.1073615998864,1368.1086053136396,W22552
413970,414543,-1865.1073615998864,1368.1086053136396,-18.713083837096207,210.3926170908813,W22552
415719,416933,-18.713083837096207,210.3926170908813,470.0445168883398,-1523.9549883433065,W22552
568811,569137,470.0445168883398,-1523.9549883433065,447.87071757646186,-1273.2682585705527,W22552
575412,576526,447.87071757646186,-1273.2682585705527,-2042.7259812106383,322.91512354232174,W22552
666032,666363,-1158.9332723089417,3460.1236598020096,-1619.9365259724264,2337.5844266058048,W22552
666584,667066,-1619.9365259724264,2337.5844266058048,-1638.1066826638655,807.8338760203944,W22552
760776,761667,-1638.1066826638655,807.8338760203944,1796.710145560574,852.6864867715699,W22552
