started_at,ended_at,start_x,start_y,end_x,end_y,bike_id
43650,45994,-1638.1066826638655,807.8338760203944,-1442.0390538905754,-3649.143058648157,W22547
53202,55154,-1442.0390538905754,-3649.143058648157,-2042.7259812106383,322.91512354232174,W22547
60483,61264,-2042.7259812106383,322.91512354232174,-479.0757048613133,668.9149397337637,W22547
158399,159500,-479.0757048613133,668.9149397337637,-367.4370509722781,3097.5581815665946,W22547
201063,201816,-367.4370509722781,3097.5581815665946,-602.2815962612653,275.29150373826326,W22547
234906,236259,-602.2815962612653,275.29150373826326,117.9129393787196,5588.150360654068,W22547
236280,236772,117.9129393787196,5588.150360654068,572.5493392285961,7906.309648803634,W22547
649578,650450,572.5493392285961,7906.309648803634,-193.13798087540837,4896.915992493696,W22547
650561,651985,-193.13798087540837,4896.915992493696,-1865.1073615998864,1368.1086053136396,W22547
652091,652582,-1865.1073615998864,1368.1086053136396,-2946.938203231537,814.4086701772632,W22547
659515,662580,-2946.938203231537,814.4086701772632,-499.66045855245335,-1006.2666995714102,W22547
754429,754736,-499.66045855245335,-1006.2666995714102,-499.66045855245335,-1006.2666995714102,W22547
1172311,1176023,-5697.139881011577,7050.935643659079,-3145.6904913373305,496.2148835678463,W22547
1178814,1184549,-3145.6904913373305,496.2148835678463,-6971.834298522568,7478.622646231356,W22547
1265758,1266734,-6971.834298522568,7478.622646231356,-6117.454181194411,9135.381016685327,W22547
1684386,1705333,-6117.454181194411,9135.381016685327,-6117.454181194411,9135.381016685327,W22547
1722083,1723526,-6117.454181194411,9135.381016685327,-6117.454181194411,9135.381016685327,W22547
1779532,1785573,-6117.454181194411,9135.381016685327,-2340.23434777719,-189.90994960644437,W22547
2052830,2054965,-2340.23434777719,-189.90994960644437,-3835.4008240059984,-139.92778819224205,W22547
2055121,2056429,-3835.4008240059984,-139.92778819224205,-2710.368760450222,188.1288480866431,W22547
2216774,2221032,-2710.368760450222,188.1288480866431,486.9182756857461,-814.3530107541019,W22547
2229528,2230269,486.9182756857461,-814.3530107541019,435.06300640745945,-2350.107796669948,W22547
2295139,2296894,435.06300640745945,-2350.107796669948,-1972.4911166466836,1651.3037470482452,W22547
