started_at,ended_at,start_x,start_y,end_x,end_y,bike_id
122457,123230,-5962.396216007198,-319.3737663661961,-4225.972107402708,1105.3961310626798,W22681
133165,134238,-4225.972107402708,1105.3961310626798,-3662.680070837771,841.3478306724625,W22681
137007,137738,-3662.680070837771,841.3478306724625,-1001.6416887046756,1337.5515823548856,W22681
138712,139308,-1001.6416887046756,1337.5515823548856,-1551.966391370401,2925.236609473427,W22681
200743,201769,-1551.966391370401,2925.236609473427,-2340.23434777719,-189.90994960644437,W22681
239659,239977,-2340.23434777719,-189.90994960644437,-3145.6904913373305,496.2148835678463,W22681
322445,322936,-4894.245267275494,5543.34452553295,-4320.698607587493,4126.700903789897,W22681
365098,365353,-4320.698607587493,4126.700903789897,-3040.9153783352995,4058.351132946862,W22681
412861,412973,-3040.9153783352995,4058.351132946862,-2834.854701191256,3614.745535536368,W22681
566486,567426,-2834.854701191256,3614.745535536368,-3926.68557703324,2074.092720440081,W22681
655354,656792,-3926.68557703324,2074.092720440081,-2296.9192411811423,-809.1210250386479,W22681
658329,661906,-2296.9192411811423,-809.1210250386479,-757.8209312821701,-366.9069131905728,W22681
722238,722778,2397.9510978743274,-870.7360057574874,363.25593041670027,347.31479646722295,W22681
723465,723929,363.25593041670027,347.31479646722295,-908.2838184938292,136.05078453849475,W22681
809091,809476,51.97857877547188,882.4244844852859,-816.9135259411414,1201.1303377814577,W22681
810206,811514,-816.9135259411414,1201.1303377814577,1709.7916832437074,-315.9228821705432,W22681
828328,828531,1709.7916832437074,-315.9228821705432,1812.4743714305184,289.6516347461591,W22681
843559,844289,1812.4743714305184,289.6516347461591,1917.8811044698043,-2344.26355730684,W22681
846101,847729,1917.8811044698043,-2344.26355730684,3832.9163838716586,459.19023571369775,W22681
1586833,1587861,3832.9163838716586,459.19023571369775,3832.9163838716586,459.19023571369775,W22681
1879249,1882736,3832.9163838716586,459.19023571369775,-2053.4663687098687,-1523.9549883433065,W22681
2037409,2040560,486.9182756857461,-814.3530107541019,486.9182756857461,-814.3530107541019,W22681
2293255,2296570,486.9182756857461,-814.3530107541019,486.9182756857461,-814.3530107541019,W22681
2384665,2385734,486.9182756857461,-814.3530107541019,-1617.3824598979872,208.1662401897456,W22681
