started_at,ended_at,start_x,start_y,end_x,end_y,bike_id
40584,41065,1271.019755402809,-1678.4655452337165,1845.807450034228,-698.5257525098514,W22639
50815,51846,1845.807450034228,-698.5257525098514,-843.6894071192287,220.42732905849545,W22639
73587,73726,-843.6894071192287,220.42732905849545,-584.2071226972812,-157.18220917050687,W22639
122034,122499,-101.53103449587984,1825.183782970942,-1386.3722255965383,1072.7797094714829,W22639
230776,232058,-1386.3722255965383,1072.7797094714829,1002.1298273174614,77.58923497942598,W22639
326747,327409,-1893.9180927095776,1322.3565600090635,-1620.0792206913457,3013.067178195072,W22639
461229,462040,-494.03119251583706,2141.440621677288,-2892.405826201766,-17.69969635880834,W22639
503414,504122,-2892.405826201766,-17.69969635880834,-570.845296965312,382.6028703385173,W22639
544851,545350,-570.845296965312,382.6028703385173,1572.4295790921033,412.8815961838383,W22639
557133,557971,1572.4295790921033,412.8815961838383,-828.8681814864412,-38.85027691326964,W22639
560654,561755,-828.8681814864412,-38.85027691326964,223.52812242238716,-443.9395539462969,W22639
564605,565806,223.52812242238716,-443.9395539462969,-794.7691416991337,2685.45581729673,W22639
585177,585382,-794.7691416991337,2685.45581729673,-490.1426245460887,1831.862913672767,W22639
589901,590110,-490.1426245460887,1831.862913672767,-1008.4935812659144,2284.707975219652,W22639
641924,642247,-1008.4935812659144,2284.707975219652,-1386.3722255965383,1072.7797094714829,W22639
643851,644477,-1386.3722255965383,1072.7797094714829,-490.1426245460887,1831.862913672767,W22639
659031,660052,-490.1426245460887,1831.862913672767,1682.9689672611153,1296.3079502741607,W22639
912782,914167,1682.9689672611153,1296.3079502741607,3861.339855126864,1821.955536465561,W22639
1012604,1012951,3861.339855126864,1821.955536465561,2842.538526966029,2153.0177815595557,W22639
1191804,1192600,2842.538526966029,2153.0177815595557,2650.3265920979,3121.0464578661404,W22639
1521433,1521701,2650.3265920979,3121.0464578661404,3254.527701069016,3432.182629700983,W22639
