started_at,ended_at,start_x,start_y,end_x,end_y,bike_id
123283,124213,5894.2173889576,7562.111779997052,3651.5096207492434,8314.40453465177,W22619
744066,748694,3651.5096207492434,8314.40453465177,6119.287860138801,8648.917663941418,W22619
1533670,1536015,6119.287860138801,8648.917663941418,6119.287860138801,8648.917663941418,W22619
1619703,1621889,6119.287860138801,8648.917663941418,6119.287860138801,8648.917663941418,W22619
