started_at,ended_at,start_x,start_y,end_x,end_y,bike_id
44973,45814,949.1557991213356,1050.348962199343,-922.0882966995912,1354.416387375768,W22654
160689,161429,-1475.703120519892,638.6362138876518,-1894.0765139831676,1322.3565600090635,W22654
202775,202982,-1894.0765139831676,1322.3565600090635,-1475.703120519892,638.6362138876518,W22654
204676,205206,-929.4525001462196,1038.6048240499654,-2925.498184966575,1006.3223589937804,W22654
230182,230989,-2925.498184966575,1006.3223589937804,-570.8591111335667,382.6028703385173,W22654
