started_at,ended_at,start_x,start_y,end_x,end_y,bike_id
405935,406214,-2104.020490588656,3097.446862721063,-1333.1244526763924,2761.931863826379,W22628
408377,408484,-1333.1244526763924,2761.931863826379,-1351.952265455199,2402.817269788199,W22628
413692,414294,-1351.952265455199,2402.817269788199,-101.53103449587984,1825.183782970942,W22628
462679,463530,-101.53103449587984,1825.183782970942,-2018.959555819223,1083.449620274128,W22628
464049,465394,-2018.959555819223,1083.449620274128,-1687.4808070499614,3322.088291974309,W22628
465924,466664,-1687.4808070499614,3322.088291974309,-1367.2120777705156,238.8902414156101,W22628
494627,495252,-1367.2120777705156,238.8902414156101,-1553.745244797235,1509.7618356025214,W22628
497695,498314,-1553.745244797235,1509.7618356025214,-101.53103449587984,1825.183782970942,W22628
501840,502383,-101.53103449587984,1825.183782970942,-2194.4774136437,1670.339269546311,W22628
503010,503896,-2194.4774136437,1670.339269546311,-929.3914426548988,1038.6048240499654,W22628
551916,552250,-929.3914426548988,1038.6048240499654,-1369.0198339983065,1373.3405910290935,W22628
568188,568612,-1333.1244526763924,2761.931863826379,-814.5374629822909,2330.682658213708,W22628
568906,569536,-814.5374629822909,2330.682658213708,-1351.952265455199,2402.817269788199,W22628
1607444,1607656,1835.2706095118488,-1359.8153513599148,2477.2140987236085,-1485.856961461107,W22628
1615570,1617226,2477.2140987236085,-1485.856961461107,1365.6807727435448,-2172.053304059203,W22628
1619445,1620079,1365.6807727435448,-2172.053304059203,1835.2706095118488,-1359.8153513599148,W22628
1707041,1707638,1835.2706095118488,-1359.8153513599148,933.1862516873412,-1937.9287301948511,W22628
1731835,1734552,933.1862516873412,-1937.9287301948511,-117.15367456973772,-2177.897543422312,W22628
1771198,1771369,-117.15367456973772,-2177.897543422312,-568.1726241532793,-1955.7830855160428,W22628
1775986,1776481,-568.1726241532793,-1955.7830855160428,1108.854912819232,-2222.2581031636773,W22628
2293368,2293515,-1386.3722255965383,1072.7797094714829,-929.3914426548988,1038.6048240499654,W22628
2303350,2304309,-929.3914426548988,1038.6048240499654,-1620.0792206913457,3013.067178195072,W22628
2307946,2308495,-1620.0792206913457,3013.067178195072,-1881.431886693912,2146.116013168249,W22628
2387901,2389062,-1881.431886693912,2146.116013168249,666.9437976964771,1810.1557388930216,W22628
