started_at,ended_at,start_x,start_y,end_x,end_y,bike_id
2568617,2569383,901.9420715355648,3443.4258330482376,-816.9135259411414,1201.1303377814577,W22612
2574379,2575472,-816.9135259411414,1201.1303377814577,-1551.966391370401,2925.236609473427,W22612
2637806,2638520,-1551.966391370401,2925.236609473427,-193.13798087540837,4896.915992493696,W22612
