started_at,ended_at,start_x,start_y,end_x,end_y,bike_id
305961,308861,-2853.533219035006,-891.6639486224678,-757.2144788708657,-1761.398084774919,W22692
935600,944195,-2417.219257666417,1540.3188585612754,2477.2140987236085,-1485.856961461107,W22692
1014840,1016105,2477.2140987236085,-1485.856961461107,949.0927421968316,1050.348962199343,W22692
1081830,1082447,949.0927421968316,1050.348962199343,1002.1298273174614,77.58923497942598,W22692
1096346,1096802,1002.1298273174614,77.58923497942598,1230.0885275888672,-1242.652266974825,W22692
1167346,1168017,1230.0885275888672,-1242.652266974825,2477.2140987236085,-1485.856961461107,W22692
1324778,1325156,2477.2140987236085,-1485.856961461107,2049.325672781144,-9.239464137182011,W22692
1436192,1436844,2049.325672781144,-9.239464137182011,223.52812242238716,-443.9395539462969,W22692
1443924,1444782,223.52812242238716,-443.9395539462969,1271.019755402809,-1678.4655452337165,W22692
1581995,1582829,1271.019755402809,-1678.4655452337165,-2605.6813026458703,-1351.7447350956706,W22692
1600927,1601612,1271.019755402809,-1678.4655452337165,2049.325672781144,-9.239464137182011,W22692
1761371,1762582,-3060.847950466069,3019.634990051365,-1380.3033083701418,-858.2682951157151,W22692
1876274,1877122,-2194.889224699188,1823.9592756756335,-919.4722224283496,3269.7684348142307,W22692
2050574,2051284,-919.4722224283496,3269.7684348142307,-842.3452252522125,683.1637518961281,W22692
2551168,2551665,-842.3452252522125,683.1637518961281,-1008.4935812659144,2284.707975219652,W22692
2553240,2553809,-1008.4935812659144,2284.707975219652,-842.3452252522125,683.1637518961281,W22692
2617818,2618461,-842.3452252522125,683.1637518961281,-2311.895100954131,239.22419795062223,W22692
2653259,2654146,-2311.895100954131,239.22419795062223,-1557.3691014905978,2536.900818615751,W22692
