started_at,ended_at,start_x,start_y,end_x,end_y,bike_id
374876,375936,3280.9658422691805,631.4004889613337,1244.7008281127914,1024.896740019206,W22677
391330,393345,1244.7008281127914,1024.896740019206,-2594.957575458331,495.12537678995767,W22677
401881,402139,-2594.957575458331,495.12537678995767,-2451.156845307692,814.965264401756,W22677
411045,411437,-2451.156845307692,814.965264401756,-2792.422696799228,1461.727753976022,W22677
563135,566220,-2848.997106809029,-636.9107717910118,-1993.883130108986,-3476.932805400522,W22677
