started_at,ended_at,start_x,start_y,end_x,end_y,bike_id
54927,55202,-1687.4808070499614,3322.088291974309,-2089.6479554302955,2393.132530270474,W22650
55941,56338,-2089.6479554302955,2393.132530270474,-494.03119251583706,2141.440621677288,W22650
463235,463525,-494.03119251583706,2141.440621677288,-500.12939426980034,1054.6347377329218,W22650
463660,464019,-500.12939426980034,1054.6347377329218,-1475.6435123868507,638.6362138876518,W22650
675835,677414,-2104.020490588656,3097.446862721063,-1386.3722255965383,1072.7797094714829,W22650
722808,723660,-1386.3722255965383,1072.7797094714829,-2311.895100954131,239.22419795062223,W22650
754580,755146,-2311.895100954131,239.22419795062223,-2417.219257666417,1540.3188585612754,W22650
756413,757376,-2417.219257666417,1540.3188585612754,-491.8525682028344,1997.1891388458932,W22650
803533,803766,-491.8525682028344,1997.1891388458932,-1008.4935812659144,2284.707975219652,W22650
804234,804617,-1008.4935812659144,2284.707975219652,-1475.6435123868507,638.6362138876518,W22650
841359,842073,-1475.6435123868507,638.6362138876518,-2605.6813026458703,-1351.7447350956706,W22650
847616,848956,-2605.6813026458703,-1351.7447350956706,-188.8673402319529,519.5250497148589,W22650
859592,860061,-188.8673402319529,519.5250497148589,-1369.0198339983065,1373.3405910290935,W22650
896596,897659,-1369.0198339983065,1373.3405910290935,1157.659916597574,-143.71262892290716,W22650
935624,935869,1157.659916597574,-143.71262892290716,1845.807450034228,-698.5257525098514,W22650
981448,982328,1845.807450034228,-698.5257525098514,-1309.9813548408183,-194.6966599429369,W22650
1327506,1328738,2873.9839282869875,-707.4312601120213,-2605.26842578739,-423.4568864618599,W22650
1437464,1438459,-2605.26842578739,-423.4568864618599,-2348.210150806419,-441.1565828206682,W22650
1701875,1702701,-2348.210150806419,-441.1565828206682,-2348.210150806419,-441.1565828206682,W22650
1775499,1776076,-2348.210150806419,-441.1565828206682,-2348.210150806419,-441.1565828206682,W22650
1860814,1860882,-2348.210150806419,-441.1565828206682,-2348.210150806419,-441.1565828206682,W22650
2320779,2321253,-3060.847950466069,3019.634990051365,-1360.182448193738,3399.343570419514,W22650
2393172,2393401,-1360.182448193738,3399.343570419514,-1351.952265455199,2402.817269788199,W22650
2639115,2639668,-246.9191299668783,106.75477237497007,236.3596737786456,-1033.5954760247828,W22650
