started_at,ended_at,start_x,start_y,end_x,end_y,bike_id
666576,667601,4767.203956803103,-206.5211142191135,2388.861960030208,-2071.6437058494644,W22652
812870,813120,2388.861960030208,-2071.6437058494644,1455.5224809928118,-2328.4562813133634,W22652
894058,894402,2283.334914585575,-335.1253829365107,1554.255559250921,-94.62101826821,W22652
894443,895077,1554.255559250921,-94.62101826821,-272.0689885867906,-1501.372616643942,W22652
920147,921469,-272.0689885867906,-1501.372616643942,-1003.3086266819548,370.2716219648887,W22652
925726,926739,-1003.3086266819548,370.2716219648887,-1551.966391370401,2925.236609473427,W22652
929066,929460,-1551.966391370401,2925.236609473427,-1379.7769751705168,3794.859426781138,W22652
929606,930553,-1379.7769751705168,3794.859426781138,-1898.892902655899,642.7550111541201,W22652
945001,945486,-1898.892902655899,642.7550111541201,128.0433274469788,541.454862184085,W22652
1000078,1000396,128.0433274469788,541.454862184085,-1365.3326241855143,551.0282828562791,W22652
1001739,1002191,-1365.3326241855143,551.0282828562791,-1001.6416887046756,1337.5515823548856,W22652
1003703,1004087,-1001.6416887046756,1337.5515823548856,-1338.6563166249937,473.21641018658136,W22652
1007683,1009467,-1338.6563166249937,473.21641018658136,1782.257882414919,-1414.8625202224605,W22652
1023612,1024793,1782.257882414919,-1414.8625202224605,-456.4230317783731,2112.497721972016,W22652
1111468,1111844,-456.4230317783731,2112.497721972016,-369.90720380120285,1182.206134128132,W22652
1176782,1178757,-369.90720380120285,1182.206134128132,1043.6506532373223,-3102.2310373795663,W22652
1278326,1279599,1043.6506532373223,-3102.2310373795663,1043.6506532373223,-3102.2310373795663,W22652
1449336,1450929,1043.6506532373223,-3102.2310373795663,1043.6506532373223,-3102.2310373795663,W22652
1878323,1879538,1043.6506532373223,-3102.2310373795663,-1260.1040304636565,-2002.7373407811456,W22652
2470198,2472967,-5962.396216007198,-319.3737663661961,-5962.396216007198,-319.3737663661961,W22652
