started_at,ended_at,start_x,start_y,end_x,end_y,bike_id
2574379,2575472,-1369.0198339983065,1373.3405910290935,-2104.020490588656,3097.446862721063,W22612
