started_at,ended_at,start_x,start_y,end_x,end_y,bike_id
290348,291502,1120.6795998258754,2058.068864235805,-1890.7937293864395,645.4266634342174,W22745
312050,312456,-2354.6709182688887,2716.8477315926184,-2646.5254975806206,1031.0908020110053,W22745
313592,314398,-2646.5254975806206,1031.0908020110053,-2925.311977241168,1006.3223589937804,W22745
325544,326618,-2925.311977241168,1006.3223589937804,-794.7691416991337,2685.45581729673,W22745
379716,380228,-794.7691416991337,2685.45581729673,-1031.196919700857,841.1251929813999,W22745
501862,503710,-1031.196919700857,841.1251929813999,-1351.952265455199,2402.817269788199,W22745
521487,521608,-1351.952265455199,2402.817269788199,-1557.3691014905978,2536.900818615751,W22745
574965,575790,-1557.3691014905978,2536.900818615751,-543.4342390331508,1377.793344829783,W22745
579066,579757,-543.4342390331508,1377.793344829783,-2089.6479554302955,2393.132530270474,W22745
581487,581937,-2089.6479554302955,2393.132530270474,-1553.745244797235,1509.7618356025214,W22745
634894,635256,-922.0093029382764,1354.416387375768,-2646.5254975806206,1031.0908020110053,W22745
650394,654491,-2646.5254975806206,1031.0908020110053,903.3176669575872,-2156.246028065728,W22745
840680,842088,-985.2325967772824,233.88089338963675,1835.2706095118488,-1359.8153513599148,W22745
846444,846655,1835.2706095118488,-1359.8153513599148,1271.019755402809,-1678.4655452337165,W22745
922195,923893,1271.019755402809,-1678.4655452337165,2867.906680146335,-2550.6486959767835,W22745
924110,924502,2867.906680146335,-2550.6486959767835,3941.095644803859,-2583.2651175679807,W22745
1102298,1103130,3941.095644803859,-2583.2651175679807,1836.676275980947,-1899.4334526018283,W22745
1103857,1107290,1836.676275980947,-1899.4334526018283,1836.676275980947,-1899.4334526018283,W22745
1116345,1116761,1836.676275980947,-1899.4334526018283,1221.5108251699423,-2365.859413241053,W22745
1125072,1128491,1221.5108251699423,-2365.859413241053,1221.5108251699423,-2365.859413241053,W22745
1169479,1169749,1221.5108251699423,-2365.859413241053,935.5683550562323,-2444.89579320685,W22745
1608955,1611951,935.5683550562323,-2444.89579320685,-117.15367456973772,-2177.897543422312,W22745
1704309,1707625,-117.15367456973772,-2177.897543422312,-117.15367456973772,-2177.897543422312,W22745
1708193,1724543,-117.15367456973772,-2177.897543422312,-117.15367456973772,-2177.897543422312,W22745
1778304,1779762,-117.15367456973772,-2177.897543422312,-1017.6238913195454,-1111.63304402804,W22745
