started_at,ended_at,start_x,start_y,end_x,end_y,bike_id
31744,31990,1572.4295790921033,412.8815961838383,2447.178885471176,463.5171925950309,W22752
55689,56232,2447.178885471176,463.5171925950309,3193.6869502417144,171.98761555736422,W22752
893802,894077,3193.6869502417144,171.98761555736422,2913.10373776828,461.9732068385355,W22752
1537212,1539521,2913.10373776828,461.9732068385355,2913.10373776828,461.9732068385355,W22752
1704886,1705355,2913.10373776828,461.9732068385355,2438.2540112858683,-645.8719388147609,W22752
1764729,1765010,2438.2540112858683,-645.8719388147609,2852.2638477301693,103.74916355986063,W22752
