started_at,ended_at,start_x,start_y,end_x,end_y,bike_id
1968839,1968975,1433.734978819347,9553.04932320566,998.6697827529268,9291.783993940277,W22746
1969035,1969579,998.6697827529268,9291.783993940277,-85.19442965178713,10231.760321301888,W22746
1969738,1970018,-85.19442965178713,10231.760321301888,-559.106132691697,10827.527825537472,W22746
2054537,2055183,-559.106132691697,10827.527825537472,-2449.860469178927,11339.939423490196,W22746
2223752,2224074,-2449.860469178927,11339.939423490196,-1372.3172449005554,10894.886681094122,W22746
2482558,2484010,-1372.3172449005554,10894.886681094122,-1372.3172449005554,10894.886681094122,W22746
