started_at,ended_at,start_x,start_y,end_x,end_y,bike_id
1449988,1450834,-1993.883130108986,3476.932805400522,-1993.883130108986,3476.932805400522,W22771
1524019,1527333,-1993.883130108986,3476.932805400522,-1993.883130108986,3476.932805400522,W22771
1532880,1536012,-1993.883130108986,3476.932805400522,-1993.883130108986,3476.932805400522,W22771
1604245,1604896,-1993.883130108986,3476.932805400522,-1812.1172615052687,1830.5270875335093,W22771
1672046,1672348,-1812.1172615052687,1830.5270875335093,-1812.1172615052687,1830.5270875335093,W22771
