started_at,ended_at,start_x,start_y,end_x,end_y,bike_id
156182,156696,1120.8255084078955,-2058.068864235805,1111.6447822315015,-379.2633049876047,W22737
206938,207716,1111.6447822315015,-379.2633049876047,-65.24156624682065,642.142757506466,W22737
214968,215982,-65.24156624682065,642.142757506466,-246.9207971631472,-106.75477237497007,W22737
313787,315236,-246.9207971631472,-106.75477237497007,-2848.997106809029,636.9107717910118,W22737
315298,317036,-2848.997106809029,636.9107717910118,-4002.05809119474,-833.4441926753292,W22737
753031,753378,-824.4476227646819,360.1164636447984,-1017.5523537364988,1111.63304402804,W22737
