started_at,ended_at,start_x,start_y,end_x,end_y,bike_id
38577,39808,-298.2969459159975,-188.1288480866431,236.34422431908067,-1033.5954760247828,W22759
43523,45703,236.34422431908067,-1033.5954760247828,-2013.0446574339128,225.7907524544684,W22759
47539,48510,-2013.0446574339128,225.7907524544684,-2848.997106809029,-636.9107717910118,W22759
56788,60216,-2848.997106809029,-636.9107717910118,-65.24156624682065,-642.142757506466,W22759
61001,62270,-65.24156624682065,-642.142757506466,949.1557991213356,1050.348962199343,W22759
120261,120949,949.1557991213356,1050.348962199343,422.87516574033486,94.06442404292608,W22759
172521,176785,422.87516574033486,94.06442404292608,422.87516574033486,94.06442404292608,W22759
2051640,2051931,-1375.6365913319034,3230.58420136674,-2259.8608310676686,2967.9830459613117,W22759
2108902,2109463,-2259.8608310676686,2967.9830459613117,-2019.097921527496,1083.449620274128,W22759
