started_at,ended_at,start_x,start_y,end_x,end_y,bike_id
57556,59983,-2853.533219035006,-891.6639486224678,-3262.531070247399,360.3391013342791,W22742
60844,62096,-3262.531070247399,360.3391013342791,-2853.533219035006,-891.6639486224678,W22742
662320,663339,-1891.2395552395976,-909.029688445473,-2792.164519531742,1461.727753976022,W22742
710065,710612,-2792.164519531742,1461.727753976022,-1351.952265455199,2402.817269788199,W22742
714157,714489,-1351.952265455199,2402.817269788199,-1386.3722255965383,1072.7797094714829,W22742
720107,720411,-1386.3722255965383,1072.7797094714829,-1917.467610232194,723.2385361039151,W22742
721427,721628,-1917.467610232194,723.2385361039151,-2451.030497734943,814.965264401756,W22742
746633,747027,-2451.030497734943,814.965264401756,-3262.531070247399,360.3391013342791,W22742
898063,900453,-1620.0792206913457,3013.067178195072,-2811.4720009168905,-425.46062567272384,W22742
1030433,1032330,-2811.4720009168905,-425.46062567272384,-1574.715056457654,1019.791939240589,W22742
1414335,1414760,-1923.405460375761,1762.9565486044485,-1154.4178996069331,447.5017569858993,W22742
1623515,1627195,-1620.0792206913457,3013.067178195072,-2089.6479554302955,2393.132530270474,W22742
1691738,1692807,-2089.6479554302955,2393.132530270474,-493.3014109226975,113.54792354855924,W22742
1701026,1701929,-493.3014109226975,113.54792354855924,-1553.745244797235,1509.7618356025214,W22742
1707859,1708289,-1553.745244797235,1509.7618356025214,-2434.4542367719587,2130.308737174774,W22742
1758625,1759541,-2434.4542367719587,2130.308737174774,-2434.4542367719587,2130.308737174774,W22742
1875476,1875883,-491.8525682028344,1997.1891388458932,-1369.0198339983065,1373.3405910290935,W22742
2527882,2528846,-919.4722224283496,3269.7684348142307,1000.298381636028,1637.3888914201018,W22742
2555521,2556972,1000.298381636028,1637.3888914201018,-2469.43675410197,4.1187972648863145,W22742
