started_at,ended_at,start_x,start_y,end_x,end_y,bike_id
1875293,1877070,259.6198942404481,1818.615971114648,-65.24421585664805,-642.142757506466,W22799
1877116,1878559,-65.24421585664805,-642.142757506466,-1051.840396051375,-834.0564463237743,W22799
2481469,2482629,-1051.840396051375,-834.0564463237743,-2892.405826201766,-17.69969635880834,W22799
2569497,2569795,-2892.405826201766,-17.69969635880834,-3034.094275550209,1150.702900985921,W22799
2618488,2618773,-3034.094275550209,1150.702900985921,-2892.405826201766,-17.69969635880834,W22799
