started_at,ended_at,start_x,start_y,end_x,end_y,bike_id
1181141,1181680,-3463.0718753649576,-8655.249839285298,-3293.978298374221,-10400.742328044142,W22740
1187626,1188108,-3293.978298374221,-10400.742328044142,-2341.8162033371987,-10296.213932568726,W22740
2224569,2231075,3915.4924565580086,-4501.8433194126255,2845.1923203050715,-3775.155991212256,W22740
2642363,2642838,2845.1923203050715,-3775.155991212256,3853.562648128803,-3565.097330657178,W22740
