started_at,ended_at,start_x,start_y,end_x,end_y,bike_id
501034,501610,-1574.715056457654,1019.791939240589,-1881.431886693912,2146.116013168249,W22707
506594,506793,-1881.431886693912,2146.116013168249,-2194.4774136437,1670.339269546311,W22707
557945,558930,-2194.889224699188,1823.9592756756335,-543.4342390331508,1377.793344829783,W22707
753635,754226,-2311.895100954131,239.22419795062223,-1553.745244797235,1509.7618356025214,W22707
755728,756595,-1553.745244797235,1509.7618356025214,1000.298381636028,1637.3888914201018,W22707
989407,989717,-2434.4542367719587,2130.308737174774,-1557.3691014905978,2536.900818615751,W22707
998639,999707,-1557.3691014905978,2536.900818615751,-1369.0198339983065,1373.3405910290935,W22707
1037883,1038327,-1369.0198339983065,1373.3405910290935,-2925.311977241168,1006.3223589937804,W22707
1040482,1041081,-2925.311977241168,1006.3223589937804,-2190.235672060508,980.0441292680304,W22707
1069452,1069643,-1881.431886693912,2146.116013168249,-2194.4774136437,1670.339269546311,W22707
1077843,1078348,-2194.4774136437,1670.339269546311,-2172.0118915123644,2509.7946798534413,W22707
1088271,1088985,-2172.0118915123644,2509.7946798534413,-2808.1861045329406,513.9591074636016,W22707
1094733,1095916,-2808.1861045329406,513.9591074636016,-117.15367456973772,-2177.897543422312,W22707
1099798,1102085,-117.15367456973772,-2177.897543422312,-1557.3691014905978,2536.900818615751,W22707
1105342,1106005,-1557.3691014905978,2536.900818615751,357.95233295209937,1378.1273013647951,W22707
1108211,1108962,357.95233295209937,1378.1273013647951,-794.7691416991337,2685.45581729673,W22707
1111378,1111884,-794.7691416991337,2685.45581729673,-1553.745244797235,1509.7618356025214,W22707
1120665,1120897,-1553.745244797235,1509.7618356025214,-1553.745244797235,1509.7618356025214,W22707
1623554,1624845,-1460.4283175020964,308.2610377861307,-494.03119251583706,2141.440621677288,W22707
1670398,1671929,-494.03119251583706,2141.440621677288,-494.03119251583706,2141.440621677288,W22707
1956585,1957981,-1555.445981478385,542.4818752125246,935.5683550562323,-2444.89579320685,W22707
2194278,2195101,935.5683550562323,-2444.89579320685,1260.3648729942292,461.861887993795,W22707
2195679,2195915,1260.3648729942292,461.861887993795,2175.7585113241184,414.1061034791464,W22707
2287506,2289521,2175.7585113241184,414.1061034791464,-1450.099395056315,-447.3904381419498,W22707
2290172,2291492,-1450.099395056315,-447.3904381419498,-1351.952265455199,2402.817269788199,W22707
