started_at,ended_at,start_x,start_y,end_x,end_y,bike_id
326585,326831,4744.505435842784,6405.1750236890575,5487.914735052453,6321.797208768103,W22712
725631,725945,5487.914735052453,6321.797208768103,4744.505435842784,6405.1750236890575,W22712
1622714,1625072,4744.505435842784,6405.1750236890575,-810.2158349534978,3422.163933649827,W22712
1677600,1678315,-810.2158349534978,3422.163933649827,-816.9135259411414,1201.1303377814577,W22712
1850701,1851699,-1617.3824598979872,208.1662401897456,594.6698529972505,511.5972467311889,W22712
1862444,1863829,594.6698529972505,511.5972467311889,4413.373510244691,1649.7452832179245,W22712
1866380,1866791,4413.373510244691,1649.7452832179245,3394.571716709091,1980.8075283119197,W22712
