started_at,ended_at,start_x,start_y,end_x,end_y,bike_id
934373,935911,1786.632226663973,6640.503062064276,-1551.966391370401,2925.236609473427,W22773
993745,993958,-1551.966391370401,2925.236609473427,-1537.569412718039,2220.922277022837,W22773
997550,997755,-1537.569412718039,2220.922277022837,-1707.3762434280573,2795.772792713676,W22773
1012389,1012785,-1707.3762434280573,2795.772792713676,-808.1470002565214,3227.133317171877,W22773
1012803,1014186,-808.1470002565214,3227.133317171877,2758.999893455809,3991.671144778888,W22773
1065463,1066813,2758.999893455809,3991.671144778888,-80.1058961165534,3374.191707505921,W22773
1066833,1067458,-80.1058961165534,3374.191707505921,-1551.966391370401,2925.236609473427,W22773
1067805,1068889,-1551.966391370401,2925.236609473427,-433.0906763410017,61.67064014200078,W22773
1081835,1082915,-433.0906763410017,61.67064014200078,2131.053938378371,-542.7906883249245,W22773
1096862,1097930,2131.053938378371,-542.7906883249245,1796.710145560574,852.6864867715699,W22773
1165335,1165720,1796.710145560574,852.6864867715699,2283.334914585575,-335.1253829365107,W22773
1244463,1245728,2283.334914585575,-335.1253829365107,-250.56925314194632,-1168.625235035001,W22773
1274612,1275432,-250.56925314194632,-1168.625235035001,-1796.0298137374746,-613.3668360683042,W22773
1520198,1521098,-1796.0298137374746,-613.3668360683042,435.06300640745945,-2350.107796669948,W22773
1595132,1595508,1812.120848742311,-1161.2781912639423,3177.326435678709,-1949.1929763257588,W22773
1595858,1596347,3177.326435678709,-1949.1929763257588,1812.120848742311,-1161.2781912639423,W22773
1617841,1619247,1812.120848742311,-1161.2781912639423,-2340.23434777719,-189.90994960644437,W22773
1620465,1620795,-2340.23434777719,-189.90994960644437,-2481.962052989563,978.492647738285,W22773
1663644,1663910,-2481.962052989563,978.492647738285,-2340.23434777719,-189.90994960644437,W22773
1669146,1670157,-2340.23434777719,-189.90994960644437,-465.43463430746266,-1283.8432972756757,W22773
1698779,1700334,-465.43463430746266,-1283.8432972756757,3465.1952295782785,289.7629535908995,W22773
1703729,1707284,3465.1952295782785,289.7629535908995,3465.1952295782785,289.7629535908995,W22773
1879160,1881887,3465.1952295782785,289.7629535908995,3465.1952295782785,289.7629535908995,W22773
