started_at,ended_at,start_x,start_y,end_x,end_y,bike_id
52553,56183,-1617.885904175311,-478.5597147475669,-1617.885904175311,-478.5597147475669,W22784
340712,342598,-1617.885904175311,-478.5597147475669,1455.5224809928118,-2328.4562813133634,W22784
489105,489352,1455.5224809928118,-2328.4562813133634,1823.2038828180252,-1850.6757984813523,W22784
505810,506042,1823.2038828180252,-1850.6757984813523,2387.4374655296765,-1532.0256046075506,W22784
552855,553374,2387.4374655296765,-1532.0256046075506,1455.5224809928118,-2328.4562813133634,W22784
650997,651728,1455.5224809928118,-2328.4562813133634,2124.537389012071,240.6713429362023,W22784
654099,654386,2124.537389012071,240.6713429362023,1554.255559250921,-94.62101826821,W22784
720860,721473,650.571967409161,1060.0649330247525,58.83935351161514,-58.66232969907673,W22784
745405,746920,1305.4434734316112,1913.5709459186608,-1642.789656665885,1651.749022427998,W22784
753185,753499,-1642.789656665885,1651.749022427998,-2240.045794021533,1289.517500728386,W22784
757142,757818,-2240.045794021533,1289.517500728386,-2444.2745727179054,439.1528436098043,W22784
757969,760500,-2444.2745727179054,439.1528436098043,117.9129393787196,5588.150360654068,W22784
804312,804878,117.9129393787196,5588.150360654068,1744.9539641627885,6073.44486552504,W22784
856243,856435,1744.9539641627885,6073.44486552504,1786.632226663973,6640.503062064276,W22784
895318,895585,1786.632226663973,6640.503062064276,1744.9539641627885,6073.44486552504,W22784
1493971,1495678,1744.9539641627885,6073.44486552504,1744.9539641627885,6073.44486552504,W22784
1506730,1507525,1744.9539641627885,6073.44486552504,572.5493392285961,7906.309648803634,W22784
1775908,1777503,572.5493392285961,7906.309648803634,-923.5103847186632,466.4259606400159,W22784
1950996,1951472,-923.5103847186632,466.4259606400159,8.662919362128497,1205.5830915821473,W22784
