started_at,ended_at,start_x,start_y,end_x,end_y,bike_id
110946,111142,2436.294534689336,-59.66690093113685,1554.255559250921,-94.62101826821,W22744
111248,112459,1554.255559250921,-94.62101826821,1455.5224809928118,-2328.4562813133634,W22744
205659,205977,2326.262791090281,-622.2723436696831,1554.255559250921,-94.62101826821,W22744
207223,207696,1554.255559250921,-94.62101826821,2258.2481205983354,-1208.700019242788,W22744
232489,233185,2258.2481205983354,-1208.700019242788,1501.1850775340426,878.138708951707,W22744
236449,236567,1501.1850775340426,878.138708951707,1796.710145560574,852.6864867715699,W22744
237772,238439,1796.710145560574,852.6864867715699,3426.1166896475306,-879.6415133596573,W22744
289658,290467,3426.1166896475306,-879.6415133596573,1455.5224809928118,-2328.4562813133634,W22744
389518,390380,1455.5224809928118,-2328.4562813133634,1124.7088420298285,-40.52005958753947,W22744
410297,410775,1124.7088420298285,-40.52005958753947,1796.710145560574,852.6864867715699,W22744
650203,650640,650.571967409161,1060.0649330247525,58.83935351161514,-58.66232969907673,W22744
729873,730900,1305.4434734316112,1913.5709459186608,-1638.1066826638655,807.8338760203944,W22744
756118,757779,-1638.1066826638655,807.8338760203944,2387.4374655296765,-1532.0256046075506,W22744
778204,779099,2387.4374655296765,-1532.0256046075506,2837.541864470277,-1705.516024573656,W22744
806866,808065,2837.541864470277,-1705.516024573656,3177.326435678709,-1949.1929763257588,W22744
817381,817695,3177.326435678709,-1949.1929763257588,2387.4374655296765,-1532.0256046075506,W22744
842993,843189,2387.4374655296765,-1532.0256046075506,3177.326435678709,-1949.1929763257588,W22744
890814,891514,3177.326435678709,-1949.1929763257588,1554.255559250921,-94.62101826821,W22744
891691,892312,1554.255559250921,-94.62101826821,-757.8209312821701,-366.9069131905728,W22744
923939,924680,-757.8209312821701,-366.9069131905728,1554.255559250921,-94.62101826821,W22744
925430,925959,1554.255559250921,-94.62101826821,3745.785514584079,-0.2226376902717624,W22744
2547919,2550032,3745.785514584079,-0.2226376902717624,3745.785514584079,-0.2226376902717624,W22744
