started_at,ended_at,start_x,start_y,end_x,end_y,bike_id
1964016,1965615,-2434.7823223503287,-2130.308737174774,1260.4016918558598,-461.861887993795,W22741
1965877,1970212,1260.4016918558598,-461.861887993795,1572.4706426230523,-412.8815961838383,W22741
2008528,2008767,1572.4706426230523,-412.8815961838383,1002.1347450933658,-77.58923497942598,W22741
2386174,2387330,-500.162758044702,-1054.6347377329218,2447.250630792388,-463.5171925950309,W22741
