started_at,ended_at,start_x,start_y,end_x,end_y,bike_id
56685,59488,-7838.6869459184,18377.62812459116,-7838.6869459184,18377.62812459116,W22768
236109,236387,-7838.6869459184,18377.62812459116,-8472.347649860825,18282.005236717912,W22768
460967,461239,-8472.347649860825,18282.005236717912,-7838.6869459184,18377.62812459116,W22768
495196,495571,-7838.6869459184,18377.62812459116,-8472.347649860825,18282.005236717912,W22768
2310981,2313143,-12492.679789344757,25401.847245444515,-12281.860319265785,25104.62592923782,W22768
