started_at,ended_at,start_x,start_y,end_x,end_y,bike_id
1856056,1856691,-2853.533219035006,-891.6639486224678,-2853.533219035006,-891.6639486224678,W22704
1857889,1858578,-2853.533219035006,-891.6639486224678,-2849.1118684293083,-636.9107717910118,W22704
1858605,1859052,-2849.1118684293083,-636.9107717910118,-3697.8467852525214,668.4251368154823,W22704
1865622,1866411,-3697.8467852525214,668.4251368154823,-2605.6813026458703,-1351.7447350956706,W22704
1871369,1873712,-2605.6813026458703,-1351.7447350956706,-3697.8467852525214,668.4251368154823,W22704
2484863,2485132,-1687.4808070499614,3322.088291974309,-1333.1244526763924,2761.931863826379,W22704
