started_at,ended_at,start_x,start_y,end_x,end_y,bike_id
47796,47938,1567.3781020660113,742.3616437789719,1567.3781020660113,742.3616437789719,W22891
