started_at,ended_at,start_x,start_y,end_x,end_y,bike_id
812290,813900,3853.562648128803,-3565.097330657178,1209.3330173771565,210.72657362589345,W22883
844726,845288,1209.3330173771565,210.72657362589345,2131.053938378371,-542.7906883249245,W22883
978746,979003,2131.053938378371,-542.7906883249245,1554.255559250921,-94.62101826821,W22883
979991,980537,1554.255559250921,-94.62101826821,-250.56925314194632,-1168.625235035001,W22883
989906,990115,-250.56925314194632,-1168.625235035001,470.0445168883398,-1523.9549883433065,W22883
1007151,1008050,470.0445168883398,-1523.9549883433065,-2053.08590707705,-595.6671397094958,W22883
1016596,1017268,-2053.08590707705,-595.6671397094958,-2053.4663687098687,-1523.9549883433065,W22883
1017387,1018949,-2053.4663687098687,-1523.9549883433065,-2833.000982424627,-57.55184287632349,W22883
1598613,1599281,-2833.000982424627,-57.55184287632349,-2301.331649052671,-1063.874201870104,W22883
1599381,1600098,-2301.331649052671,-1063.874201870104,-1260.1040304636565,-2002.7373407811456,W22883
1756165,1758167,-1260.1040304636565,-2002.7373407811456,2387.4374655296765,-1532.0256046075506,W22883
1772099,1773694,2387.4374655296765,-1532.0256046075506,-369.90720380120285,1182.206134128132,W22883
1793325,1793900,-369.90720380120285,1182.206134128132,-897.9286217198713,-619.6006913895858,W22883
1879821,1879925,-897.9286217198713,-619.6006913895858,-897.9286217198713,-619.6006913895858,W22883
2223757,2224497,-897.9286217198713,-619.6006913895858,-834.2552317649786,900.5694562238467,W22883
2285779,2286438,-834.2552317649786,900.5694562238467,-1040.6264073723517,650.6029897280923,W22883
2309992,2310196,-1040.6264073723517,650.6029897280923,-1001.6416887046756,1337.5515823548856,W22883
2310894,2312335,-1001.6416887046756,1337.5515823548856,486.9182756857461,-814.3530107541019,W22883
2312349,2313357,486.9182756857461,-814.3530107541019,-1001.6416887046756,1337.5515823548856,W22883
2313483,2313794,-1001.6416887046756,1337.5515823548856,-1005.3013800123252,2364.690565368115,W22883
2318425,2318741,-1005.3013800123252,2364.690565368115,-1001.6416887046756,1337.5515823548856,W22883
2474392,2477497,-1135.4390937110154,3149.8780387266734,-1135.4390937110154,3149.8780387266734,W22883
