started_at,ended_at,start_x,start_y,end_x,end_y,bike_id
1179460,1186682,-29085.782278910887,6882.064955760774,-29085.782278910887,6882.064955760774,W22813
