started_at,ended_at,start_x,start_y,end_x,end_y,bike_id
1063902,1064757,-1713.5857184887172,1824.4045510561773,949.0927421968316,1050.348962199343,W22829
1077370,1077734,949.0927421968316,1050.348962199343,42.554840611112105,683.8074999788248,W22829
1234291,1234740,-1687.4808070499614,3322.088291974309,-1553.745244797235,1509.7618356025214,W22829
1235721,1236311,-1553.745244797235,1509.7618356025214,-1687.4808070499614,3322.088291974309,W22829
1412220,1412958,-1687.4808070499614,3322.088291974309,-1475.6435123868507,638.6362138876518,W22829
1445922,1446908,-1475.6435123868507,638.6362138876518,2913.10373776828,461.9732068385355,W22829
1488594,1488979,2913.10373776828,461.9732068385355,1002.1298273174614,77.58923497942598,W22829
1493842,1495203,1002.1298273174614,77.58923497942598,-2013.015909685712,225.7907524544684,W22829
1799037,1799908,-2013.015909685712,225.7907524544684,-494.03119251583706,2141.440621677288,W22829
1856254,1856798,-494.03119251583706,2141.440621677288,-929.3914426548988,1038.6048240499654,W22829
1860901,1869369,-929.3914426548988,1038.6048240499654,-929.3914426548988,1038.6048240499654,W22829
1869970,1870310,-929.3914426548988,1038.6048240499654,-2417.219257666417,1540.3188585612754,W22829
1877878,1878582,-2417.219257666417,1540.3188585612754,-2892.405826201766,-17.69969635880834,W22829
2049058,2049961,-2892.405826201766,-17.69969635880834,-219.1862779950825,754.4078127095321,W22829
2187670,2188040,-219.1862779950825,754.4078127095321,-1890.7937293864395,645.4266634342174,W22829
2221646,2221853,-1890.7937293864395,645.4266634342174,-1893.9180927095776,1322.3565600090635,W22829
2222102,2223315,-1893.9180927095776,1322.3565600090635,2625.1536130326635,-1776.9827230781227,W22829
