started_at,ended_at,start_x,start_y,end_x,end_y,bike_id
812290,813900,3301.3407624228475,-3392.887077409542,657.2141925881731,382.9368268735295,W22883
844726,845288,657.2141925881731,382.9368268735295,1578.918836795151,-370.5804350772885,W22883
978746,979003,1578.918836795151,-370.5804350772885,1002.1298273174614,77.58923497942598,W22883
979991,980537,1002.1298273174614,77.58923497942598,-802.7521471361426,-996.414981787365,W22883
989906,990115,-802.7521471361426,-996.414981787365,-82.14293697444242,-1351.7447350956706,W22883
1007151,1008050,-82.14293697444242,-1351.7447350956706,-2605.26842578739,-423.4568864618599,W22883
1016596,1017268,-2605.26842578739,-423.4568864618599,-2605.6813026458703,-1351.7447350956706,W22883
1017387,1018949,-2605.6813026458703,-1351.7447350956706,-3385.173206528012,114.65841037131248,W22883
1598613,1599281,-3385.173206528012,114.65841037131248,-2853.533219035006,-891.6639486224678,W22883
1599381,1600098,-2853.533219035006,-891.6639486224678,-1812.32704114666,-1830.5270875335093,W22883
1756165,1758167,-1812.32704114666,-1830.5270875335093,1835.2706095118488,-1359.8153513599148,W22883
1772099,1773694,1835.2706095118488,-1359.8153513599148,-922.0093029382764,1354.416387375768,W22883
1793325,1793900,-922.0093029382764,1354.416387375768,-1450.099395056315,-447.3904381419498,W22883
1879821,1879925,-1450.099395056315,-447.3904381419498,-1450.099395056315,-447.3904381419498,W22883
2223757,2224497,-1450.099395056315,-447.3904381419498,-1386.3722255965383,1072.7797094714829,W22883
2285779,2286438,-1386.3722255965383,1072.7797094714829,-1592.754378936063,822.8132429757283,W22883
2309992,2310196,-1592.754378936063,822.8132429757283,-1553.745244797235,1509.7618356025214,W22883
2310894,2312335,-1553.745244797235,1509.7618356025214,-65.24421585664805,-642.142757506466,W22883
2312349,2313357,-65.24421585664805,-642.142757506466,-1553.745244797235,1509.7618356025214,W22883
2313483,2313794,-1553.745244797235,1509.7618356025214,-1557.3691014905978,2536.900818615751,W22883
2318425,2318741,-1557.3691014905978,2536.900818615751,-1553.745244797235,1509.7618356025214,W22883
2474392,2477497,-1687.4808070499614,3322.088291974309,-1687.4808070499614,3322.088291974309,W22883
