started_at,ended_at,start_x,start_y,end_x,end_y,bike_id
85137,86035,-907.7828902857132,177.44223896388112,933.1862516873412,-1937.9287301948511,W22806
114732,115119,933.1862516873412,-1937.9287301948511,236.3596737786456,-1033.5954760247828,W22806
152642,153031,236.3596737786456,-1033.5954760247828,33.87216753763598,-102.3020185750716,W22806
197827,198129,33.87216753763598,-102.3020185750716,236.3596737786456,-1033.5954760247828,W22806
323581,324225,236.3596737786456,-1033.5954760247828,-424.0757252336529,713.6651154317209,W22806
325662,326047,-424.0757252336529,713.6651154317209,-494.03119251583706,2141.440621677288,W22806
337939,339170,-494.03119251583706,2141.440621677288,2913.10373776828,461.9732068385355,W22806
476613,477151,2913.10373776828,461.9732068385355,1002.1298273174614,77.58923497942598,W22806
1327747,1328308,-2311.895100954131,239.22419795062223,-1320.292999174232,823.2028589331105,W22806
1347059,1347701,-1320.292999174232,823.2028589331105,-2348.1622084654537,-118.3319322580282,W22806
1354139,1354922,-2348.1622084654537,-118.3319322580282,-4001.84712299075,833.4441926753292,W22806
1515223,1515585,-4001.84712299075,833.4441926753292,-2803.1298600936816,296.3567677708471,W22806
1610097,1610174,-2803.1298600936816,296.3567677708471,-2803.1298600936816,296.3567677708471,W22806
1611817,1613767,-2803.1298600936816,296.3567677708471,-2605.6813026458703,-1351.7447350956706,W22806
2641786,2642051,-4214.829945059849,1013.5580839200984,-3204.387511290492,842.0157437416958,W22806
