started_at,ended_at,start_x,start_y,end_x,end_y,bike_id
61772,62149,-747.4932564629371,3672.408697257432,-54.56736334278084,3820.2401234460167,W22886
71892,72385,-54.56736334278084,3820.2401234460167,-849.4621507211028,4972.076005532586,W22886
115846,116667,-849.4621507211028,4972.076005532586,871.3991980230749,5987.395398323987,W22886
117148,117587,871.3991980230749,5987.395398323987,1744.9539641627885,6073.44486552504,W22886
238563,238743,1744.9539641627885,6073.44486552504,1786.632226663973,6640.503062064276,W22886
895533,895730,1786.632226663973,6640.503062064276,1744.9539641627885,6073.44486552504,W22886
942411,942613,1744.9539641627885,6073.44486552504,1786.632226663973,6640.503062064276,W22886
1621354,1625493,1786.632226663973,6640.503062064276,2370.607497604895,4095.42030833954,W22886
1768924,1772993,2370.607497604895,4095.42030833954,-2296.9192411811423,-809.1210250386479,W22886
1780734,1782290,-2296.9192411811423,-809.1210250386479,363.25593041670027,347.31479646722295,W22886
1856535,1859823,363.25593041670027,347.31479646722295,-1865.1073615998864,1368.1086053136396,W22886
2039218,2040373,-808.1470002565214,3227.133317171877,-1638.1066826638655,807.8338760203944,W22886
2044698,2045967,-1638.1066826638655,807.8338760203944,-808.1470002565214,3227.133317171877,W22886
2047018,2047281,-808.1470002565214,3227.133317171877,-781.0670346867206,2589.721610578743,W22886
2060018,2060635,-781.0670346867206,2589.721610578743,-2256.0341078902416,341.74885421596565,W22886
2133326,2133753,-2256.0341078902416,341.74885421596565,-1972.4911166466836,1651.3037470482452,W22886
2188315,2188659,-1972.4911166466836,1651.3037470482452,-2256.0341078902416,341.74885421596565,W22886
2218427,2219376,-2256.0341078902416,341.74885421596565,-262.4706326389354,2158.472404966072,W22886
2223197,2224563,-262.4706326389354,2158.472404966072,-262.4706326389354,2158.472404966072,W22886
2226363,2227375,-262.4706326389354,2158.472404966072,58.83935351161514,-58.66232969907673,W22886
2227397,2228174,58.83935351161514,-58.66232969907673,932.3577554627492,283.6404171143583,W22886
2363832,2364523,932.3577554627492,283.6404171143583,470.0445168883398,-1523.9549883433065,W22886
2462779,2464086,470.0445168883398,-1523.9549883433065,3123.615142939869,1072.4457529364704,W22886
2479119,2482400,3123.615142939869,1072.4457529364704,2124.537389012071,240.6713429362023,W22886
2574537,2576942,2124.537389012071,240.6713429362023,2124.537389012071,240.6713429362023,W22886
