started_at,ended_at,start_x,start_y,end_x,end_y,bike_id
241438,242994,1009.6241810945196,8592.701647205933,-850.2844639197657,4073.713133559794,W22808
296910,298176,-850.2844639197657,4073.713133559794,-1775.978957937016,489.13500502400655,W22808
