started_at,ended_at,start_x,start_y,end_x,end_y,bike_id
254289,254765,-1881.431886693912,2146.116013168249,-543.4342390331508,1377.793344829783,W22846
287546,288025,-543.4342390331508,1377.793344829783,-2190.235672060508,980.0441292680304,W22846
321020,321892,-2190.235672060508,980.0441292680304,-1812.32704114666,-1830.5270875335093,W22846
