started_at,ended_at,start_x,start_y,end_x,end_y,bike_id
147860,148728,-842.3816240987607,683.1637518961281,-2803.182402743171,296.3567677708471,W22816
154619,155034,-2803.182402743171,296.3567677708471,-3821.678425592958,729.9176668049492,W22816
1276815,1277865,-2104.4328194970344,3097.446862721063,-1189.7987514110014,-1984.8150067328563,W22816
1507059,1509920,-1189.7987514110014,-1984.8150067328563,-1189.7987514110014,-1984.8150067328563,W22816
1706501,1708753,-1189.7987514110014,-1984.8150067328563,-3061.4327168251834,3019.634990051365,W22816
1755266,1756833,-3061.4327168251834,3019.634990051365,1002.1347450933658,77.58923497942598,W22816
1844870,1844969,1002.1347450933658,77.58923497942598,1111.6447822315015,379.2633049876047,W22816
