started_at,ended_at,start_x,start_y,end_x,end_y,bike_id
1160541,1160800,1884.193042639453,-112.54335231649912,1260.4016918558598,-461.861887993795,W22854
1167577,1168045,1260.4016918558598,-461.861887993795,-65.24156624682065,642.142757506466,W22854
1170325,1170699,-65.24156624682065,642.142757506466,104.65493915366902,-350.0977675920606,W22854
1518394,1518563,104.65493915366902,-350.0977675920606,-219.1967371281292,-754.4078127095321,W22854
1532703,1533036,-219.1967371281292,-754.4078127095321,-929.4525001462196,-1038.6048240499654,W22854
1541240,1541602,-929.4525001462196,-1038.6048240499654,-814.6575640637428,-2330.682658213708,W22854
