started_at,ended_at,start_x,start_y,end_x,end_y,bike_id
62350,62591,3193.6869502417144,171.98761555736422,2500.732022251305,-159.2972672261112,W22896
114993,115378,2500.732022251305,-159.2972672261112,1835.2706095118488,-1359.8153513599148,W22896
116307,116962,1835.2706095118488,-1359.8153513599148,572.5803208358176,131.6901936600965,W22896
130122,130594,572.5803208358176,131.6901936600965,-246.9191299668783,106.75477237497007,W22896
647409,648307,-1386.3722255965383,1072.7797094714829,-2853.533219035006,-891.6639486224678,W22896
649737,651379,-2853.533219035006,-891.6639486224678,-1891.2395552395976,-909.029688445473,W22896
654080,662423,-1891.2395552395976,-909.029688445473,-1460.4283175020964,308.2610377861307,W22896
843711,844475,259.6198942404481,1818.615971114648,-493.3014109226975,113.54792354855924,W22896
928265,928471,-493.3014109226975,113.54792354855924,-424.0757252336529,713.6651154317209,W22896
930585,931517,-424.0757252336529,713.6651154317209,1120.6795998258754,2058.068864235805,W22896
987849,988984,1120.6795998258754,2058.068864235805,223.52812242238716,-443.9395539462969,W22896
999414,999828,223.52812242238716,-443.9395539462969,1111.6181164467437,379.2633049876047,W22896
1365169,1367953,1111.6181164467437,379.2633049876047,-2169.5321645165045,380.3764934373816,W22896
1367971,1369323,-2169.5321645165045,380.3764934373816,1111.6181164467437,379.2633049876047,W22896
1408633,1409780,1111.6181164467437,379.2633049876047,-2803.1298600936816,296.3567677708471,W22896
1411896,1413129,-2803.1298600936816,296.3567677708471,357.95233295209937,1378.1273013647951,W22896
1540539,1540829,357.95233295209937,1378.1273013647951,-500.12939426980034,1054.6347377329218,W22896
1582642,1583202,-500.12939426980034,1054.6347377329218,-65.24421585664805,-642.142757506466,W22896
1588113,1588696,-65.24421585664805,-642.142757506466,-500.12939426980034,1054.6347377329218,W22896
1592482,1592803,-500.12939426980034,1054.6347377329218,422.87264992317904,94.06442404292608,W22896
1704724,1705077,422.87264992317904,94.06442404292608,1260.3648729942292,461.861887993795,W22896
1772964,1775145,1260.3648729942292,461.861887993795,-1891.2395552395976,-909.029688445473,W22896
1775906,1777706,-1891.2395552395976,-909.029688445473,-2194.889224699188,1823.9592756756335,W22896
1868150,1873081,-2194.889224699188,1823.9592756756335,-2194.889224699188,1823.9592756756335,W22896
2281590,2282339,364.51883299847503,2132.201157540106,-2194.889224699188,1823.9592756756335,W22896
