started_at,ended_at,start_x,start_y,end_x,end_y,bike_id
2335945,2336479,3806.5117114282257,3259.9723764533464,3123.615142939869,1072.4457529364704,W22873
