started_at,ended_at,start_x,start_y,end_x,end_y,bike_id
140870,141839,1017.9191426354972,2436.9921552089254,-1351.952265455199,2402.817269788199,W22809
145004,145566,-1351.952265455199,2402.817269788199,-2792.164519531742,1461.727753976022,W22809
194345,194462,-2792.164519531742,1461.727753976022,-2925.311977241168,1006.3223589937804,W22809
231592,232151,-2925.311977241168,1006.3223589937804,-1386.3722255965383,1072.7797094714829,W22809
235501,235980,-1386.3722255965383,1072.7797094714829,-2194.4774136437,1670.339269546311,W22809
735431,736010,-3697.8467852525214,668.4251368154823,-2849.1118684293083,-636.9107717910118,W22809
736210,737369,-2849.1118684293083,-636.9107717910118,-497.6852901437867,-1112.8544936800606,W22809
