started_at,ended_at,start_x,start_y,end_x,end_y,bike_id
579730,580854,-15526.90393261427,23192.390809459204,-15526.90393261427,23192.390809459204,W22862
1275466,1276597,-15526.90393261427,23192.390809459204,-15526.90393261427,23192.390809459204,W22862
1331750,1333341,-15526.90393261427,23192.390809459204,-15526.90393261427,23192.390809459204,W22862
1443000,1444896,-15526.90393261427,23192.390809459204,-15526.90393261427,23192.390809459204,W22862
1700434,1706380,-15526.90393261427,23192.390809459204,-15526.90393261427,23192.390809459204,W22862
2481578,2491624,-15526.90393261427,23192.390809459204,-15526.90393261427,23192.390809459204,W22862
