started_at,ended_at,start_x,start_y,end_x,end_y,bike_id
2314114,2321456,-1360.182448193738,3399.343570419514,-1360.182448193738,3399.343570419514,W22823
