started_at,ended_at,start_x,start_y,end_x,end_y,bike_id
1115297,1115751,-491.914710978856,1997.1891388458932,-1553.8936335864703,1509.7618356025214,W22860
1181201,1181639,-1553.8936335864703,1509.7618356025214,-1154.4505748659533,447.5017569858993,W22860
