started_at,ended_at,start_x,start_y,end_x,end_y,bike_id
34040,35250,-1051.840396051375,-834.0564463237743,-2853.533219035006,-891.6639486224678,W22993
37325,40294,-2853.533219035006,-891.6639486224678,-1380.3033083701418,-858.2682951157151,W22993
52374,54133,-1380.3033083701418,-858.2682951157151,-1051.840396051375,-834.0564463237743,W22993
56826,57973,-1051.840396051375,-834.0564463237743,2500.732022251305,-159.2972672261112,W22993
115399,116304,2500.732022251305,-159.2972672261112,-104.30822423996608,-1101.0580053229169,W22993
650615,651818,-1369.0198339983065,1373.3405910290935,42.554840611112105,683.8074999788248,W22993
757411,758189,42.554840611112105,683.8074999788248,2175.7585113241184,414.1061034791464,W22993
805480,805755,2175.7585113241184,414.1061034791464,1111.6181164467437,379.2633049876047,W22993
915391,915962,1111.6181164467437,379.2633049876047,-65.24421585664805,-642.142757506466,W22993
927536,928453,-65.24421585664805,-642.142757506466,1706.091148736327,-1036.489765995152,W22993
933915,934185,1706.091148736327,-1036.489765995152,1365.6807727435448,-2172.053304059203,W22993
1010891,1011161,1365.6807727435448,-2172.053304059203,1230.0885275888672,-1242.652266974825,W22993
1013076,1013387,1230.0885275888672,-1242.652266974825,1845.807450034228,-698.5257525098514,W22993
1037359,1037668,1845.807450034228,-698.5257525098514,2625.1536130326635,-1776.9827230781227,W22993
1081448,1081876,2625.1536130326635,-1776.9827230781227,2873.9839282869875,-707.4312601120213,W22993
