started_at,ended_at,start_x,start_y,end_x,end_y,bike_id
2201848,2202696,2438.2540112858683,-645.8719388147609,-1309.9813548408183,-194.6966599429369,W22974
