started_at,ended_at,start_x,start_y,end_x,end_y,bike_id
308554,311835,-1051.840396051375,-834.0564463237743,-1891.2395552395976,-909.029688445473,W22970
320509,324641,-1891.2395552395976,-909.029688445473,-1812.32704114666,-1830.5270875335093,W22970
573384,573480,-1812.32704114666,-1830.5270875335093,-1812.32704114666,-1830.5270875335093,W22970
1843012,1843290,-1553.745244797235,1509.7618356025214,-543.4342390331508,1377.793344829783,W22970
1860843,1861730,-543.4342390331508,1377.793344829783,-3499.0812210478525,986.6189234248992,W22970
1866020,1871155,-3499.0812210478525,986.6189234248992,-4001.84712299075,833.4441926753292,W22970
