started_at,ended_at,start_x,start_y,end_x,end_y,bike_id
554080,554841,-2996.425218577444,611.3630968574403,-2849.1118684293083,-636.9107717910118,W22901
563337,565318,-2849.1118684293083,-636.9107717910118,223.52812242238716,-443.9395539462969,W22901
643484,645411,223.52812242238716,-443.9395539462969,-1051.840396051375,-834.0564463237743,W22901
654628,661965,-1051.840396051375,-834.0564463237743,-1380.3033083701418,-858.2682951157151,W22901
665020,665912,-1380.3033083701418,-858.2682951157151,-1812.32704114666,-1830.5270875335093,W22901
668580,674200,-1812.32704114666,-1830.5270875335093,-65.24421585664805,-642.142757506466,W22901
675049,677402,-65.24421585664805,-642.142757506466,-1017.6238913195454,-1111.63304402804,W22901
820025,820206,-1592.754378936063,822.8132429757283,-1369.0198339983065,1373.3405910290935,W22901
844569,844975,-1369.0198339983065,1373.3405910290935,-500.12939426980034,1054.6347377329218,W22901
845859,846042,-500.12939426980034,1054.6347377329218,42.554840611112105,683.8074999788248,W22901
971971,972475,42.554840611112105,683.8074999788248,-1320.292999174232,823.2028589331105,W22901
975334,976577,-1320.292999174232,823.2028589331105,-117.15367456973772,-2177.897543422312,W22901
984580,985457,-117.15367456973772,-2177.897543422312,-2287.4332348769594,449.3941773512319,W22901
1279729,1280843,-2287.4332348769594,449.3941773512319,2049.325672781144,-9.239464137182011,W22901
1530855,1531448,2049.325672781144,-9.239464137182011,380.2384601627839,455.8506703619942,W22901
1712516,1715222,380.2384601627839,455.8506703619942,1002.1298273174614,77.58923497942598,W22901
1715234,1716178,1002.1298273174614,77.58923497942598,-568.1726241532793,-1955.7830855160428,W22901
1850757,1851655,-929.3914426548988,1038.6048240499654,-3499.0812210478525,986.6189234248992,W22901
2048720,2050259,-1450.099395056315,-447.3904381419498,2913.10373776828,461.9732068385355,W22901
2364722,2365879,2913.10373776828,461.9732068385355,2913.10373776828,461.9732068385355,W22901
2367359,2367959,2913.10373776828,461.9732068385355,2913.10373776828,461.9732068385355,W22901
2453716,2453883,2913.10373776828,461.9732068385355,2852.2638477301693,103.74916355986063,W22901
