started_at,ended_at,start_x,start_y,end_x,end_y,bike_id
1160482,1160959,-2524.594292383785,1823.5140002958813,-1890.7937293864395,645.4266634342174,W22961
1251513,1251893,-1890.7937293864395,645.4266634342174,-1881.431886693912,2146.116013168249,W22961
1791718,1793795,-2605.6813026458703,-1351.7447350956706,-1380.3033083701418,-858.2682951157151,W22961
1857204,1857867,-1380.3033083701418,-858.2682951157151,223.52812242238716,-443.9395539462969,W22961
1857891,1858639,223.52812242238716,-443.9395539462969,949.0927421968316,1050.348962199343,W22961
1875289,1875691,949.0927421968316,1050.348962199343,422.87264992317904,94.06442404292608,W22961
2030826,2031604,422.87264992317904,94.06442404292608,422.87264992317904,94.06442404292608,W22961
2049265,2050768,422.87264992317904,94.06442404292608,-824.4664002727116,-360.1164636447984,W22961
2472498,2473043,-500.12939426980034,1054.6347377329218,-65.24421585664805,-642.142757506466,W22961
