started_at,ended_at,start_x,start_y,end_x,end_y,bike_id
2465995,2468957,15559.23686187224,1177.864699172183,15559.23686187224,1177.864699172183,W22975
