started_at,ended_at,start_x,start_y,end_x,end_y,bike_id
1072903,1073396,-872.6684979461987,6525.733332847432,-873.5983458566102,3804.9894416778247,W22989
1090451,1092037,-873.5983458566102,3804.9894416778247,-910.6317190044888,-149.73790131117772,W22989
1194442,1195190,-910.6317190044888,-149.73790131117772,-2296.9192411811423,-809.1210250386479,W22989
1195284,1196620,-2296.9192411811423,-809.1210250386479,-1260.1040304636565,-2002.7373407811456,W22989
1196644,1198147,-1260.1040304636565,-2002.7373407811456,-4196.091527884038,-878.3056872196086,W22989
1199315,1200815,-4196.091527884038,-878.3056872196086,-3662.680070837771,841.3478306724625,W22989
1200885,1202365,-3662.680070837771,841.3478306724625,-910.6317190044888,-149.73790131117772,W22989
1340379,1341583,-4320.698607587493,4126.700903789897,-18.713083837096207,210.3926170908813,W22989
1608845,1609662,-18.713083837096207,210.3926170908813,-2481.962052989563,978.492647738285,W22989
1619116,1619813,-2481.962052989563,978.492647738285,-1642.789656665885,1651.749022427998,W22989
1620693,1621011,-1642.789656665885,1651.749022427998,-1001.6416887046756,1337.5515823548856,W22989
1621584,1623990,-1001.6416887046756,1337.5515823548856,-1865.1073615998864,1368.1086053136396,W22989
1624042,1625625,-1865.1073615998864,1368.1086053136396,1569.9622930518342,2264.7819019612893,W22989
1682191,1682713,1569.9622930518342,2264.7819019612893,1796.710145560574,852.6864867715699,W22989
1682903,1684520,1796.710145560574,852.6864867715699,1672.7348669763114,1885.8586109881687,W22989
1703021,1703278,1672.7348669763114,1885.8586109881687,916.579749438608,1959.9909042924703,W22989
1703797,1704026,916.579749438608,1959.9909042924703,1672.7348669763114,1885.8586109881687,W22989
1763600,1765135,1672.7348669763114,1885.8586109881687,486.9182756857461,-814.3530107541019,W22989
1766931,1769379,486.9182756857461,-814.3530107541019,1305.4434734316112,1913.5709459186608,W22989
2460099,2460735,1305.4434734316112,1913.5709459186608,1796.710145560574,852.6864867715699,W22989
2481467,2482744,1796.710145560574,852.6864867715699,1501.1850775340426,878.138708951707,W22989
2570161,2572326,-7363.579416077806,-1981.252803691672,-7363.579416077806,-1981.252803691672,W22989
2653506,2654155,-7363.579416077806,-1981.252803691672,-5623.172082991364,-1430.3358396809242,W22989
