started_at,ended_at,start_x,start_y,end_x,end_y,bike_id
64475,65547,-1309.9813548408183,-194.6966599429369,-1369.0198339983065,1373.3405910290935,W22969
128707,129350,-1369.0198339983065,1373.3405910290935,104.65262178054566,350.0977675920606,W22969
146704,147582,104.65262178054566,350.0977675920606,912.5376302209072,-1263.1349344592616,W22969
