started_at,ended_at,start_x,start_y,end_x,end_y,bike_id
1443806,1445496,-14287.055169688563,22438.094315593626,-14287.055169688563,22438.094315593626,W22912
2481077,2482494,-14287.055169688563,22438.094315593626,-14287.055169688563,22438.094315593626,W22912
