started_at,ended_at,start_x,start_y,end_x,end_y,bike_id
1859632,1862106,-2906.0520040511774,3041.230845985579,949.0927421968316,1050.348962199343,W22918
1862148,1863601,949.0927421968316,1050.348962199343,-1051.840396051375,-834.0564463237743,W22918
