started_at,ended_at,start_x,start_y,end_x,end_y,bike_id
43096,43332,-1638.1066826638655,807.8338760203944,-2373.1758978806724,834.1121057461444,W22913
110854,111838,-428.9248489104604,3523.6867203093425,-757.8209312821701,-366.9069131905728,W22913
201552,202672,-113.54363842153111,4327.405140603152,305.21918808728344,-65.4554808726659,W22913
321060,321602,305.21918808728344,-65.4554808726659,1501.1850775340426,878.138708951707,W22913
323016,323623,1501.1850775340426,878.138708951707,58.03875561149759,1969.2303684296523,W22913
376954,377429,58.03875561149759,1969.2303684296523,1501.1850775340426,878.138708951707,W22913
377512,378065,1501.1850775340426,878.138708951707,-290.2205511174567,510.9534986484922,W22913
379000,379634,-290.2205511174567,510.9534986484922,486.9182756857461,-814.3530107541019,W22913
397249,397894,486.9182756857461,-814.3530107541019,1124.7088420298285,-40.52005958753947,W22913
518376,520469,1124.7088420298285,-40.52005958753947,-810.2158349534978,3422.163933649827,W22913
547002,547134,-810.2158349534978,3422.163933649827,-1135.4390937110154,3149.8780387266734,W22913
554007,554599,-1135.4390937110154,3149.8780387266734,-1865.1073615998864,1368.1086053136396,W22913
2383530,2393014,7419.901313215855,-876.6359045437569,-810.2158349534978,3422.163933649827,W22913
2397637,2400330,-810.2158349534978,3422.163933649827,-4169.189148603291,-55.102828285707005,W22913
2403628,2405600,-4169.189148603291,-55.102828285707005,-1005.3013800123252,2364.690565368115,W22913
2405634,2407048,-1005.3013800123252,2364.690565368115,2131.053938378371,-542.7906883249245,W22913
2407115,2407425,2131.053938378371,-542.7906883249245,3052.8497049862785,-331.5075204737472,W22913
2458264,2458669,3052.8497049862785,-331.5075204737472,1812.4743714305184,289.6516347461591,W22913
