started_at,ended_at,start_x,start_y,end_x,end_y,bike_id
2041858,2044273,17097.22295777176,-876.0793103184728,17097.22295777176,-876.0793103184728,W22991
2299713,2302569,17097.22295777176,-876.0793103184728,17097.22295777176,-876.0793103184728,W22991
2473593,2483165,17097.22295777176,-876.0793103184728,17097.22295777176,-876.0793103184728,W22991
