started_at,ended_at,start_x,start_y,end_x,end_y,bike_id
2229082,2230184,364.56800198026895,2132.201157540106,-2892.402588299826,-17.69969635880834,W22911
2570505,2571029,-2892.402588299826,-17.69969635880834,-2194.7092899865465,1670.339269546311,W22911
