started_at,ended_at,start_x,start_y,end_x,end_y,bike_id
34040,35250,-499.66045855245335,-1006.2666995714102,-2301.331649052671,-1063.874201870104,W22993
37325,40294,-2301.331649052671,-1063.874201870104,-828.1189483765718,-1030.4785483633511,W22993
52374,54133,-828.1189483765718,-1030.4785483633511,-499.66045855245335,-1006.2666995714102,W22993
56826,57973,-499.66045855245335,-1006.2666995714102,3052.8497049862785,-331.5075204737472,W22993
115399,116304,3052.8497049862785,-331.5075204737472,447.87071757646186,-1273.2682585705527,W22993
609852,610330,-872.6684979461987,6525.733332847432,-113.54363842153111,4327.405140603152,W22993
643403,644174,-113.54363842153111,4327.405140603152,-816.9135259411414,1201.1303377814577,W22993
650615,651818,-816.9135259411414,1201.1303377814577,594.6698529972505,511.5972467311889,W22993
757411,758189,594.6698529972505,511.5972467311889,2727.859706664396,241.8958502315105,W22993
805480,805755,2727.859706664396,241.8958502315105,1663.732119925616,207.05305173996877,W22993
915391,915962,1663.732119925616,207.05305173996877,486.9182756857461,-814.3530107541019,W22993
927536,928453,486.9182756857461,-814.3530107541019,2258.2481205983354,-1208.700019242788,W22993
933915,934185,2258.2481205983354,-1208.700019242788,1917.8811044698043,-2344.26355730684,W22993
1010891,1011161,1917.8811044698043,-2344.26355730684,1782.257882414919,-1414.8625202224605,W22993
1013076,1013387,1782.257882414919,-1414.8625202224605,2397.9510978743274,-870.7360057574874,W22993
1037359,1037668,2397.9510978743274,-870.7360057574874,3177.326435678709,-1949.1929763257588,W22993
1081448,1081876,3177.326435678709,-1949.1929763257588,3426.1166896475306,-879.6415133596573,W22993
