started_at,ended_at,start_x,start_y,end_x,end_y,bike_id
654798,656960,-13476.87528467373,-2013.7579064381289,-10349.243394335324,-1309.332255142008,W22922
728597,729055,-10349.243394335324,-1309.332255142008,-11571.843862945265,-1390.2766539863078,W22922
843594,844761,-11571.843862945265,-1390.2766539863078,-11571.843862945265,-1390.2766539863078,W22922
983339,984546,-11571.843862945265,-1390.2766539863078,-11571.843862945265,-1390.2766539863078,W22922
1022821,1023520,-11571.843862945265,-1390.2766539863078,-11358.05766519392,-2195.7642180482303,W22922
1112877,1113910,-11358.05766519392,-2195.7642180482303,-13476.87528467373,-2013.7579064381289,W22922
1965490,1966969,-4457.1915994264655,1647.9416224841314,-823.3139626658171,3058.373948119104,W22922
2051572,2054345,-823.3139626658171,3058.373948119104,-4998.9148094804095,5384.715171377654,W22922
