started_at,ended_at,start_x,start_y,end_x,end_y,bike_id
59086,59236,-1386.3722255965383,1072.7797094714829,-1893.9180927095776,1322.3565600090635,W22947
61534,61709,-1893.9180927095776,1322.3565600090635,-1386.3722255965383,1072.7797094714829,W22947
114900,115125,-1386.3722255965383,1072.7797094714829,-1154.4178996069331,447.5017569858993,W22947
151168,151613,-1154.4178996069331,447.5017569858993,-454.372404106747,-1426.328361259987,W22947
203390,204512,-454.372404106747,-1426.328361259987,-1881.431886693912,2146.116013168249,W22947
205430,205964,-1881.431886693912,2146.116013168249,-3034.094275550209,1150.702900985921,W22947
216829,217274,-3034.094275550209,1150.702900985921,-1881.431886693912,2146.116013168249,W22947
225522,225923,-1881.431886693912,2146.116013168249,-1917.467610232194,723.2385361039151,W22947
230872,231727,-1917.467610232194,723.2385361039151,236.3596737786456,-1033.5954760247828,W22947
237723,238342,236.3596737786456,-1033.5954760247828,1706.091148736327,-1036.489765995152,W22947
238915,239030,1706.091148736327,-1036.489765995152,1259.9606745071096,-989.0679380163066,W22947
291938,293374,1259.9606745071096,-989.0679380163066,-2811.4720009168905,-425.46062567272384,W22947
486694,487345,-3385.173206528012,114.65841037131248,-2194.4774136437,1670.339269546311,W22947
500854,501574,-2194.4774136437,1670.339269546311,-919.4722224283496,3269.7684348142307,W22947
523704,523955,-919.4722224283496,3269.7684348142307,-1687.4808070499614,3322.088291974309,W22947
554985,555101,-1687.4808070499614,3322.088291974309,-2104.020490588656,3097.446862721063,W22947
561345,561722,-1351.952265455199,2402.817269788199,-1386.3722255965383,1072.7797094714829,W22947
572167,572398,-1386.3722255965383,1072.7797094714829,-1893.9180927095776,1322.3565600090635,W22947
910053,910637,-1893.9180927095776,1322.3565600090635,-2925.311977241168,1006.3223589937804,W22947
1160994,1162233,-2646.5254975806206,1031.0908020110053,-985.2325967772824,233.88089338963675,W22947
1174302,1174824,-985.2325967772824,233.88089338963675,-1367.2120777705156,238.8902414156101,W22947
1526642,1527511,-1375.3554708776364,3230.58420136674,-2646.5254975806206,1031.0908020110053,W22947
1528619,1529316,-2646.5254975806206,1031.0908020110053,-4079.334235838357,1361.0955180768024,W22947
1606573,1608618,-4079.334235838357,1361.0955180768024,1260.3648729942292,461.861887993795,W22947
1620830,1621205,1260.3648729942292,461.861887993795,422.87264992317904,94.06442404292608,W22947
