started_at,ended_at,start_x,start_y,end_x,end_y,bike_id
136603,137094,-29170.922366688512,6593.081234085429,-27497.082439525377,5970.363615035204,W22957
241518,242045,-27497.082439525377,5970.363615035204,-28624.383332806905,6932.269754866038,W22957
462725,463154,-28624.383332806905,6932.269754866038,-27497.082439525377,5970.363615035204,W22957
495420,495950,-27497.082439525377,5970.363615035204,-28624.383332806905,6932.269754866038,W22957
980205,980569,-28624.383332806905,6932.269754866038,-27497.082439525377,5970.363615035204,W22957
1107881,1109629,-27497.082439525377,5970.363615035204,-29170.922366688512,6593.081234085429,W22957
1358378,1358889,-29170.922366688512,6593.081234085429,-27412.64363260829,5432.132614227719,W22957
2566481,2569502,-27412.64363260829,5432.132614227719,-27412.64363260829,5432.132614227719,W22957
