started_at,ended_at,start_x,start_y,end_x,end_y,bike_id
1328133,1328676,1000.4019913418696,-1637.3888914201018,949.1557991213356,-1050.348962199343,W23046
1331695,1332086,949.1557991213356,-1050.348962199343,1683.1069696997222,-1296.3079502741607,W23046
