started_at,ended_at,start_x,start_y,end_x,end_y,bike_id
41622,43272,3029.3783658794664,-1658.0672147087428,1709.7916832437074,-315.9228821705432,W23033
48266,50648,1709.7916832437074,-315.9228821705432,2990.389368117216,-818.0821920623969,W23033
114860,115496,2990.389368117216,-818.0821920623969,1485.3831175752284,-2110.138983442487,W23033
197422,198181,1485.3831175752284,-2110.138983442487,656.7786122192275,177.88751434442463,W23033
199024,199601,656.7786122192275,177.88751434442463,447.87071757646186,-1273.2682585705527,W23033
235991,237667,447.87071757646186,-1273.2682585705527,-823.3139626658171,3058.373948119104,W23033
286158,287645,-823.3139626658171,3058.373948119104,447.87071757646186,-1273.2682585705527,W23033
311415,312917,447.87071757646186,-1273.2682585705527,775.6805476381545,-616.1498071939328,W23033
335065,335827,775.6805476381545,-616.1498071939328,-1022.594160382934,847.5816859929531,W23033
339414,340235,-1022.594160382934,847.5816859929531,58.03875561149759,1969.2303684296523,W23033
340318,341011,58.03875561149759,1969.2303684296523,1219.0126680666096,1637.945485645386,W23033
378330,378680,1219.0126680666096,1637.945485645386,61.93809413467237,1659.6526604251312,W23033
380069,385699,61.93809413467237,1659.6526604251312,486.9182756857461,-814.3530107541019,W23033
571647,572913,486.9182756857461,-814.3530107541019,3465.1952295782785,289.7629535908995,W23033
742192,743559,3465.1952295782785,289.7629535908995,3832.9163838716586,459.19023571369775,W23033
1696474,1697314,3832.9163838716586,459.19023571369775,775.6805476381545,-616.1498071939328,W23033
1697333,1698278,775.6805476381545,-616.1498071939328,-2444.2745727179054,439.1528436098043,W23033
1716728,1716886,-2444.2745727179054,439.1528436098043,-2250.9703201658835,124.14651452321117,W23033
1763155,1763470,-2250.9703201658835,124.14651452321117,-1338.6563166249937,473.21641018658136,W23033
1794736,1795822,-1338.6563166249937,473.21641018658136,-3926.68557703324,2074.092720440081,W23033
1845646,1846072,-3926.68557703324,2074.092720440081,-4225.972107402708,1105.3961310626798,W23033
1868910,1870422,-4225.972107402708,1105.3961310626798,-2296.9192411811423,-809.1210250386479,W23033
1874870,1876292,-2296.9192411811423,-809.1210250386479,-3145.6904913373305,496.2148835678463,W23033
2049018,2050407,-3926.68557703324,2074.092720440081,-4169.189148603291,-55.102828285707005,W23033
2120446,2121336,-4169.189148603291,-55.102828285707005,-6776.415356977439,-1468.740841212859,W23033
