started_at,ended_at,start_x,start_y,end_x,end_y,bike_id
291866,292424,-570.845296965312,382.6028703385173,-2170.059593926037,-306.3494614999309,W23021
322977,324200,-2170.059593926037,-306.3494614999309,2500.732022251305,-159.2972672261112,W23021
375224,376118,2500.732022251305,-159.2972672261112,-246.9191299668783,106.75477237497007,W23021
656132,656683,-1360.182448193738,3399.343570419514,-2434.4542367719587,2130.308737174774,W23021
657067,657169,-2434.4542367719587,2130.308737174774,-1881.431886693912,2146.116013168249,W23021
657996,658423,-1881.431886693912,2146.116013168249,-490.1426245460887,1831.862913672767,W23021
662944,663291,-490.1426245460887,1831.862913672767,-219.1862779950825,754.4078127095321,W23021
669988,670183,-219.1862779950825,754.4078127095321,-246.9191299668783,106.75477237497007,W23021
672493,673266,-246.9191299668783,106.75477237497007,1002.1298273174614,77.58923497942598,W23021
675105,675648,1002.1298273174614,77.58923497942598,2571.547269369305,1244.656006184107,W23021
716750,718298,2571.547269369305,1244.656006184107,-2013.015909685712,225.7907524544684,W23021
743792,744837,-2013.015909685712,225.7907524544684,572.5803208358176,131.6901936600965,W23021
754280,754787,572.5803208358176,131.6901936600965,-1320.292999174232,823.2028589331105,W23021
756489,757216,-1320.292999174232,823.2028589331105,-1713.5857184887172,1824.4045510561773,W23021
1677279,1677836,3941.095644803859,-2583.2651175679807,1835.2706095118488,-1359.8153513599148,W23021
1690202,1690602,1835.2706095118488,-1359.8153513599148,2049.325672781144,-9.239464137182011,W23021
2032850,2033423,2049.325672781144,-9.239464137182011,380.2384601627839,455.8506703619942,W23021
2144980,2145432,380.2384601627839,455.8506703619942,364.51883299847503,2132.201157540106,W23021
2146501,2146808,364.51883299847503,2132.201157540106,949.0927421968316,1050.348962199343,W23021
2148117,2148600,949.0927421968316,1050.348962199343,364.51883299847503,2132.201157540106,W23021
2214334,2215532,364.51883299847503,2132.201157540106,-2287.4332348769594,449.3941773512319,W23021
2241306,2242052,-2287.4332348769594,449.3941773512319,-757.2144788708657,-1761.398084774919,W23021
2281513,2281757,-757.2144788708657,-1761.398084774919,-117.15367456973772,-2177.897543422312,W23021
2482356,2483211,-1555.445981478385,542.4818752125246,45.64780756438548,2377.6592108128007,W23021
