started_at,ended_at,start_x,start_y,end_x,end_y,bike_id
1776786,1779420,1744.9539641627885,6073.44486552504,1464.7111583213482,-1435.3451877068974,W23099
