started_at,ended_at,start_x,start_y,end_x,end_y,bike_id
1520298,1522110,-1994.3215216154588,-3476.932805400522,-2450.1589905827414,1407.2928387603392,W23085
1786456,1789121,1000.298381636028,1637.3888914201018,666.9437976964771,1810.1557388930216,W23085
1880518,1881494,666.9437976964771,1810.1557388930216,-2089.6479554302955,2393.132530270474,W23085
2015720,2016514,-2089.6479554302955,2393.132530270474,-1367.2120777705156,238.8902414156101,W23085
