started_at,ended_at,start_x,start_y,end_x,end_y,bike_id
1063141,1063377,-5365.713663128789,-801.2730464646756,-6005.178050395521,-958.6778933246632,W23074
1064967,1065106,-6005.178050395521,-958.6778933246632,-5720.860343980842,-824.8726416089622,W23074
1443944,1444549,-5720.860343980842,-824.8726416089622,-6255.215123105512,-1154.9330170971298,W23074
1539446,1540579,-6255.215123105512,-1154.9330170971298,-9739.103603760188,-1872.1603355708255,W23074
