started_at,ended_at,start_x,start_y,end_x,end_y,bike_id
2480294,2483036,-1386.3722255965383,1072.7797094714829,-1386.3722255965383,1072.7797094714829,W23029
2567453,2569925,-1386.3722255965383,1072.7797094714829,-1386.3722255965383,1072.7797094714829,W23029
2576079,2576792,-1386.3722255965383,1072.7797094714829,-424.0757252336529,713.6651154317209,W23029
