started_at,ended_at,start_x,start_y,end_x,end_y,bike_id
1846650,1846822,-2434.7823223503287,2130.308737174774,-2417.454784827981,1540.3188585612754,W23010
2049294,2049608,-2434.7823223503287,2130.308737174774,-1923.6199654583029,1762.9565486044485,W23010
2200456,2201211,-3061.4327168251834,3019.634990051365,-3262.605427452305,360.3391013342791,W23010
2452682,2453063,-3262.605427452305,360.3391013342791,-2450.377106119949,1407.2928387603392,W23010
2454154,2454450,-2450.377106119949,1407.2928387603392,-3262.605427452305,360.3391013342791,W23010
2473347,2474525,-3262.605427452305,360.3391013342791,-3061.4327168251834,3019.634990051365,W23010
2560847,2561523,-2697.90097961775,2998.9296848774475,-1352.1577779900822,2402.817269788199,W23010
2563864,2564375,-1352.1577779900822,2402.817269788199,-1574.8166351441266,1019.791939240589,W23010
