started_at,ended_at,start_x,start_y,end_x,end_y,bike_id
406064,406581,-649.4331289275983,10711.64754713638,567.8716789013716,10359.77699307606,W23072
1593978,1598870,567.8716789013716,10359.77699307606,-2053.4663687098687,-1523.9549883433065,W23072
1599391,1600076,-2053.4663687098687,-1523.9549883433065,-3145.6904913373305,496.2148835678463,W23072
1616210,1616762,-3145.6904913373305,496.2148835678463,-3145.6904913373305,496.2148835678463,W23072
1620532,1623893,-3145.6904913373305,496.2148835678463,-7808.085759641776,-2350.497412628121,W23072
2208506,2208834,-7808.085759641776,-2350.497412628121,-7702.658475204281,-1866.3717556292968,W23072
2479139,2482098,-7702.658475204281,-1866.3717556292968,-6955.684337452492,-1672.2316899124346,W23072
