started_at,ended_at,start_x,start_y,end_x,end_y,bike_id
926118,926584,-17541.98498129523,3463.017949772379,-17258.93859515963,2574.693566500823,W23022
930066,930443,-17258.93859515963,2574.693566500823,-17650.42623260618,3310.622450937573,W23022
983198,983557,-17650.42623260618,3310.622450937573,-16695.78769093183,3416.59799139857,W23022
2220069,2220776,-16695.78769093183,3416.59799139857,-16695.78769093183,3416.59799139857,W23022
2303394,2304685,-16695.78769093183,3416.59799139857,-18863.71221467036,3501.0889947693013,W23022
2315799,2316807,-18863.71221467036,3501.0889947693013,-16695.78769093183,3416.59799139857,W23022
2392858,2394072,-16695.78769093183,3416.59799139857,-18863.71221467036,3501.0889947693013,W23022
2397113,2397973,-18863.71221467036,3501.0889947693013,-17650.42623260618,3310.622450937573,W23022
