started_at,ended_at,start_x,start_y,end_x,end_y,bike_id
2480294,2483036,-834.2552317649786,900.5694562238467,-834.2552317649786,900.5694562238467,W23029
2567453,2569925,-834.2552317649786,900.5694562238467,-834.2552317649786,900.5694562238467,W23029
2576079,2576792,-834.2552317649786,900.5694562238467,128.0433274469788,541.454862184085,W23029
