started_at,ended_at,start_x,start_y,end_x,end_y,bike_id
145971,146111,-17799.473239799405,-1670.895863771595,-18006.211504346444,-2054.3892848711994,W23002
1622095,1624121,-2638.813335202063,-4515.092354069943,-3293.978298374221,-10400.742328044142,W23002
2220858,2222227,-3293.978298374221,-10400.742328044142,-3293.978298374221,-10400.742328044142,W23002
2572264,2573173,-3293.978298374221,-10400.742328044142,-2134.461945833657,-8466.911352331315,W23002
