started_at,ended_at,start_x,start_y,end_x,end_y,bike_id
577071,581247,-465.43463430746266,-1283.8432972756757,-18.713083837096207,210.3926170908813,W23097
647944,648563,-1068.027447763776,2840.856924947436,-834.2552317649786,900.5694562238467,W23097
648721,649110,-834.2552317649786,900.5694562238467,-2094.393320151142,858.8805487633692,W23097
656224,666178,-2094.393320151142,858.8805487633692,8.662919362128497,1205.5830915821473,W23097
667979,668548,8.662919362128497,1205.5830915821473,597.7036244864972,2205.448957565165,W23097
713853,714159,597.7036244864972,2205.448957565165,910.0396597345538,1205.9170481171593,W23097
723665,724192,910.0396597345538,1205.9170481171593,-834.2552317649786,900.5694562238467,W23097
734975,737437,-834.2552317649786,900.5694562238467,1951.2327644420184,-874.409527643412,W23097
806553,806907,1951.2327644420184,-874.409527643412,788.5325500265636,-1205.8057292724188,W23097
821615,822920,788.5325500265636,-1205.8057292724188,-1161.491409832351,1652.194297808541,W23097
825328,825829,-1161.491409832351,1652.194297808541,-1003.3086266819548,370.2716219648887,W23097
831828,832265,-1003.3086266819548,370.2716219648887,-1001.6416887046756,1337.5515823548856,W23097
896591,897235,-1619.9365259724264,2337.5844266058048,-479.0757048613133,668.9149397337637,W23097
898491,899757,-479.0757048613133,668.9149397337637,-1260.1040304636565,-2002.7373407811456,W23097
921419,922617,-1260.1040304636565,-2002.7373407811456,-2353.5626637230785,-3590.81198385707,W23097
975990,977212,-2353.5626637230785,-3590.81198385707,-1260.1040304636565,-2002.7373407811456,W23097
977225,977953,-1260.1040304636565,-2002.7373407811456,-272.0689885867906,-1501.372616643942,W23097
1002619,1005985,-272.0689885867906,-1501.372616643942,-15.958787378240622,-2127.9933387636784,W23097
1018600,1023944,-15.958787378240622,-2127.9933387636784,-15.958787378240622,-2127.9933387636784,W23097
1096470,1097445,-15.958787378240622,-2127.9933387636784,1043.6506532373223,-3102.2310373795663,W23097
1872309,1874946,1043.6506532373223,-3102.2310373795663,1043.6506532373223,-3102.2310373795663,W23097
1878321,1879540,1043.6506532373223,-3102.2310373795663,-1260.1040304636565,-2002.7373407811456,W23097
