started_at,ended_at,start_x,start_y,end_x,end_y,bike_id
1599391,1600076,-2605.6813026458703,-1351.7447350956706,-3697.8467852525214,668.4251368154823,W23072
1616210,1616762,-3697.8467852525214,668.4251368154823,-3697.8467852525214,668.4251368154823,W23072
