started_at,ended_at,start_x,start_y,end_x,end_y,bike_id
55530,56865,-27497.082439525377,5970.363615035204,-27497.082439525377,5970.363615035204,W23160
