started_at,ended_at,start_x,start_y,end_x,end_y,bike_id
110360,110736,5948.815008659526,7907.200199563929,6119.287860138801,8648.917663941418,W23199
1086851,1088100,6119.287860138801,8648.917663941418,4744.505435842784,6405.1750236890575,W23199
1439850,1441557,4744.505435842784,6405.1750236890575,3651.5096207492434,8314.40453465177,W23199
1680043,1685758,3651.5096207492434,8314.40453465177,3651.5096207492434,8314.40453465177,W23199
2225184,2227399,3651.5096207492434,8314.40453465177,1419.8520538572202,8919.199819653708,W23199
2229867,2230646,1419.8520538572202,8919.199819653708,3651.5096207492434,8314.40453465177,W23199
2296342,2299795,3651.5096207492434,8314.40453465177,3651.5096207492434,8314.40453465177,W23199
2560312,2563295,3651.5096207492434,8314.40453465177,3651.5096207492434,8314.40453465177,W23199
