started_at,ended_at,start_x,start_y,end_x,end_y,bike_id
372049,372522,7095.585354105516,-2402.569821827859,7419.901313215855,-876.6359045437569,W23153
719941,720237,7419.901313215855,-876.6359045437569,7884.5106099034865,80.81748148559815,W23153
