started_at,ended_at,start_x,start_y,end_x,end_y,bike_id
2316648,2318239,-1553.745244797235,1509.7618356025214,-1380.3033083701418,-858.2682951157151,W23114
2318883,2320426,-1380.3033083701418,-858.2682951157151,-219.1862779950825,754.4078127095321,W23114
2374536,2375680,-219.1862779950825,754.4078127095321,-2792.164519531742,1461.727753976022,W23114
2381749,2382069,-2792.164519531742,1461.727753976022,-1923.405460375761,1762.9565486044485,W23114
2394577,2395442,-1923.405460375761,1762.9565486044485,104.65262178054566,350.0977675920606,W23114
2538314,2538517,104.65262178054566,350.0977675920606,-298.30049519174673,-188.1288480866431,W23114
