started_at,ended_at,start_x,start_y,end_x,end_y,bike_id
463050,464647,-442.1452384311731,7758.366903770308,-923.5103847186632,466.4259606400159,W23109
480189,480338,-810.2158349534978,3422.163933649827,-1135.4390937110154,3149.8780387266734,W23109
482419,483375,-1135.4390937110154,3149.8780387266734,-3449.6932796672977,661.2339394276931,W23109
587055,587462,-1802.6007941396545,2544.637478344983,-2353.98720139412,2869.0205927379434,W23109
648992,651683,-2353.98720139412,2869.0205927379434,1043.6506532373223,-3102.2310373795663,W23109
2564652,2565086,1043.6506532373223,-3102.2310373795663,435.06300640745945,-2350.107796669948,W23109
