started_at,ended_at,start_x,start_y,end_x,end_y,bike_id
2185736,2186350,-2259.8608310676686,2967.9830459613117,-2646.698106240912,1031.0908020110053,W23193
2191893,2192741,-2646.698106240912,1031.0908020110053,-2259.8608310676686,2967.9830459613117,W23193
2243098,2243383,-2259.8608310676686,2967.9830459613117,-1360.474996000465,3399.343570419514,W23193
2306453,2307174,-1360.474996000465,3399.343570419514,-1555.499352562064,542.4818752125246,W23193
