started_at,ended_at,start_x,start_y,end_x,end_y,bike_id
130851,131528,422.87264992317904,94.06442404292608,2447.178885471176,463.5171925950309,W23103
138109,138317,2447.178885471176,463.5171925950309,1572.4295790921033,412.8815961838383,W23103
