started_at,ended_at,start_x,start_y,end_x,end_y,bike_id
235538,238999,1120.6795998258754,2058.068864235805,1372.896741032668,2539.6281303190094,W23164
290086,291263,1372.896741032668,2539.6281303190094,236.3596737786456,-1033.5954760247828,W23164
318811,319756,236.3596737786456,-1033.5954760247828,949.0927421968316,1050.348962199343,W23164
320718,321950,949.0927421968316,1050.348962199343,-1713.5857184887172,1824.4045510561773,W23164
378446,379174,-1713.5857184887172,1824.4045510561773,-2348.1622084654537,-118.3319322580282,W23164
489767,490256,-2348.1622084654537,-118.3319322580282,-298.30049519174673,-188.1288480866431,W23164
490341,490875,-298.30049519174673,-188.1288480866431,1835.2706095118488,-1359.8153513599148,W23164
491206,491595,1835.2706095118488,-1359.8153513599148,1572.4295790921033,412.8815961838383,W23164
509601,509792,1572.4295790921033,412.8815961838383,1002.1298273174614,77.58923497942598,W23164
509864,510260,1002.1298273174614,77.58923497942598,1774.1270397604533,-450.0620904220471,W23164
748971,749231,1271.019755402809,-1678.4655452337165,1706.091148736327,-1036.489765995152,W23164
751028,751474,1706.091148736327,-1036.489765995152,1884.1796308376872,112.54335231649912,W23164
805565,805752,1884.1796308376872,112.54335231649912,1002.1298273174614,77.58923497942598,W23164
807883,808466,1002.1298273174614,77.58923497942598,-828.8681814864412,-38.85027691326964,W23164
820733,821479,-828.8681814864412,-38.85027691326964,-1890.7937293864395,645.4266634342174,W23164
1087206,1087585,-2792.164519531742,1461.727753976022,-2996.425218577444,611.3630968574403,W23164
1094942,1095508,-2996.425218577444,611.3630968574403,-2849.1118684293083,-636.9107717910118,W23164
1095548,1097133,-2849.1118684293083,-636.9107717910118,-1994.3215216154588,-3476.932805400522,W23164
