started_at,ended_at,start_x,start_y,end_x,end_y,bike_id
136852,137659,-5632.583312024215,-3527.694198729489,-7683.373491055542,-4618.730198785064,W23195
