started_at,ended_at,start_x,start_y,end_x,end_y,bike_id
2316648,2318239,-1553.8936335864703,1509.7618356025214,-1380.2283887746603,-858.2682951157151,W23114
2318883,2320426,-1380.2283887746603,-858.2682951157151,-219.1967371281292,754.4078127095321,W23114
2374536,2375680,-219.1967371281292,754.4078127095321,-2792.422696799228,1461.727753976022,W23114
2381749,2382069,-2792.422696799228,1461.727753976022,-1923.6199654583029,1762.9565486044485,W23114
2394577,2395442,-1923.6199654583029,1762.9565486044485,104.65493915366902,350.0977675920606,W23114
2538314,2538517,104.65493915366902,350.0977675920606,-298.2969459159975,-188.1288480866431,W23114
