started_at,ended_at,start_x,start_y,end_x,end_y,bike_id
346200,347491,-2190.235672060508,980.0441292680304,1111.6181164467437,379.2633049876047,W23194
370099,370605,1111.6181164467437,379.2633049876047,-219.1862779950825,754.4078127095321,W23194
377038,377615,-219.1862779950825,754.4078127095321,-2169.5321645165045,380.3764934373816,W23194
411847,412352,-2169.5321645165045,380.3764934373816,-2194.4774136437,1670.339269546311,W23194
412551,413134,-2194.4774136437,1670.339269546311,-1008.4935812659144,2284.707975219652,W23194
459227,459821,-1008.4935812659144,2284.707975219652,-1154.4178996069331,447.5017569858993,W23194
561103,561694,-919.4722224283496,3269.7684348142307,-500.12939426980034,1054.6347377329218,W23194
569600,570211,-500.12939426980034,1054.6347377329218,-500.12939426980034,1054.6347377329218,W23194
571407,572580,-500.12939426980034,1054.6347377329218,935.5683550562323,-2444.89579320685,W23194
583582,584310,935.5683550562323,-2444.89579320685,1774.1270397604533,-450.0620904220471,W23194
638328,638587,1774.1270397604533,-450.0620904220471,1002.1298273174614,77.58923497942598,W23194
640827,641069,1002.1298273174614,77.58923497942598,1157.659916597574,-143.71262892290716,W23194
811102,811831,-794.7691416991337,2685.45581729673,-2646.5254975806206,1031.0908020110053,W23194
841446,841926,-2646.5254975806206,1031.0908020110053,-3821.501991331301,729.9176668049492,W23194
893086,893372,-3821.501991331301,729.9176668049492,-2996.425218577444,611.3630968574403,W23194
895777,895877,-2996.425218577444,611.3630968574403,-3262.531070247399,360.3391013342791,W23194
1370561,1370867,-2194.889224699188,1823.9592756756335,-1553.745244797235,1509.7618356025214,W23194
1587591,1588568,-1333.1244526763924,2761.931863826379,-2348.1622084654537,-118.3319322580282,W23194
1610674,1612301,-2348.1622084654537,-118.3319322580282,351.2753779368917,-2232.165480370884,W23194
1777704,1777883,351.2753779368917,-2232.165480370884,935.5683550562323,-2444.89579320685,W23194
1789386,1790408,935.5683550562323,-2444.89579320685,-568.1726241532793,-1955.7830855160428,W23194
1790424,1790882,-568.1726241532793,-1955.7830855160428,-1812.32704114666,-1830.5270875335093,W23194
