started_at,ended_at,start_x,start_y,end_x,end_y,bike_id
482419,483375,-1687.4808070499614,3322.088291974309,-4001.84712299075,833.4441926753292,W23109
587055,587462,-2354.6709182688887,2716.8477315926184,-2906.0520040511774,3041.230845985579,W23109
648992,651683,-2906.0520040511774,3041.230845985579,491.4143385422106,-2930.0207841319307,W23109
2564652,2565086,491.4143385422106,-2930.0207841319307,-117.15367456973772,-2177.897543422312,W23109
