started_at,ended_at,start_x,start_y,end_x,end_y,bike_id
196784,197266,-2104.020490588656,3097.446862721063,-2417.219257666417,1540.3188585612754,W23124
213695,214156,-2417.219257666417,1540.3188585612754,-1386.3722255965383,1072.7797094714829,W23124
226196,226661,-1386.3722255965383,1072.7797094714829,357.95233295209937,1378.1273013647951,W23124
234889,235458,357.95233295209937,1378.1273013647951,-491.8525682028344,1997.1891388458932,W23124
293415,294526,-491.8525682028344,1997.1891388458932,-3204.387511290492,842.0157437416958,W23124
330843,331307,-3204.387511290492,842.0157437416958,-4214.829945059849,1013.5580839200984,W23124
381517,382928,-3060.847950466069,3019.634990051365,-4001.84712299075,833.4441926753292,W23124
845787,846239,-2906.0520040511774,3041.230845985579,-2259.436558225718,2967.9830459613117,W23124
1604841,1605139,-1386.3722255965383,1072.7797094714829,-1713.5857184887172,1824.4045510561773,W23124
1611023,1612495,-1713.5857184887172,1824.4045510561773,-1881.431886693912,2146.116013168249,W23124
1613055,1613761,-1881.431886693912,2146.116013168249,-1881.431886693912,2146.116013168249,W23124
1618262,1619444,-1881.431886693912,2146.116013168249,-1380.3033083701418,-858.2682951157151,W23124
1619976,1622247,-1380.3033083701418,-858.2682951157151,-1380.3033083701418,-858.2682951157151,W23124
1623808,1624993,-1380.3033083701418,-858.2682951157151,-912.0125818422052,1947.857150184919,W23124
1775103,1775986,-912.0125818422052,1947.857150184919,-1017.6238913195454,-1111.63304402804,W23124
1847569,1847927,-1017.6238913195454,-1111.63304402804,-1891.2395552395976,-909.029688445473,W23124
1856719,1858164,-1891.2395552395976,-909.029688445473,380.2384601627839,455.8506703619942,W23124
2033991,2034539,380.2384601627839,455.8506703619942,-490.1426245460887,1831.862913672767,W23124
2034640,2035067,-490.1426245460887,1831.862913672767,-1351.952265455199,2402.817269788199,W23124
2035113,2035677,-1351.952265455199,2402.817269788199,-2697.389185766176,2998.9296848774475,W23124
2483984,2484473,-2697.389185766176,2998.9296848774475,-1881.431886693912,2146.116013168249,W23124
2542841,2543125,-1881.431886693912,2146.116013168249,-1553.745244797235,1509.7618356025214,W23124
2561120,2564524,-1553.745244797235,1509.7618356025214,-1713.5857184887172,1824.4045510561773,W23124
