started_at,ended_at,start_x,start_y,end_x,end_y,bike_id
898048,900481,-1620.0792206913457,3013.067178195072,-2811.4720009168905,-425.46062567272384,W23182
