started_at,ended_at,start_x,start_y,end_x,end_y,bike_id
119970,120390,-2417.219257666417,1540.3188585612754,-3499.0812210478525,986.6189234248992,W23184
390443,390797,-2996.425218577444,611.3630968574403,-2450.1589905827414,1407.2928387603392,W23184
464541,464899,-1687.4808070499614,3322.088291974309,-1008.4935812659144,2284.707975219652,W23184
469093,469691,-1008.4935812659144,2284.707975219652,-219.1862779950825,754.4078127095321,W23184
485163,485437,-219.1862779950825,754.4078127095321,-500.12939426980034,1054.6347377329218,W23184
486981,487539,-500.12939426980034,1054.6347377329218,-1475.6435123868507,638.6362138876518,W23184
503991,504160,-1475.6435123868507,638.6362138876518,-1386.3722255965383,1072.7797094714829,W23184
560419,560788,-1386.3722255965383,1072.7797094714829,-2792.164519531742,1461.727753976022,W23184
751283,752086,-2013.015909685712,225.7907524544684,-570.845296965312,382.6028703385173,W23184
818758,819421,2571.547269369305,1244.656006184107,1002.1298273174614,77.58923497942598,W23184
828494,837363,1002.1298273174614,77.58923497942598,-1017.6238913195454,-1111.63304402804,W23184
898998,900511,-1017.6238913195454,-1111.63304402804,-3697.8467852525214,668.4251368154823,W23184
2298796,2301522,-1994.3215216154588,-3476.932805400522,-1994.3215216154588,-3476.932805400522,W23184
2308974,2311039,-1994.3215216154588,-3476.932805400522,-1994.3215216154588,-3476.932805400522,W23184
2315422,2317129,-1994.3215216154588,-3476.932805400522,-1994.3215216154588,-3476.932805400522,W23184
2478920,2479699,-1994.3215216154588,-3476.932805400522,-1994.3215216154588,-3476.932805400522,W23184
2480601,2491038,-1994.3215216154588,-3476.932805400522,-1994.3215216154588,-3476.932805400522,W23184
2545760,2548128,-1994.3215216154588,-3476.932805400522,-1994.3215216154588,-3476.932805400522,W23184
2561215,2562937,-1994.3215216154588,-3476.932805400522,-1994.3215216154588,-3476.932805400522,W23184
