started_at,ended_at,start_x,start_y,end_x,end_y,bike_id
284852,285128,-18.35545664990919,9750.862910809235,520.8301948654599,8617.080474265777,W23229
323205,323408,520.8301948654599,8617.080474265777,998.6697827529268,9291.783993940277,W23229
2107672,2107813,-4966.483577614747,5788.913897650385,-5157.610250890086,6345.39680391239,W23229
2109070,2109390,-5157.610250890086,6345.39680391239,-4966.483577614747,5788.913897650385,W23229
2133951,2134645,-4966.483577614747,5788.913897650385,-5697.139881011577,7050.935643659079,W23229
2313623,2314507,-5697.139881011577,7050.935643659079,-5697.139881011577,7050.935643659079,W23229
2491267,2492819,-5697.139881011577,7050.935643659079,-6507.252487084538,10211.277653817451,W23229
