started_at,ended_at,start_x,start_y,end_x,end_y,bike_id
40194,40760,753.4845816557994,2085.781199166297,-912.1249626238716,1947.857150184919,W23213
52276,53564,-912.1249626238716,1947.857150184919,-912.1249626238716,1947.857150184919,W23213
115905,116903,-912.1249626238716,1947.857150184919,-3262.605427452305,360.3391013342791,W23213
236426,236999,-3262.605427452305,360.3391013342791,-2605.458566939792,-1351.7447350956706,W23213
1769188,1771085,-2853.3723100320794,-891.6639486224678,-843.7011695816313,220.42732905849545,W23213
1779721,1783492,-843.7011695816313,220.42732905849545,-843.7011695816313,220.42732905849545,W23213
1788663,1795695,-843.7011695816313,220.42732905849545,-842.3816240987607,683.1637518961281,W23213
2653385,2654825,-1352.1577779900822,2402.817269788199,-1352.1577779900822,2402.817269788199,W23213
2657114,2657301,-1352.1577779900822,2402.817269788199,-814.6575640637428,2330.682658213708,W23213
