started_at,ended_at,start_x,start_y,end_x,end_y,bike_id
1454909,1455178,-6118.350248799631,-1455.6052175002717,-5885.181114058505,-1892.420365364991,W23231
1513621,1513866,-5885.181114058505,-1892.420365364991,-6255.215123105512,-1154.9330170971298,W23231
1539272,1539987,-6255.215123105512,-1154.9330170971298,-5750.385268965106,-2677.774816990659,W23231
1619069,1620332,-5750.385268965106,-2677.774816990659,-7361.294805824601,-1540.6528150970785,W23231
1755660,1757500,-7361.294805824601,-1540.6528150970785,-602.2815962612653,275.29150373826326,W23231
1758245,1759550,-602.2815962612653,275.29150373826326,-113.54363842153111,4327.405140603152,W23231
1855397,1855625,-113.54363842153111,4327.405140603152,-810.2158349534978,3422.163933649827,W23231
1865548,1866859,-810.2158349534978,3422.163933649827,-433.0906763410017,61.67064014200078,W23231
