started_at,ended_at,start_x,start_y,end_x,end_y,bike_id
850520,851316,-10349.243394335324,-1309.332255142008,-7702.658475204281,-1866.3717556292968,W23214
853985,854664,-7702.658475204281,-1866.3717556292968,-6301.934568920051,-3160.564647848644,W23214
989988,990367,-6301.934568920051,-3160.564647848644,-5750.385268965106,-2677.774816990659,W23214
1068761,1070243,-5750.385268965106,-2677.774816990659,-2094.393320151142,858.8805487633692,W23214
1070545,1071672,-2094.393320151142,858.8805487633692,788.5325500265636,-1205.8057292724188,W23214
1121629,1122913,788.5325500265636,-1205.8057292724188,-1329.3469852904998,1973.9057599206133,W23214
1157081,1157171,-1329.3469852904998,1973.9057599206133,-1371.3067196627298,1590.7462953568122,W23214
1177298,1179387,-1371.3067196627298,1590.7462953568122,-637.7264760323915,-2157.025259980492,W23214
1179439,1181211,-637.7264760323915,-2157.025259980492,-637.7264760323915,-2157.025259980492,W23214
1250121,1250807,-637.7264760323915,-2157.025259980492,1455.5224809928118,-2328.4562813133634,W23214
1349400,1349981,1455.5224809928118,-2328.4562813133634,1554.255559250921,-94.62101826821,W23214
1408128,1408662,1554.255559250921,-94.62101826821,1455.5224809928118,-2328.4562813133634,W23214
1450531,1451678,1455.5224809928118,-2328.4562813133634,1501.1850775340426,878.138708951707,W23214
1594304,1595609,2436.294534689336,-59.66690093113685,2436.294534689336,-59.66690093113685,W23214
1625098,1625361,2436.294534689336,-59.66690093113685,3052.8497049862785,-331.5075204737472,W23214
1779205,1780488,-1135.4390937110154,3149.8780387266734,1501.1850775340426,878.138708951707,W23214
1781115,1781830,1501.1850775340426,878.138708951707,-290.2205511174567,510.9534986484922,W23214
1793481,1798339,-290.2205511174567,510.9534986484922,-290.2205511174567,510.9534986484922,W23214
1874641,1875712,-290.2205511174567,510.9534986484922,-602.2815962612653,275.29150373826326,W23214
1875928,1878142,-602.2815962612653,275.29150373826326,-897.9286217198713,-619.6006913895858,W23214
1878192,1879233,-897.9286217198713,-619.6006913895858,-290.2205511174567,510.9534986484922,W23214
1929319,1929922,-290.2205511174567,510.9534986484922,1554.255559250921,-94.62101826821,W23214
2402425,2403160,901.9420715355648,3443.4258330482376,-377.2782335264637,866.3945708023293,W23214
2436542,2437123,-377.2782335264637,866.3945708023293,1124.7088420298285,-40.52005958753947,W23214
