started_at,ended_at,start_x,start_y,end_x,end_y,bike_id
1066597,1067305,-1881.431886693912,2146.116013168249,-2013.015909685712,225.7907524544684,W23296
1403538,1404034,-1620.0792206913457,3013.067178195072,-1555.445981478385,542.4818752125246,W23296
1409105,1409771,-1555.445981478385,542.4818752125246,-2287.4332348769594,449.3941773512319,W23296
1409782,1409978,-2287.4332348769594,449.3941773512319,-1555.445981478385,542.4818752125246,W23296
1440736,1441926,-1555.445981478385,542.4818752125246,-1555.445981478385,542.4818752125246,W23296
1619031,1619599,-1555.445981478385,542.4818752125246,-2808.1861045329406,513.9591074636016,W23296
1621492,1621939,-2808.1861045329406,513.9591074636016,-1555.445981478385,542.4818752125246,W23296
1624102,1624450,-1555.445981478385,542.4818752125246,-1713.5857184887172,1824.4045510561773,W23296
1625046,1625433,-1713.5857184887172,1824.4045510561773,-2646.5254975806206,1031.0908020110053,W23296
1786231,1787875,-2646.5254975806206,1031.0908020110053,-3060.847950466069,3019.634990051365,W23296
1859286,1859604,-1687.4808070499614,3322.088291974309,-2906.0520040511774,3041.230845985579,W23296
1863127,1864254,-2906.0520040511774,3041.230845985579,-219.1862779950825,754.4078127095321,W23296
1888528,1888703,-219.1862779950825,754.4078127095321,-570.845296965312,382.6028703385173,W23296
1960266,1960525,-570.845296965312,382.6028703385173,-1320.292999174232,823.2028589331105,W23296
2054073,2055695,-1320.292999174232,823.2028589331105,-2811.4720009168905,-425.46062567272384,W23296
2055722,2056769,-2811.4720009168905,-425.46062567272384,-2194.4774136437,1670.339269546311,W23296
2056789,2057829,-2194.4774136437,1670.339269546311,-1386.3722255965383,1072.7797094714829,W23296
2058998,2059609,-1386.3722255965383,1072.7797094714829,-2606.956075627768,-149.61252770917662,W23296
2308131,2308525,-2606.956075627768,-149.61252770917662,-2808.1861045329406,513.9591074636016,W23296
2478896,2480169,-2808.1861045329406,513.9591074636016,-1557.3691014905978,2536.900818615751,W23296
