started_at,ended_at,start_x,start_y,end_x,end_y,bike_id
893878,894315,-10584.568952654172,21925.582353114813,-10636.317821922576,20881.634224503858,W23225
1874588,1876986,-10636.317821922576,20881.634224503858,-8899.284973609307,16800.240090637202,W23225
