started_at,ended_at,start_x,start_y,end_x,end_y,bike_id
393805,394018,-2697.389185766176,2998.9296848774475,-3060.847950466069,3019.634990051365,W23268
463625,463747,-3060.847950466069,3019.634990051365,-2697.389185766176,2998.9296848774475,W23268
468910,469413,-2697.389185766176,2998.9296848774475,-2803.1298600936816,296.3567677708471,W23268
494144,494900,-2803.1298600936816,296.3567677708471,-4079.334235838357,1361.0955180768024,W23268
746529,747145,-4079.334235838357,1361.0955180768024,-4001.84712299075,833.4441926753292,W23268
991121,991840,-2417.219257666417,1540.3188585612754,-4214.829945059849,1013.5580839200984,W23268
1615890,1617362,-1891.2395552395976,-909.029688445473,-65.24421585664805,-642.142757506466,W23268
1617641,1619280,-65.24421585664805,-642.142757506466,3193.6869502417144,171.98761555736422,W23268
1656816,1658891,3193.6869502417144,171.98761555736422,3254.527701069016,3432.182629700983,W23268
2211494,2212795,3254.527701069016,3432.182629700983,1244.6201406197797,1024.896740019206,W23268
2213150,2214271,1244.6201406197797,1024.896740019206,2167.9162261026786,-1152.7066401975758,W23268
2408206,2408602,2167.9162261026786,-1152.7066401975758,933.1862516873412,-1937.9287301948511,W23268
2417963,2418323,933.1862516873412,-1937.9287301948511,-117.15367456973772,-2177.897543422312,W23268
2463502,2463850,-117.15367456973772,-2177.897543422312,933.1862516873412,-1937.9287301948511,W23268
2553138,2553323,933.1862516873412,-1937.9287301948511,1221.5108251699423,-2365.859413241053,W23268
2557521,2557662,1221.5108251699423,-2365.859413241053,933.1862516873412,-1937.9287301948511,W23268
2572846,2573909,933.1862516873412,-1937.9287301948511,-584.2071226972812,-157.18220917050687,W23268
2625074,2625829,-584.2071226972812,-157.18220917050687,-219.1862779950825,754.4078127095321,W23268
