started_at,ended_at,start_x,start_y,end_x,end_y,bike_id
73646,74022,-11571.843862945265,-1390.2766539863078,-11358.05766519392,-2195.7642180482303,W23274
474435,474657,-11358.05766519392,-2195.7642180482303,-11571.843862945265,-1390.2766539863078,W23274
574624,578008,-11571.843862945265,-1390.2766539863078,-11571.843862945265,-1390.2766539863078,W23274
1782106,1783181,-1161.491409832351,1652.194297808541,-272.30548829993654,-532.3267168924343,W23274
