started_at,ended_at,start_x,start_y,end_x,end_y,bike_id
1703637,1704784,-1891.130832604516,909.029688445473,-219.1967371281292,-754.4078127095321,W23236
1724925,1725926,-219.1967371281292,-754.4078127095321,-2848.997106809029,636.9107717910118,W23236
1728977,1729769,-2848.997106809029,636.9107717910118,-219.1967371281292,-754.4078127095321,W23236
1780020,1787089,-219.1967371281292,-754.4078127095321,-219.1967371281292,-754.4078127095321,W23236
2014364,2014768,-219.1967371281292,-754.4078127095321,-1890.8709195411147,-645.4266634342174,W23236
