started_at,ended_at,start_x,start_y,end_x,end_y,bike_id
1715703,1720818,5440.6426100686695,4274.977605359025,7559.18675780279,7158.803604484617,W23212
