started_at,ended_at,start_x,start_y,end_x,end_y,bike_id
2561618,2566255,6625.544875534828,6851.786229915452,6625.544875534828,6851.786229915452,W23264
