started_at,ended_at,start_x,start_y,end_x,end_y,bike_id
150385,150582,-1592.754378936063,822.8132429757283,-1555.445981478385,542.4818752125246,W23287
152391,152841,-1555.445981478385,542.4818752125246,-1553.745244797235,1509.7618356025214,W23287
203111,203468,-1553.745244797235,1509.7618356025214,-1555.445981478385,542.4818752125246,W23287
366037,366556,-2259.436558225718,2967.9830459613117,-912.0125818422052,1947.857150184919,W23287
373529,374542,-912.0125818422052,1947.857150184919,-4214.829945059849,1013.5580839200984,W23287
403715,404862,-4214.829945059849,1013.5580839200984,-2172.0118915123644,2509.7946798534413,W23287
406247,407061,-2172.0118915123644,2509.7946798534413,-543.4342390331508,1377.793344829783,W23287
410373,410497,-543.4342390331508,1377.793344829783,-500.12939426980034,1054.6347377329218,W23287
414819,416032,-500.12939426980034,1054.6347377329218,2447.178885471176,463.5171925950309,W23287
465369,465889,2447.178885471176,463.5171925950309,1002.1298273174614,77.58923497942598,W23287
466744,467248,1002.1298273174614,77.58923497942598,903.3176669575872,-2156.246028065728,W23287
557559,558020,903.3176669575872,-2156.246028065728,-104.30822423996608,-1101.0580053229169,W23287
690175,691214,-1008.4935812659144,2284.707975219652,1260.3648729942292,461.861887993795,W23287
981490,982267,1120.6795998258754,2058.068864235805,-1553.745244797235,1509.7618356025214,W23287
986857,987194,-1553.745244797235,1509.7618356025214,-2194.889224699188,1823.9592756756335,W23287
1003080,1003399,-2194.889224699188,1823.9592756756335,-1553.745244797235,1509.7618356025214,W23287
1008794,1009850,-1553.745244797235,1509.7618356025214,-1031.196919700857,841.1251929813999,W23287
