started_at,ended_at,start_x,start_y,end_x,end_y,bike_id
1523939,1524658,-2605.458566939792,1351.7447350956706,-1993.883130108986,3476.932805400522,W23285
