started_at,ended_at,start_x,start_y,end_x,end_y,bike_id
8178,8552,2625.1536130326635,-1776.9827230781227,1706.091148736327,-1036.489765995152,W23210
33985,34173,1706.091148736327,-1036.489765995152,2438.2540112858683,-645.8719388147609,W23210
39180,39653,2438.2540112858683,-645.8719388147609,912.5376302209072,-1263.1349344592616,W23210
115116,115355,1774.1270397604533,-450.0620904220471,1835.2706095118488,-1359.8153513599148,W23210
115957,116664,1835.2706095118488,-1359.8153513599148,-117.15367456973772,-2177.897543422312,W23210
116802,117504,-117.15367456973772,-2177.897543422312,-570.845296965312,382.6028703385173,W23210
243761,244694,-2594.876311980931,495.12537678995767,-3697.8467852525214,668.4251368154823,W23210
247924,249268,-3697.8467852525214,668.4251368154823,949.0927421968316,1050.348962199343,W23210
290349,290774,949.0927421968316,1050.348962199343,1157.659916597574,-143.71262892290716,W23210
325550,326130,1157.659916597574,-143.71262892290716,-219.1862779950825,754.4078127095321,W23210
377124,377978,-219.1862779950825,754.4078127095321,-2434.4542367719587,2130.308737174774,W23210
378550,379246,-2434.4542367719587,2130.308737174774,-2594.876311980931,495.12537678995767,W23210
418050,418451,-2594.876311980931,495.12537678995767,-2194.889224699188,1823.9592756756335,W23210
456282,456527,-2194.889224699188,1823.9592756756335,-2190.235672060508,980.0441292680304,W23210
