started_at,ended_at,start_x,start_y,end_x,end_y,bike_id
50763,51480,-54.56736334278084,3820.2401234460167,-2353.98720139412,2869.0205927379434,W23211
118935,119752,-2353.98720139412,2869.0205927379434,-428.9248489104604,3523.6867203093425,W23211
120349,120739,-428.9248489104604,3523.6867203093425,-359.9313181814267,1775.6468969372831,W23211
126272,126848,-359.9313181814267,1775.6468969372831,-428.9248489104604,3523.6867203093425,W23211
202745,203962,-428.9248489104604,3523.6867203093425,-3269.3464976190467,557.7074135573132,W23211
381515,382934,-2508.780706691274,2847.424736803729,-3449.6932796672977,661.2339394276931,W23211
