started_at,ended_at,start_x,start_y,end_x,end_y,bike_id
53664,56121,33.87216753763598,-102.3020185750716,-1017.6238913195454,-1111.63304402804,W23234
507692,507992,-824.2637352862973,-1329.162363396306,351.2753779368917,-2232.165480370884,W23234
729153,729622,351.2753779368917,-2232.165480370884,-824.2637352862973,-1329.162363396306,W23234
753295,754174,-824.2637352862973,-1329.162363396306,-2849.1118684293083,-636.9107717910118,W23234
762010,763451,-2849.1118684293083,-636.9107717910118,-2194.4774136437,1670.339269546311,W23234
768319,768495,-2194.4774136437,1670.339269546311,-1713.5857184887172,1824.4045510561773,W23234
