started_at,ended_at,start_x,start_y,end_x,end_y,bike_id
1783556,1790563,-1557.3691014905978,2536.900818615751,-1351.952265455199,2402.817269788199,W23263
