started_at,ended_at,start_x,start_y,end_x,end_y,bike_id
732516,733863,-1189.9480965767848,-1984.8150067328563,-828.8681814864412,-38.85027691326964,W23200
742768,744075,-828.8681814864412,-38.85027691326964,-2849.1118684293083,-636.9107717910118,W23200
1451108,1452039,-2849.1118684293083,-636.9107717910118,-922.0093029382764,1354.416387375768,W23200
1495377,1496116,-922.0093029382764,1354.416387375768,-1380.3033083701418,-858.2682951157151,W23200
1496129,1496557,-1380.3033083701418,-858.2682951157151,-1812.32704114666,-1830.5270875335093,W23200
1515502,1516341,-1812.32704114666,-1830.5270875335093,-65.24421585664805,-642.142757506466,W23200
1518911,1520988,-65.24421585664805,-642.142757506466,-2849.1118684293083,-636.9107717910118,W23200
1529535,1532569,-2849.1118684293083,-636.9107717910118,-1309.9813548408183,-194.6966599429369,W23200
1607151,1607450,-1309.9813548408183,-194.6966599429369,-1154.4178996069331,447.5017569858993,W23200
1792750,1793384,-842.3452252522125,683.1637518961281,949.0927421968316,1050.348962199343,W23200
1797765,1864911,949.0927421968316,1050.348962199343,1786.245177219664,2718.294876578199,W23200
1864949,1865721,1786.245177219664,2718.294876578199,657.2141925881731,382.9368268735295,W23200
2382482,2382710,657.2141925881731,382.9368268735295,42.554840611112105,683.8074999788248,W23200
2461757,2462785,42.554840611112105,683.8074999788248,3610.147888427871,-199.14941374362635,W23200
2485918,2486580,3610.147888427871,-199.14941374362635,3280.834815674903,631.4004889613337,W23200
2486746,2487458,3280.834815674903,631.4004889613337,2842.538526966029,2153.0177815595557,W23200
