started_at,ended_at,start_x,start_y,end_x,end_y,bike_id
1620776,1621147,-470.4974132603581,3765.0005667433097,-1158.9332723089417,3460.1236598020096,W23236
1624370,1624722,-1158.9332723089417,3460.1236598020096,-860.0530312968476,4418.244958901389,W23236
1683077,1685085,-860.0530312968476,4418.244958901389,-1339.0478585909025,-1081.2399416931091,W23236
1703637,1704784,-1339.0478585909025,-1081.2399416931091,332.92911989643176,582.1975594618963,W23236
1724925,1725926,332.92911989643176,582.1975594618963,-2296.9192411811423,-809.1210250386479,W23236
1728977,1729769,-2296.9192411811423,-809.1210250386479,332.92911989643176,582.1975594618963,W23236
1780020,1787089,332.92911989643176,582.1975594618963,332.92911989643176,582.1975594618963,W23236
2014364,2014768,332.92911989643176,582.1975594618963,-1338.6563166249937,473.21641018658136,W23236
