started_at,ended_at,start_x,start_y,end_x,end_y,bike_id
1791942,1792395,-2605.458566939792,-1351.7447350956706,-1812.1172615052687,-1830.5270875335093,W23276
1805878,1807776,-1812.1172615052687,-1830.5270875335093,1259.8818657302877,-989.0679380163066,W23276
1848159,1849075,1259.8818657302877,-989.0679380163066,-1051.7849150501052,-834.0564463237743,W23276
1871099,1871888,-1993.883130108986,-3476.932805400522,-1812.1172615052687,-1830.5270875335093,W23276
2476039,2478679,-2450.377106119949,1407.2928387603392,-2450.377106119949,1407.2928387603392,W23276
2570302,2570852,-2450.377106119949,1407.2928387603392,-2450.377106119949,1407.2928387603392,W23276
