started_at,ended_at,start_x,start_y,end_x,end_y,bike_id
1723633,1724002,-810.2158349534978,3422.163933649827,-1005.3013800123252,2364.690565368115,W23263
1783556,1790563,-1005.3013800123252,2364.690565368115,-799.8820989751116,2230.607016540563,W23263
1793123,1793934,-799.8820989751116,2230.607016540563,-428.9248489104604,3523.6867203093425,W23263
