started_at,ended_at,start_x,start_y,end_x,end_y,bike_id
41348,43463,-757.2144788708657,-1761.398084774919,-1189.9480965767848,-1984.8150067328563,W23278
44700,46451,-1189.9480965767848,-1984.8150067328563,42.554840611112105,683.8074999788248,W23278
56923,57312,42.554840611112105,683.8074999788248,-842.3452252522125,683.1637518961281,W23278
108732,109115,-1375.3554708776364,3230.58420136674,-2906.0520040511774,3041.230845985579,W23278
156130,156913,-219.1862779950825,754.4078127095321,1244.6201406197797,1024.896740019206,W23278
159166,159696,1244.6201406197797,1024.896740019206,2842.538526966029,2153.0177815595557,W23278
492785,493643,2842.538526966029,2153.0177815595557,2438.2540112858683,-645.8719388147609,W23278
552131,553183,2438.2540112858683,-645.8719388147609,3280.834815674903,631.4004889613337,W23278
555811,556559,3280.834815674903,631.4004889613337,1572.4295790921033,412.8815961838383,W23278
561118,561763,1572.4295790921033,412.8815961838383,903.3176669575872,-2156.246028065728,W23278
562083,562514,903.3176669575872,-2156.246028065728,-757.2144788708657,-1761.398084774919,W23278
571613,571881,-757.2144788708657,-1761.398084774919,-117.15367456973772,-2177.897543422312,W23278
572722,573903,-117.15367456973772,-2177.897543422312,1244.6201406197797,1024.896740019206,W23278
720889,722191,1244.6201406197797,1024.896740019206,-2450.1589905827414,1407.2928387603392,W23278
741587,741843,-2450.1589905827414,1407.2928387603392,-1881.431886693912,2146.116013168249,W23278
752414,753166,-1881.431886693912,2146.116013168249,-424.0757252336529,713.6651154317209,W23278
754865,755279,-424.0757252336529,713.6651154317209,-929.3914426548988,1038.6048240499654,W23278
755416,755767,-929.3914426548988,1038.6048240499654,-1574.715056457654,1019.791939240589,W23278
755876,756287,-1574.715056457654,1019.791939240589,-2925.311977241168,1006.3223589937804,W23278
1715508,1716327,-2849.1118684293083,-636.9107717910118,-3262.531070247399,360.3391013342791,W23278
1792252,1792827,-3262.531070247399,360.3391013342791,-1881.431886693912,2146.116013168249,W23278
1871418,1871788,-1881.431886693912,2146.116013168249,-2089.6479554302955,2393.132530270474,W23278
2570158,2574437,-1154.4178996069331,447.5017569858993,-1031.196919700857,841.1251929813999,W23278
2654884,2657054,-1031.196919700857,841.1251929813999,45.64780756438548,2377.6592108128007,W23278
