started_at,ended_at,start_x,start_y,end_x,end_y,bike_id
842883,843685,3394.571716709091,1980.8075283119197,1554.255559250921,-94.62101826821,W23224
843707,844182,1554.255559250921,-94.62101826821,3745.785514584079,-0.2226376902717624,W23224
2564684,2565428,486.9182756857461,-814.3530107541019,1209.3330173771565,210.72657362589345,W23224
