started_at,ended_at,start_x,start_y,end_x,end_y,bike_id
147150,147505,-2434.4542367719587,2130.308737174774,-2792.164519531742,1461.727753976022,W23221
200556,201431,-2792.164519531742,1461.727753976022,-584.2071226972812,-157.18220917050687,W23221
207842,208310,-584.2071226972812,-157.18220917050687,572.5803208358176,131.6901936600965,W23221
251822,253399,572.5803208358176,131.6901936600965,-4001.84712299075,833.4441926753292,W23221
326193,326589,-4001.84712299075,833.4441926753292,-2996.425218577444,611.3630968574403,W23221
1087777,1088190,-1592.754378936063,822.8132429757283,-2169.5321645165045,380.3764934373816,W23221
1095796,1097054,-2169.5321645165045,380.3764934373816,1836.676275980947,-1899.4334526018283,W23221
1116349,1116765,1836.676275980947,-1899.4334526018283,1221.5108251699423,-2365.859413241053,W23221
1184341,1185590,1221.5108251699423,-2365.859413241053,1682.9689672611153,1296.3079502741607,W23221
1864131,1864326,1682.9689672611153,1296.3079502741607,1940.3003044813283,982.611445003962,W23221
