started_at,ended_at,start_x,start_y,end_x,end_y,bike_id
34068,34396,236.3596737786456,-1033.5954760247828,422.87264992317904,94.06442404292608,W23355
54919,55353,-922.0093029382764,1354.416387375768,259.6198942404481,1818.615971114648,W23355
247979,248815,-2328.120578614408,661.3452582716426,-1351.952265455199,2402.817269788199,W23355
280414,281528,-1351.952265455199,2402.817269788199,-2853.533219035006,-891.6639486224678,W23355
284715,285739,-2853.533219035006,-891.6639486224678,-493.3014109226975,113.54792354855924,W23355
293959,294871,-493.3014109226975,113.54792354855924,-188.8673402319529,519.5250497148589,W23355
408288,408958,-188.8673402319529,519.5250497148589,-1008.4935812659144,2284.707975219652,W23355
461408,461873,-1008.4935812659144,2284.707975219652,-1574.715056457654,1019.791939240589,W23355
485105,485261,-1574.715056457654,1019.791939240589,-1553.745244797235,1509.7618356025214,W23355
485592,486509,-1553.745244797235,1509.7618356025214,-1555.445981478385,542.4818752125246,W23355
495760,496498,-1555.445981478385,542.4818752125246,-2089.6479554302955,2393.132530270474,W23355
574750,575787,-2089.6479554302955,2393.132530270474,949.0927421968316,1050.348962199343,W23355
