started_at,ended_at,start_x,start_y,end_x,end_y,bike_id
240458,241711,-1017.6238913195454,-1111.63304402804,1372.896741032668,2539.6281303190094,W23385
248133,248393,1372.896741032668,2539.6281303190094,1247.2477587830729,3103.680718042345,W23385
302400,302950,1247.2477587830729,3103.680718042345,1786.245177219664,2718.294876578199,W23385
327901,328578,1786.245177219664,2718.294876578199,3861.339855126864,1821.955536465561,W23385
566037,567232,3861.339855126864,1821.955536465561,657.2141925881731,382.9368268735295,W23385
567359,568527,657.2141925881731,382.9368268735295,-2194.889224699188,1823.9592756756335,W23385
573288,573722,-1369.0198339983065,1373.3405910290935,-1386.3722255965383,1072.7797094714829,W23385
574191,574988,-1386.3722255965383,1072.7797094714829,-3204.387511290492,842.0157437416958,W23385
577193,577492,-3204.387511290492,842.0157437416958,-2248.5703681191844,832.4674209813991,W23385
583631,584527,-2248.5703681191844,832.4674209813991,-1687.4808070499614,3322.088291974309,W23385
647903,653926,-1369.0198339983065,1373.3405910290935,-2417.219257666417,1540.3188585612754,W23385
653934,654948,-2417.219257666417,1540.3188585612754,-919.4722224283496,3269.7684348142307,W23385
659871,660671,-919.4722224283496,3269.7684348142307,-3060.847950466069,3019.634990051365,W23385
735168,736157,-3060.847950466069,3019.634990051365,-2853.533219035006,-891.6639486224678,W23385
736219,737313,-2853.533219035006,-891.6639486224678,-2905.8530181229416,-3418.601730609433,W23385
982191,983281,-2905.8530181229416,-3418.601730609433,-2348.210150806419,-441.1565828206682,W23385
1018952,1020045,-2348.210150806419,-441.1565828206682,-2905.8530181229416,-3418.601730609433,W23385
2468883,2471981,-2905.8530181229416,-3418.601730609433,-2905.8530181229416,-3418.601730609433,W23385
