started_at,ended_at,start_x,start_y,end_x,end_y,bike_id
204307,205136,-919.4722224283496,3269.7684348142307,-1154.4178996069331,447.5017569858993,W23364
290107,290436,-1351.952265455199,2402.817269788199,-2417.219257666417,1540.3188585612754,W23364
315603,315931,-2417.219257666417,1540.3188585612754,-2089.6479554302955,2393.132530270474,W23364
316536,316957,-2089.6479554302955,2393.132530270474,-3034.094275550209,1150.702900985921,W23364
318963,320172,-3034.094275550209,1150.702900985921,753.3851724438222,2085.781199166297,W23364
320605,321053,753.3851724438222,2085.781199166297,-490.1426245460887,1831.862913672767,W23364
323940,324084,-490.1426245460887,1831.862913672767,-543.4342390331508,1377.793344829783,W23364
375671,376276,-543.4342390331508,1377.793344829783,-2451.030497734943,814.965264401756,W23364
411585,412170,-2451.030497734943,814.965264401756,-1462.7862234637655,22.472351936458256,W23364
482859,483398,-1462.7862234637655,22.472351936458256,-1893.9180927095776,1322.3565600090635,W23364
491881,492146,-1893.9180927095776,1322.3565600090635,-2925.311977241168,1006.3223589937804,W23364
579876,581651,-3060.847950466069,3019.634990051365,-2792.164519531742,1461.727753976022,W23364
581751,582755,-2792.164519531742,1461.727753976022,-4001.84712299075,833.4441926753292,W23364
583112,583831,-4001.84712299075,833.4441926753292,-2803.1298600936816,296.3567677708471,W23364
651040,651111,-2803.1298600936816,296.3567677708471,-2803.1298600936816,296.3567677708471,W23364
663173,663457,-2803.1298600936816,296.3567677708471,-2451.030497734943,814.965264401756,W23364
741313,741450,-2451.030497734943,814.965264401756,-2450.1589905827414,1407.2928387603392,W23364
754327,755145,-2450.1589905827414,1407.2928387603392,-494.03119251583706,2141.440621677288,W23364
805776,806355,-494.03119251583706,2141.440621677288,-2417.219257666417,1540.3188585612754,W23364
837944,838192,-2417.219257666417,1540.3188585612754,-1881.431886693912,2146.116013168249,W23364
838509,838750,-1881.431886693912,2146.116013168249,-1553.745244797235,1509.7618356025214,W23364
896633,897479,-2172.0118915123644,2509.7946798534413,-543.4342390331508,1377.793344829783,W23364
899263,900066,-543.4342390331508,1377.793344829783,-2311.895100954131,239.22419795062223,W23364
929204,930023,-2311.895100954131,239.22419795062223,-757.2144788708657,-1761.398084774919,W23364
2657261,2658299,-2849.1118684293083,-636.9107717910118,-1592.754378936063,822.8132429757283,W23364
