started_at,ended_at,start_x,start_y,end_x,end_y,bike_id
1807351,1808830,-1923.6199654583029,1762.9565486044485,-1923.6199654583029,1762.9565486044485,W23300
1849014,1849551,-1923.6199654583029,1762.9565486044485,-794.9041712895468,2685.45581729673,W23300
1861892,1862411,-794.9041712895468,2685.45581729673,-1923.6199654583029,1762.9565486044485,W23300
1865977,1866689,-1923.6199654583029,1762.9565486044485,-1553.8936335864703,1509.7618356025214,W23300
2053156,2054879,-922.0882966995912,1354.416387375768,-912.1249626238716,1947.857150184919,W23300
2306646,2307112,-912.1249626238716,1947.857150184919,-2195.1424784234973,1823.9592756756335,W23300
2482374,2483520,-2195.1424784234973,1823.9592756756335,2175.815499130866,414.1061034791464,W23300
2529077,2530114,2175.815499130866,414.1061034791464,45.65467389201976,2377.6592108128007,W23300
2644269,2644521,-543.4816018481092,1377.793344829783,-101.54275735562236,1825.183782970942,W23300
