started_at,ended_at,start_x,start_y,end_x,end_y,bike_id
1859929,1862745,-1189.9480965767848,-1984.8150067328563,-757.2144788708657,-1761.398084774919,W23393
1864846,1867160,-757.2144788708657,-1761.398084774919,-1351.952265455199,2402.817269788199,W23393
1869229,1870614,-1351.952265455199,2402.817269788199,-824.4664002727116,-360.1164636447984,W23393
1870641,1872155,-824.4664002727116,-360.1164636447984,-2853.533219035006,-891.6639486224678,W23393
1872221,1872952,-2853.533219035006,-891.6639486224678,-2605.6813026458703,-1351.7447350956706,W23393
1872990,1874441,-2605.6813026458703,-1351.7447350956706,-1450.099395056315,-447.3904381419498,W23393
1874497,1875299,-1450.099395056315,-447.3904381419498,-1557.3691014905978,2536.900818615751,W23393
