started_at,ended_at,start_x,start_y,end_x,end_y,bike_id
109221,109941,-497.6852901437867,-1112.8544936800606,-2605.26842578739,-423.4568864618599,W23341
237606,238616,-2605.26842578739,-423.4568864618599,223.52812242238716,-443.9395539462969,W23341
238640,239341,223.52812242238716,-443.9395539462969,2500.732022251305,-159.2972672261112,W23341
292341,292687,2500.732022251305,-159.2972672261112,1157.659916597574,-143.71262892290716,W23341
317354,317863,1157.659916597574,-143.71262892290716,1271.019755402809,-1678.4655452337165,W23341
329250,329741,1271.019755402809,-1678.4655452337165,1399.084123210781,-702.1992743957761,W23341
370792,371156,1399.084123210781,-702.1992743957761,1002.1298273174614,77.58923497942598,W23341
371264,371911,1002.1298273174614,77.58923497942598,-1017.6238913195454,-1111.63304402804,W23341
413090,414307,-1017.6238913195454,-1111.63304402804,1372.896741032668,2539.6281303190094,W23341
466466,467178,1372.896741032668,2539.6281303190094,1002.1298273174614,77.58923497942598,W23341
730478,731426,-2169.5321645165045,380.3764934373816,-912.0125818422052,1947.857150184919,W23341
748025,748546,-912.0125818422052,1947.857150184919,-2524.594292383785,1823.5140002958813,W23341
752816,753367,-2524.594292383785,1823.5140002958813,-2594.876311980931,495.12537678995767,W23341
757081,757418,-2594.876311980931,495.12537678995767,-3204.387511290492,842.0157437416958,W23341
852685,853026,-3204.387511290492,842.0157437416958,-2450.1589905827414,1407.2928387603392,W23341
886870,888263,-2450.1589905827414,1407.2928387603392,933.1862516873412,-1937.9287301948511,W23341
892468,892960,933.1862516873412,-1937.9287301948511,-568.1726241532793,-1955.7830855160428,W23341
1439824,1441995,-568.1726241532793,-1955.7830855160428,-757.2144788708657,-1761.398084774919,W23341
1447662,1452251,-757.2144788708657,-1761.398084774919,-757.2144788708657,-1761.398084774919,W23341
1774721,1775376,-757.2144788708657,-1761.398084774919,-2853.533219035006,-891.6639486224678,W23341
1862800,1864564,-2853.533219035006,-891.6639486224678,-2605.6813026458703,-1351.7447350956706,W23341
1868342,1870574,-2605.6813026458703,-1351.7447350956706,-1380.3033083701418,-858.2682951157151,W23341
