started_at,ended_at,start_x,start_y,end_x,end_y,bike_id
202985,203580,-2194.4774136437,1670.339269546311,-2287.4332348769594,449.3941773512319,W23399
238581,238960,-2287.4332348769594,449.3941773512319,-1574.715056457654,1019.791939240589,W23399
239338,239754,-1574.715056457654,1019.791939240589,-1923.405460375761,1762.9565486044485,W23399
288952,289361,-1923.405460375761,1762.9565486044485,-2169.5321645165045,380.3764934373816,W23399
302887,306668,-2169.5321645165045,380.3764934373816,-2328.120578614408,661.3452582716426,W23399
324592,325316,-2328.120578614408,661.3452582716426,-493.3014109226975,113.54792354855924,W23399
333296,333690,-493.3014109226975,113.54792354855924,-454.372404106747,-1426.328361259987,W23399
366762,367142,-454.372404106747,-1426.328361259987,-584.2071226972812,-157.18220917050687,W23399
371291,371824,-584.2071226972812,-157.18220917050687,-2605.26842578739,-423.4568864618599,W23399
418542,420102,-2605.26842578739,-423.4568864618599,-2348.210150806419,-441.1565828206682,W23399
497744,498337,-2348.210150806419,-441.1565828206682,-246.9191299668783,106.75477237497007,W23399
725455,727239,-494.03119251583706,2141.440621677288,-1713.5857184887172,1824.4045510561773,W23399
730221,730842,-1713.5857184887172,1824.4045510561773,-1460.4283175020964,308.2610377861307,W23399
731003,731636,-1460.4283175020964,308.2610377861307,-2594.876311980931,495.12537678995767,W23399
898707,899384,-2792.164519531742,1461.727753976022,-2594.876311980931,495.12537678995767,W23399
904899,905766,-2594.876311980931,495.12537678995767,-757.2144788708657,-1761.398084774919,W23399
2383554,2383801,-1881.431886693912,2146.116013168249,-1553.745244797235,1509.7618356025214,W23399
2384618,2384869,-1553.745244797235,1509.7618356025214,-2194.4774136437,1670.339269546311,W23399
2396837,2397531,-2194.4774136437,1670.339269546311,-4214.829945059849,1013.5580839200984,W23399
