started_at,ended_at,start_x,start_y,end_x,end_y,bike_id
1624119,1627815,1977.0891260528936,9899.918844292337,1977.0891260528936,9899.918844292337,W23348
2228232,2230041,1977.0891260528936,9899.918844292337,1977.0891260528936,9899.918844292337,W23348
