started_at,ended_at,start_x,start_y,end_x,end_y,bike_id
1871094,1873781,-2853.3723100320794,891.6639486224678,-2348.1446347410515,441.1565828206682,W23317
2370234,2372282,-2348.1446347410515,441.1565828206682,-2450.377106119949,-1407.2928387603392,W23317
2384605,2389208,-2450.377106119949,-1407.2928387603392,933.0718976437946,1937.9287301948511,W23317
2402292,2403905,933.0718976437946,1937.9287301948511,1108.6991008528505,2222.2581031636773,W23317
2462126,2463159,1108.6991008528505,2222.2581031636773,-929.4525001462196,-1038.6048240499654,W23317
2471088,2471905,-929.4525001462196,-1038.6048240499654,1157.64939435139,143.71262892290716,W23317
2565451,2566044,1157.64939435139,143.71262892290716,1000.4019913418696,-1637.3888914201018,W23317
2664681,2665654,1000.4019913418696,-1637.3888914201018,1399.021992029718,702.1992743957761,W23317
