started_at,ended_at,start_x,start_y,end_x,end_y,bike_id
1355476,1355824,8.662919362128497,1205.5830915821473,-291.54855859263284,48.21707581085942,W23486
1357293,1357412,-291.54855859263284,48.21707581085942,58.83935351161514,-58.66232969907673,W23486
1861317,1862556,-5466.681243998265,7119.174095656583,-3040.9153783352995,4058.351132946862,W23486
1869023,1869793,-3040.9153783352995,4058.351132946862,-2834.854701191256,3614.745535536368,W23486
1870091,1873228,-2834.854701191256,3614.745535536368,-2834.854701191256,3614.745535536368,W23486
2014540,2015011,-2834.854701191256,3614.745535536368,-1707.3762434280573,2795.772792713676,W23486
2019945,2020429,-1707.3762434280573,2795.772792713676,-799.8820989751116,2230.607016540563,W23486
2034859,2035564,-799.8820989751116,2230.607016540563,811.6929069099815,1646.4057178670123,W23486
2040554,2041974,811.6929069099815,1646.4057178670123,450.54568352641655,1652.973529723306,W23486
2044920,2053896,450.54568352641655,1652.973529723306,450.54568352641655,1652.973529723306,W23486
2150668,2151254,450.54568352641655,1652.973529723306,1552.3696547911195,1465.178638172466,W23486
2181038,2181455,1552.3696547911195,1465.178638172466,1554.255559250921,-94.62101826821,W23486
2623617,2624192,1554.255559250921,-94.62101826821,916.579749438608,1959.9909042924703,W23486
2635465,2636581,916.579749438608,1959.9909042924703,916.579749438608,1959.9909042924703,W23486
2654812,2655720,916.579749438608,1959.9909042924703,-873.5983458566102,3804.9894416778247,W23486
