started_at,ended_at,start_x,start_y,end_x,end_y,bike_id
1355476,1355824,-543.4342390331508,1377.793344829783,-843.6894071192287,220.42732905849545,W23486
1357293,1357412,-843.6894071192287,220.42732905849545,-493.3014109226975,113.54792354855924,W23486
2019945,2020429,-2259.436558225718,2967.9830459613117,-1351.952265455199,2402.817269788199,W23486
2034859,2035564,-1351.952265455199,2402.817269788199,259.6198942404481,1818.615971114648,W23486
2040554,2041974,259.6198942404481,1818.615971114648,-101.53103449587984,1825.183782970942,W23486
2044920,2053896,-101.53103449587984,1825.183782970942,-101.53103449587984,1825.183782970942,W23486
2150668,2151254,-101.53103449587984,1825.183782970942,1000.298381636028,1637.3888914201018,W23486
2181038,2181455,1000.298381636028,1637.3888914201018,1002.1298273174614,77.58923497942598,W23486
2623617,2624192,1002.1298273174614,77.58923497942598,364.51883299847503,2132.201157540106,W23486
2635465,2636581,364.51883299847503,2132.201157540106,364.51883299847503,2132.201157540106,W23486
