started_at,ended_at,start_x,start_y,end_x,end_y,bike_id
200432,200742,-2287.960187970927,-8356.928333450174,-2595.2219202602832,-9265.401427670364,W23406
201618,204275,-2595.2219202602832,-9265.401427670364,775.6805476381545,-616.1498071939328,W23406
239244,239586,775.6805476381545,-616.1498071939328,470.0445168883398,-1523.9549883433065,W23406
290295,291161,470.0445168883398,-1523.9549883433065,-433.0906763410017,61.67064014200078,W23406
315030,315730,-80.1058961165534,3374.191707505921,-1001.6416887046756,1337.5515823548856,W23406
316597,317017,-1001.6416887046756,1337.5515823548856,975.0041157596628,-78.1458292047099,W23406
318038,318585,975.0041157596628,-78.1458292047099,1796.710145560574,852.6864867715699,W23406
320083,320599,1796.710145560574,852.6864867715699,2124.537389012071,240.6713429362023,W23406
321163,321747,2124.537389012071,240.6713429362023,3052.8497049862785,-331.5075204737472,W23406
370588,371330,3052.8497049862785,-331.5075204737472,54.49834742825812,-1285.064746927697,W23406
406783,407412,54.49834742825812,-1285.064746927697,1663.732119925616,207.05305173996877,W23406
480064,480431,1663.732119925616,207.05305173996877,775.6805476381545,-616.1498071939328,W23406
502572,503101,775.6805476381545,-616.1498071939328,2124.537389012071,240.6713429362023,W23406
503738,504201,2124.537389012071,240.6713429362023,3832.9163838716586,459.19023571369775,W23406
1768875,1769282,3832.9163838716586,459.19023571369775,3123.615142939869,1072.4457529364704,W23406
1782452,1784377,3123.615142939869,1072.4457529364704,-1928.381569337254,-343.75259342603863,W23406
1784402,1786132,-1928.381569337254,-343.75259342603863,-3527.1979733126504,1188.885264829166,W23406
1786162,1788703,-3527.1979733126504,1188.885264829166,-3527.1979733126504,1188.885264829166,W23406
1792160,1792837,-3527.1979733126504,1188.885264829166,-1001.6416887046756,1337.5515823548856,W23406
2058973,2059103,-834.2552317649786,900.5694562238467,-1341.804285739922,1150.146306761428,W23406
2288748,2289472,-1341.804285739922,1150.146306761428,-1341.804285739922,1150.146306761428,W23406
2539058,2540556,-1341.804285739922,1150.146306761428,-5023.2373402162775,-22.041131313966417,W23406
2567198,2568094,-5023.2373402162775,-22.041131313966417,-7077.5192703903,-150.7257161589535,W23406
