started_at,ended_at,start_x,start_y,end_x,end_y,bike_id
1584926,1588872,5440.6426100686695,4274.977605359025,-1365.3326241855143,551.0282828562791,W23466
1680035,1680555,-1365.3326241855143,551.0282828562791,-2946.938203231537,814.4086701772632,W23466
1693901,1695406,-2946.938203231537,814.4086701772632,450.54568352641655,1652.973529723306,W23466
1702356,1702775,450.54568352641655,1652.973529723306,594.6698529972505,511.5972467311889,W23466
1705200,1706348,594.6698529972505,511.5972467311889,-499.66045855245335,-1006.2666995714102,W23466
1706405,1706936,-499.66045855245335,-1006.2666995714102,486.9182756857461,-814.3530107541019,W23466
1709409,1710143,486.9182756857461,-814.3530107541019,594.6698529972505,511.5972467311889,W23466
1752393,1753091,594.6698529972505,511.5972467311889,-828.1189483765718,-1030.4785483633511,W23466
1770916,1772540,-828.1189483765718,-1030.4785483633511,-637.7264760323915,-2157.025259980492,W23466
1772581,1774184,-637.7264760323915,-2157.025259980492,-637.7264760323915,-2157.025259980492,W23466
1774378,1774803,-637.7264760323915,-2157.025259980492,-205.00537057100192,-1933.6083380225548,W23466
1774838,1775993,-205.00537057100192,-1933.6083380225548,-2652.2426542615626,669.8054904940599,W23466
1778561,1779302,-2652.2426542615626,669.8054904940599,-2259.2871664561067,-597.6708789203599,W23466
1866927,1869045,-4978.330558289031,-3782.280397293834,-6301.934568920051,-3160.564647848644,W23466
2213309,2215548,-6301.934568920051,-3160.564647848644,-6301.934568920051,-3160.564647848644,W23466
2299757,2301543,-6301.934568920051,-3160.564647848644,-6301.934568920051,-3160.564647848644,W23466
2478663,2481981,-6301.934568920051,-3160.564647848644,-6301.934568920051,-3160.564647848644,W23466
2488041,2489795,-6301.934568920051,-3160.564647848644,-5522.586174710388,-3933.117432297528,W23466
2569994,2570999,-5522.586174710388,-3933.117432297528,-7119.586938167765,-5071.90921686696,W23466
