started_at,ended_at,start_x,start_y,end_x,end_y,bike_id
200957,201309,-4320.698607587493,4126.700903789897,-3040.9153783352995,4058.351132946862,W23452
891421,892790,-386.5143738072543,5772.104752051873,-1638.1066826638655,807.8338760203944,W23452
926618,927193,-1329.3469852904998,1973.9057599206133,58.03875561149759,1969.2303684296523,W23452
927212,928231,58.03875561149759,1969.2303684296523,1672.7348669763114,1885.8586109881687,W23452
928366,929347,1672.7348669763114,1885.8586109881687,2596.793129117454,3863.209197624172,W23452
929540,930883,2596.793129117454,3863.209197624172,5440.6426100686695,4274.977605359025,W23452
