started_at,ended_at,start_x,start_y,end_x,end_y,bike_id
109079,109547,2500.7068276638083,159.2972672261112,1002.1347450933658,-77.58923497942598,W23463
110193,110578,1002.1347450933658,-77.58923497942598,912.4647384180472,1263.1349344592616,W23463
125701,126578,912.4647384180472,1263.1349344592616,1002.1347450933658,-77.58923497942598,W23463
129425,129854,1002.1347450933658,-77.58923497942598,1259.8818657302877,989.0679380163066,W23463
132191,133653,1259.8818657302877,989.0679380163066,-1380.2283887746603,858.2682951157151,W23463
144339,147273,-1380.2283887746603,858.2682951157151,-757.1301394926505,1761.398084774919,W23463
236675,237554,-757.1301394926505,1761.398084774919,-3698.003126530832,-668.4251368154823,W23463
