started_at,ended_at,start_x,start_y,end_x,end_y,bike_id
338841,341159,-298.30049519174673,-188.1288480866431,-2450.1589905827414,1407.2928387603392,W23415
460794,462326,-1687.4808070499614,3322.088291974309,236.3596737786456,-1033.5954760247828,W23415
462365,462614,236.3596737786456,-1033.5954760247828,912.5376302209072,-1263.1349344592616,W23415
466410,466822,912.5376302209072,-1263.1349344592616,1157.659916597574,-143.71262892290716,W23415
496643,497313,1157.659916597574,-143.71262892290716,2477.2140987236085,-1485.856961461107,W23415
655346,658326,2477.2140987236085,-1485.856961461107,4215.109312018323,-34.31086097147756,W23415
1436706,1438718,4215.109312018323,-34.31086097147756,4215.109312018323,-34.31086097147756,W23415
1606657,1609922,4215.109312018323,-34.31086097147756,4215.109312018323,-34.31086097147756,W23415
1695833,1697712,4215.109312018323,-34.31086097147756,4215.109312018323,-34.31086097147756,W23415
1777108,1779860,4215.109312018323,-34.31086097147756,2852.98200490415,-995.5244310270688,W23415
1779878,1781095,2852.98200490415,-995.5244310270688,42.554840611112105,683.8074999788248,W23415
1791587,1792677,42.554840611112105,683.8074999788248,-2849.1118684293083,-636.9107717910118,W23415
1800179,1801103,-2849.1118684293083,-636.9107717910118,-1574.715056457654,1019.791939240589,W23415
1807400,1808618,-1574.715056457654,1019.791939240589,933.1862516873412,-1937.9287301948511,W23415
1808637,1808776,933.1862516873412,-1937.9287301948511,935.5683550562323,-2444.89579320685,W23415
2011034,2012359,935.5683550562323,-2444.89579320685,-1555.445981478385,542.4818752125246,W23415
2035326,2036676,-1555.445981478385,542.4818752125246,935.5683550562323,-2444.89579320685,W23415
2456307,2456953,935.5683550562323,-2444.89579320685,-757.2144788708657,-1761.398084774919,W23415
2464730,2466265,-2172.0118915123644,2509.7946798534413,-1017.6238913195454,-1111.63304402804,W23415
