started_at,ended_at,start_x,start_y,end_x,end_y,bike_id
324931,325436,-29358.92050113176,7203.887736718377,-29085.782278910887,6882.064955760774,W23520
1179463,1186667,-29085.782278910887,6882.064955760774,-29085.782278910887,6882.064955760774,W23520
