started_at,ended_at,start_x,start_y,end_x,end_y,bike_id
978100,978260,-12492.679789344757,25401.847245444515,-12291.462650407191,24881.654282659634,W23555
