started_at,ended_at,start_x,start_y,end_x,end_y,bike_id
171121,171400,-2803.1298600936816,296.3567677708471,-2248.5703681191844,832.4674209813991,W23557
172484,172856,-2248.5703681191844,832.4674209813991,-2803.1298600936816,296.3567677708471,W23557
173096,173545,-2803.1298600936816,296.3567677708471,-4214.829945059849,1013.5580839200984,W23557
203524,203763,-4214.829945059849,1013.5580839200984,-3821.501991331301,729.9176668049492,W23557
301062,302571,-1460.4283175020964,308.2610377861307,-493.3014109226975,113.54792354855924,W23557
493567,493954,-2013.015909685712,225.7907524544684,-929.3914426548988,1038.6048240499654,W23557
493966,495600,-929.3914426548988,1038.6048240499654,1017.9191426354972,2436.9921552089254,W23557
554834,555247,-1351.952265455199,2402.817269788199,-101.53103449587984,1825.183782970942,W23557
557492,557765,-101.53103449587984,1825.183782970942,-424.0757252336529,713.6651154317209,W23557
560481,560850,-424.0757252336529,713.6651154317209,-1154.4178996069331,447.5017569858993,W23557
647912,649562,-1154.4178996069331,447.5017569858993,-1994.3215216154588,-3476.932805400522,W23557
1770069,1771288,-1994.3215216154588,-3476.932805400522,-1189.9480965767848,-1984.8150067328563,W23557
1778855,1780264,-1189.9480965767848,-1984.8150067328563,1260.3648729942292,461.861887993795,W23557
1784138,1785646,1260.3648729942292,461.861887993795,-1380.3033083701418,-858.2682951157151,W23557
1787090,1788298,-1380.3033083701418,-858.2682951157151,1259.9606745071096,-989.0679380163066,W23557
1798466,1799182,1259.9606745071096,-989.0679380163066,42.554840611112105,683.8074999788248,W23557
1800183,1800268,42.554840611112105,683.8074999788248,-188.8673402319529,519.5250497148589,W23557
1828007,1828351,-188.8673402319529,519.5250497148589,-188.8673402319529,519.5250497148589,W23557
1843026,1843810,-188.8673402319529,519.5250497148589,-1380.3033083701418,-858.2682951157151,W23557
1862087,1874483,-1380.3033083701418,-858.2682951157151,-1380.3033083701418,-858.2682951157151,W23557
1874623,1875383,-1380.3033083701418,-858.2682951157151,-1553.745244797235,1509.7618356025214,W23557
1877022,1877405,-1553.745244797235,1509.7618356025214,-1881.431886693912,2146.116013168249,W23557
1883794,1884598,-1881.431886693912,2146.116013168249,-219.1862779950825,754.4078127095321,W23557
2044240,2044423,-219.1862779950825,754.4078127095321,-842.3452252522125,683.1637518961281,W23557
