started_at,ended_at,start_x,start_y,end_x,end_y,bike_id
239232,239721,-3697.8467852525214,668.4251368154823,-2853.533219035006,-891.6639486224678,W23572
