started_at,ended_at,start_x,start_y,end_x,end_y,bike_id
50517,55032,-4002.05809119474,833.4441926753292,-4002.05809119474,833.4441926753292,W23508
139520,139998,-4002.05809119474,833.4441926753292,-2450.377106119949,1407.2928387603392,W23508
143739,144169,-2450.377106119949,1407.2928387603392,-3821.678425592958,729.9176668049492,W23508
149156,149665,-3821.678425592958,729.9176668049492,-2808.2773936322506,513.9591074636016,W23508
151115,151351,-2808.2773936322506,513.9591074636016,-2646.698106240912,1031.0908020110053,W23508
197636,197972,-2013.0446574339128,225.7907524544684,-570.8591111335667,382.6028703385173,W23508
