started_at,ended_at,start_x,start_y,end_x,end_y,bike_id
33670,34284,-456.4230317783731,2112.497721972016,594.6698529972505,511.5972467311889,W23507
39637,40385,594.6698529972505,511.5972467311889,435.06300640745945,-2350.107796669948,W23507
46669,47363,435.06300640745945,-2350.107796669948,-32.05591394711978,-329.3924624181428,W23507
112276,112924,-32.05591394711978,-329.3924624181428,-1617.885904175311,-478.5597147475669,W23507
135594,136372,-1617.885904175311,-478.5597147475669,-1638.1066826638655,807.8338760203944,W23507
147235,147762,-1638.1066826638655,807.8338760203944,-2710.368760450222,188.1288480866431,W23507
154411,154920,-2710.368760450222,188.1288480866431,-3269.3464976190467,557.7074135573132,W23507
244407,244552,-5466.681243998265,7119.174095656583,-5348.868243989487,6730.003413461771,W23507
326568,327460,-5348.868243989487,6730.003413461771,-6209.962957475743,8825.691989836067,W23507
750829,752982,-6209.962957475743,8825.691989836067,-6337.930813702574,2155.13283961516,W23507
1272625,1277540,-6337.930813702574,2155.13283961516,-6337.930813702574,2155.13283961516,W23507
1682169,1689395,-6337.930813702574,2155.13283961516,-6337.930813702574,2155.13283961516,W23507
2316313,2316885,-6337.930813702574,2155.13283961516,-3662.680070837771,841.3478306724625,W23507
2317347,2317876,-3662.680070837771,841.3478306724625,-1898.042090010421,1235.0825855127032,W23507
2459231,2460142,-1898.042090010421,1235.0825855127032,-3874.94773152752,655.3724484528836,W23507
2476567,2481674,-4111.364334099719,2757.4791100264806,-2508.780706691274,2847.424736803729,W23507
2553885,2554584,-2508.780706691274,2847.424736803729,-799.8820989751116,2230.607016540563,W23507
2562936,2564052,-799.8820989751116,2230.607016540563,-4111.364334099719,2757.4791100264806,W23507
2564182,2565420,-4111.364334099719,2757.4791100264806,-799.8820989751116,2230.607016540563,W23507
2574152,2575216,-799.8820989751116,2230.607016540563,-205.00537057100192,-1933.6083380225548,W23507
