started_at,ended_at,start_x,start_y,end_x,end_y,bike_id
1013689,1014901,949.1557991213356,1050.348962199343,-117.13754112524298,-2177.897543422312,W23567
1184825,1184950,-1993.883130108986,-3476.932805400522,-1993.883130108986,-3476.932805400522,W23567
