started_at,ended_at,start_x,start_y,end_x,end_y,bike_id
289459,290881,6548.057223772807,295.91264260247453,3177.326435678709,-1949.1929763257588,W23521
291056,291670,3177.326435678709,-1949.1929763257588,1812.120848742311,-1161.2781912639423,W23521
320772,321284,1812.120848742311,-1161.2781912639423,1487.7828964138257,-2617.106046454486,W23521
325783,326877,1487.7828964138257,-2617.106046454486,305.21918808728344,-65.4554808726659,W23521
332989,334017,305.21918808728344,-65.4554808726659,1487.7828964138257,-2617.106046454486,W23521
420913,421286,2387.4374655296765,-1532.0256046075506,2283.334914585575,-335.1253829365107,W23521
463109,463317,2283.334914585575,-335.1253829365107,1554.255559250921,-94.62101826821,W23521
463711,464382,1554.255559250921,-94.62101826821,435.06300640745945,-2350.107796669948,W23521
467571,468999,435.06300640745945,-2350.107796669948,1455.5224809928118,-2328.4562813133634,W23521
482814,482875,1455.5224809928118,-2328.4562813133634,1485.3831175752284,-2110.138983442487,W23521
495626,496415,1485.3831175752284,-2110.138983442487,-205.00537057100192,-1933.6083380225548,W23521
496434,498344,-205.00537057100192,-1933.6083380225548,-2833.000982424627,-57.55184287632349,W23521
583148,584081,-2833.000982424627,-57.55184287632349,-2301.331649052671,-1063.874201870104,W23521
597039,597928,-2301.331649052671,-1063.874201870104,-828.1189483765718,-1030.4785483633511,W23521
654523,654672,-1551.966391370401,2925.236609473427,-1774.6185104616818,3346.4671190349422,W23521
752303,755152,-1774.6185104616818,3346.4671190349422,-2308.148771781586,-4140.72707826278,W23521
1780912,1782769,-2308.148771781586,-4140.72707826278,-2053.4663687098687,-1523.9549883433065,W23521
1880543,1882355,-2053.4663687098687,-1523.9549883433065,-799.8820989751116,2230.607016540563,W23521
2384601,2388641,-4320.698607587493,4126.700903789897,-205.00537057100192,-1933.6083380225548,W23521
2404076,2405486,-205.00537057100192,-1933.6083380225548,1501.1850775340426,878.138708951707,W23521
2408412,2410398,1501.1850775340426,878.138708951707,-3553.1503144752514,5203.154135147305,W23521
2555628,2557236,-3553.1503144752514,5203.154135147305,-1001.6416887046756,1337.5515823548856,W23521
2562668,2564172,-1001.6416887046756,1337.5515823548856,597.7036244864972,2205.448957565165,W23521
2638428,2639080,597.7036244864972,2205.448957565165,-290.2205511174567,510.9534986484922,W23521
