started_at,ended_at,start_x,start_y,end_x,end_y,bike_id
322530,323860,-3499.0812210478525,986.6189234248992,-117.15367456973772,-2177.897543422312,W23564
375691,376605,-117.15367456973772,-2177.897543422312,-907.7828902857132,177.44223896388112,W23564
385945,387407,-907.7828902857132,177.44223896388112,-570.845296965312,382.6028703385173,W23564
395888,398425,-570.845296965312,382.6028703385173,-570.845296965312,382.6028703385173,W23564
473358,474355,-1917.467610232194,723.2385361039151,-1380.3033083701418,-858.2682951157151,W23564
490253,491190,-1380.3033083701418,-858.2682951157151,1157.659916597574,-143.71262892290716,W23564
493840,493979,1157.659916597574,-143.71262892290716,1111.6181164467437,379.2633049876047,W23564
496510,497297,1111.6181164467437,379.2633049876047,-1008.4935812659144,2284.707975219652,W23564
498835,499058,-1008.4935812659144,2284.707975219652,-491.8525682028344,1997.1891388458932,W23564
500402,500750,-491.8525682028344,1997.1891388458932,-1369.0198339983065,1373.3405910290935,W23564
509477,510851,-1369.0198339983065,1373.3405910290935,1230.0885275888672,-1242.652266974825,W23564
551070,551378,1230.0885275888672,-1242.652266974825,1108.854912819232,-2222.2581031636773,W23564
573369,574322,2438.2540112858683,-645.8719388147609,1706.091148736327,-1036.489765995152,W23564
575524,577639,1706.091148736327,-1036.489765995152,-2194.889224699188,1823.9592756756335,W23564
586741,588145,-2194.889224699188,1823.9592756756335,1572.4295790921033,412.8815961838383,W23564
598149,598498,1572.4295790921033,412.8815961838383,2852.2638477301693,103.74916355986063,W23564
651856,653115,2852.2638477301693,103.74916355986063,491.4143385422106,-2930.0207841319307,W23564
659864,661704,491.4143385422106,-2930.0207841319307,-2605.6813026458703,-1351.7447350956706,W23564
661798,664384,-2605.6813026458703,-1351.7447350956706,1108.854912819232,-2222.2581031636773,W23564
751351,751879,1108.854912819232,-2222.2581031636773,-454.372404106747,-1426.328361259987,W23564
757748,758728,-454.372404106747,-1426.328361259987,-1994.3215216154588,-3476.932805400522,W23564
