started_at,ended_at,start_x,start_y,end_x,end_y,bike_id
64855,65608,7559.18675780279,7158.803604484617,7559.18675780279,7158.803604484617,W23658
2314134,2316519,7559.18675780279,7158.803604484617,7559.18675780279,7158.803604484617,W23658
2572763,2574245,7559.18675780279,7158.803604484617,7559.18675780279,7158.803604484617,W23658
