started_at,ended_at,start_x,start_y,end_x,end_y,bike_id
202320,203912,2283.334914585575,-335.1253829365107,2283.334914585575,-335.1253829365107,W23667
204504,205619,2283.334914585575,-335.1253829365107,-834.2552317649786,900.5694562238467,W23667
209777,210320,-834.2552317649786,900.5694562238467,-3449.6932796672977,661.2339394276931,W23667
234304,234970,-3449.6932796672977,661.2339394276931,-1642.372485044098,1498.1290162986752,W23667
235274,235402,-1642.372485044098,1498.1290162986752,-1371.3067196627298,1590.7462953568122,W23667
236157,236940,-1371.3067196627298,1590.7462953568122,-910.6317190044888,-149.73790131117772,W23667
236963,238607,-910.6317190044888,-149.73790131117772,4767.203956803103,-206.5211142191135,W23667
1707130,1707897,4767.203956803103,-206.5211142191135,2124.537389012071,240.6713429362023,W23667
1708846,1710470,2124.537389012071,240.6713429362023,-897.9286217198713,-619.6006913895858,W23667
1710486,1711547,-897.9286217198713,-619.6006913895858,-1442.0390538905754,-3649.143058648157,W23667
1711861,1712817,-1442.0390538905754,-3649.143058648157,-2353.5626637230785,-3590.81198385707,W23667
1856376,1856875,-2353.5626637230785,-3590.81198385707,-2353.5626637230785,-3590.81198385707,W23667
1877239,1879580,-2353.5626637230785,-3590.81198385707,-2353.5626637230785,-3590.81198385707,W23667
