started_at,ended_at,start_x,start_y,end_x,end_y,bike_id
51631,55765,1111.6181164467437,379.2633049876047,1111.6181164467437,379.2633049876047,W23651
159640,159857,1111.6181164467437,379.2633049876047,1567.3781020660113,742.3616437789719,W23651
202692,202947,1567.3781020660113,742.3616437789719,657.2141925881731,382.9368268735295,W23651
214858,215114,657.2141925881731,382.9368268735295,949.0927421968316,1050.348962199343,W23651
221171,222964,949.0927421968316,1050.348962199343,-4214.829945059849,1013.5580839200984,W23651
378403,379023,753.3851724438222,2085.781199166297,-490.1426245460887,1831.862913672767,W23651
2490255,2490419,3430.750056568192,-741.7174643782791,2873.9839282869875,-707.4312601120213,W23651
2532578,2532704,2873.9839282869875,-707.4312601120213,2438.2540112858683,-645.8719388147609,W23651
2557275,2563909,2438.2540112858683,-645.8719388147609,2438.2540112858683,-645.8719388147609,W23651
2626021,2626342,2438.2540112858683,-645.8719388147609,1835.2706095118488,-1359.8153513599148,W23651
2642406,2643395,1835.2706095118488,-1359.8153513599148,-188.8673402319529,519.5250497148589,W23651
