started_at,ended_at,start_x,start_y,end_x,end_y,bike_id
162783,163582,-7361.294805824601,-1540.6528150970785,-4157.940962258967,-439.7094378350882,W23629
233331,234778,-4157.940962258967,-439.7094378350882,916.579749438608,1959.9909042924703,W23629
238812,239184,916.579749438608,1959.9909042924703,58.03491290342142,3015.6275116312195,W23629
290478,291191,58.03491290342142,3015.6275116312195,-768.1680092204891,650.9926056854747,W23629
328682,329135,-768.1680092204891,650.9926056854747,-799.8820989751116,2230.607016540563,W23629
