started_at,ended_at,start_x,start_y,end_x,end_y,bike_id
116631,117716,1569.9622930518342,2264.7819019612893,-1365.3326241855143,551.0282828562791,W23608
206636,207258,-808.1470002565214,3227.133317171877,-834.2552317649786,900.5694562238467,W23608
207545,207999,-834.2552317649786,900.5694562238467,-276.7184401763835,-211.0605301609056,W23608
237072,238666,-276.7184401763835,-211.0605301609056,-849.4621507211028,4972.076005532586,W23608
288925,290473,-849.4621507211028,4972.076005532586,-763.7714170882605,202.8229356287601,W23608
334202,334480,-763.7714170882605,202.8229356287601,332.92911989643176,582.1975594618963,W23608
365884,366233,332.92911989643176,582.1975594618963,-923.5103847186632,466.4259606400159,W23608
388544,389909,-923.5103847186632,466.4259606400159,-465.43463430746266,-1283.8432972756757,W23608
577301,585053,-465.43463430746266,-1283.8432972756757,-18.713083837096207,210.3926170908813,W23608
592684,593542,-18.713083837096207,210.3926170908813,-1022.594160382934,847.5816859929531,W23608
650679,651422,-1022.594160382934,847.5816859929531,-910.6317190044888,-149.73790131117772,W23608
740178,741045,-910.6317190044888,-149.73790131117772,435.06300640745945,-2350.107796669948,W23608
1165542,1167000,-5466.681243998265,7119.174095656583,-5466.681243998265,7119.174095656583,W23608
1179820,1180315,-5466.681243998265,7119.174095656583,-6971.834298522568,7478.622646231356,W23608
1188105,1190025,-6971.834298522568,7478.622646231356,-6971.834298522568,7478.622646231356,W23608
1265761,1266721,-6971.834298522568,7478.622646231356,-6117.454181194411,9135.381016685327,W23608
1355253,1355405,-6117.454181194411,9135.381016685327,-6455.428927789463,9272.080558371395,W23608
1434908,1437815,-6455.428927789463,9272.080558371395,-3874.94773152752,655.3724484528836,W23608
