started_at,ended_at,start_x,start_y,end_x,end_y,bike_id
1867361,1869472,-11637.434676036024,25124.99727787672,-11637.434676036024,25124.99727787672,W23642
1870503,1871819,-11637.434676036024,25124.99727787672,-11637.434676036024,25124.99727787672,W23642
2309787,2311034,-11637.434676036024,25124.99727787672,-11637.434676036024,25124.99727787672,W23642
2580837,2582093,-11637.434676036024,25124.99727787672,-11637.434676036024,25124.99727787672,W23642
