started_at,ended_at,start_x,start_y,end_x,end_y,bike_id
87847,89607,-843.6894071192287,220.42732905849545,3280.834815674903,631.4004889613337,W23612
319024,319814,3280.834815674903,631.4004889613337,1000.298381636028,1637.3888914201018,W23612
379358,379945,1000.298381636028,1637.3888914201018,422.87264992317904,94.06442404292608,W23612
725435,725634,1706.091148736327,-1036.489765995152,2438.2540112858683,-645.8719388147609,W23612
726261,726906,2438.2540112858683,-645.8719388147609,1244.6201406197797,1024.896740019206,W23612
731625,733528,1244.6201406197797,1024.896740019206,-246.9191299668783,106.75477237497007,W23612
760907,761238,-246.9191299668783,106.75477237497007,1002.1298273174614,77.58923497942598,W23612
762065,762801,1002.1298273174614,77.58923497942598,2447.178885471176,463.5171925950309,W23612
805527,805970,2447.178885471176,463.5171925950309,1002.1298273174614,77.58923497942598,W23612
810952,811670,1002.1298273174614,77.58923497942598,2625.1536130326635,-1776.9827230781227,W23612
817345,817697,2625.1536130326635,-1776.9827230781227,1835.2706095118488,-1359.8153513599148,W23612
818547,818915,1835.2706095118488,-1359.8153513599148,903.3176669575872,-2156.246028065728,W23612
835009,835479,903.3176669575872,-2156.246028065728,-82.14293697444242,-1351.7447350956706,W23612
839155,840266,-82.14293697444242,-1351.7447350956706,2447.178885471176,463.5171925950309,W23612
889174,889750,2447.178885471176,463.5171925950309,422.87264992317904,94.06442404292608,W23612
997333,998074,1120.6795998258754,2058.068864235805,-1713.5857184887172,1824.4045510561773,W23612
998421,998805,-1713.5857184887172,1824.4045510561773,-2646.5254975806206,1031.0908020110053,W23612
1006309,1007001,-2646.5254975806206,1031.0908020110053,-1713.5857184887172,1824.4045510561773,W23612
1023563,1024418,-1713.5857184887172,1824.4045510561773,98.47671969768471,1232.2751862723885,W23612
1091139,1091418,98.47671969768471,1232.2751862723885,-424.0757252336529,713.6651154317209,W23612
1092705,1093477,-424.0757252336529,713.6651154317209,-1592.754378936063,822.8132429757283,W23612
1102033,1103074,-1592.754378936063,822.8132429757283,753.3851724438222,2085.781199166297,W23612
1105129,1105738,753.3851724438222,2085.781199166297,1567.3781020660113,742.3616437789719,W23612
1266527,1267047,1567.3781020660113,742.3616437789719,-298.30049519174673,-188.1288480866431,W23612
1267818,1268745,-298.30049519174673,-188.1288480866431,-1351.952265455199,2402.817269788199,W23612
