started_at,ended_at,start_x,start_y,end_x,end_y,bike_id
118462,119155,-29463.674327127846,6385.337896686381,-28472.54264205245,6375.118935533218,W23737
132937,140504,-28472.54264205245,6375.118935533218,-28472.54264205245,6375.118935533218,W23737
240843,241200,-28472.54264205245,6375.118935533218,-29170.922366688512,6593.081234085429,W23737
924845,925285,-29170.922366688512,6593.081234085429,-27497.082439525377,5970.363615035204,W23737
925330,925789,-27497.082439525377,5970.363615035204,-29170.922366688512,6593.081234085429,W23737
925817,926210,-29170.922366688512,6593.081234085429,-29085.782278910887,6882.064955760774,W23737
