started_at,ended_at,start_x,start_y,end_x,end_y,bike_id
410406,410957,2466.033342862163,-3216.0014326701544,2285.373851356912,-1533.30577132602,W23700
414830,416310,2285.373851356912,-1533.30577132602,-219.1862779950825,754.4078127095321,W23700
461872,462748,-219.1862779950825,754.4078127095321,-2892.405826201766,-17.69969635880834,W23700
484686,485452,-2892.405826201766,-17.69969635880834,-570.845296965312,382.6028703385173,W23700
502726,503590,-570.845296965312,382.6028703385173,2049.325672781144,-9.239464137182011,W23700
566830,567151,2049.325672781144,-9.239464137182011,1002.1298273174614,77.58923497942598,W23700
567525,568391,1002.1298273174614,77.58923497942598,2167.9162261026786,-1152.7066401975758,W23700
894855,895615,2167.9162261026786,-1152.7066401975758,657.2141925881731,382.9368268735295,W23700
923142,923626,657.2141925881731,382.9368268735295,-828.8681814864412,-38.85027691326964,W23700
927969,928927,-828.8681814864412,-38.85027691326964,1260.3648729942292,461.861887993795,W23700
982439,983038,45.64780756438548,2377.6592108128007,-1369.0198339983065,1373.3405910290935,W23700
1166180,1166457,-1620.0792206913457,3013.067178195072,-2172.0118915123644,2509.7946798534413,W23700
1184065,1184491,-2172.0118915123644,2509.7946798534413,-1553.745244797235,1509.7618356025214,W23700
1253031,1254158,-1620.0792206913457,3013.067178195072,-985.2325967772824,233.88089338963675,W23700
1262932,1263854,-985.2325967772824,233.88089338963675,949.0927421968316,1050.348962199343,W23700
1264943,1266155,949.0927421968316,1050.348962199343,-1812.32704114666,-1830.5270875335093,W23700
1435790,1441600,-1812.32704114666,-1830.5270875335093,-1812.32704114666,-1830.5270875335093,W23700
1538901,1541802,-1812.32704114666,-1830.5270875335093,1002.1298273174614,77.58923497942598,W23700
1542548,1543297,1002.1298273174614,77.58923497942598,2571.547269369305,1244.656006184107,W23700
2575635,2576849,-2849.1118684293083,-636.9107717910118,-1380.3033083701418,-858.2682951157151,W23700
