started_at,ended_at,start_x,start_y,end_x,end_y,bike_id
923927,924887,-14871.259050514998,23096.99055927544,-12855.868324104102,24142.60847056224,W23747
1015420,1021124,-12855.868324104102,24142.60847056224,-12855.868324104102,24142.60847056224,W23747
1178964,1179442,-12855.868324104102,24142.60847056224,-13823.576135744892,23655.699842438586,W23747
1182079,1182560,-13823.576135744892,23655.699842438586,-12855.868324104102,24142.60847056224,W23747
1704662,1709451,-12855.868324104102,24142.60847056224,-12855.868324104102,24142.60847056224,W23747
1869406,1871137,-12855.868324104102,24142.60847056224,-12855.868324104102,24142.60847056224,W23747
2570269,2577195,-12855.868324104102,24142.60847056224,-12855.868324104102,24142.60847056224,W23747
