started_at,ended_at,start_x,start_y,end_x,end_y,bike_id
54993,55795,949.1557991213356,1050.348962199343,364.56800198026895,2132.201157540106,W23729
58182,58813,364.56800198026895,2132.201157540106,-794.9041712895468,2685.45581729673,W23729
73278,73387,-794.9041712895468,2685.45581729673,-814.6575640637428,2330.682658213708,W23729
73954,74173,-814.6575640637428,2330.682658213708,-1352.1577779900822,2402.817269788199,W23729
115997,116562,-1352.1577779900822,2402.817269788199,-2646.698106240912,1031.0908020110053,W23729
152407,152786,-2646.698106240912,1031.0908020110053,-1881.6873246556,2146.116013168249,W23729
195005,195120,-1881.6873246556,2146.116013168249,-2194.7092899865465,1670.339269546311,W23729
203592,203987,-1620.3880588270645,3013.067178195072,-2194.7092899865465,1670.339269546311,W23729
213113,213661,-2194.7092899865465,1670.339269546311,-494.0981199113877,2141.440621677288,W23729
