started_at,ended_at,start_x,start_y,end_x,end_y,bike_id
53027,53617,594.6698529972505,511.5972467311889,-1001.6416887046756,1337.5515823548856,W23784
64803,65057,-1001.6416887046756,1337.5515823548856,-479.0757048613133,668.9149397337637,W23784
118631,119585,-479.0757048613133,668.9149397337637,447.87071757646186,-1273.2682585705527,W23784
121284,122944,447.87071757646186,-1273.2682585705527,-2301.331649052671,-1063.874201870104,W23784
124655,125858,-2301.331649052671,-1063.874201870104,-2353.5626637230785,-3590.81198385707,W23784
287740,288815,-2353.5626637230785,-3590.81198385707,-1796.0298137374746,-613.3668360683042,W23784
567918,568053,-1796.0298137374746,-613.3668360683042,-1796.0298137374746,-613.3668360683042,W23784
1176096,1187012,-1796.0298137374746,-613.3668360683042,-1617.885904175311,-478.5597147475669,W23784
1768164,1774640,-1617.885904175311,-478.5597147475669,-1617.885904175311,-478.5597147475669,W23784
1871345,1872741,-1617.885904175311,-478.5597147475669,-1260.1040304636565,-2002.7373407811456,W23784
1874907,1875547,-1260.1040304636565,-2002.7373407811456,-1442.0390538905754,-3649.143058648157,W23784
2053477,2054956,-1442.0390538905754,-3649.143058648157,-3835.4008240059984,-139.92778819224205,W23784
2218577,2223918,-3835.4008240059984,-139.92778819224205,-3835.4008240059984,-139.92778819224205,W23784
2228483,2229819,-3835.4008240059984,-139.92778819224205,-290.2205511174567,510.9534986484922,W23784
