started_at,ended_at,start_x,start_y,end_x,end_y,bike_id
51900,52377,-814.5374629822909,2330.682658213708,-493.99848393693776,3187.837764878856,W23743
53218,54786,-493.99848393693776,3187.837764878856,422.87264992317904,94.06442404292608,W23743
60473,60884,422.87264992317904,94.06442404292608,1244.6201406197797,1024.896740019206,W23743
112201,113712,1244.6201406197797,1024.896740019206,-1380.3033083701418,-858.2682951157151,W23743
118831,120089,-1380.3033083701418,-858.2682951157151,-82.14293697444242,-1351.7447350956706,W23743
122107,124840,-82.14293697444242,-1351.7447350956706,-2480.55393373072,-171.54234017840264,W23743
239650,240186,-2480.55393373072,-171.54234017840264,-1890.7937293864395,645.4266634342174,W23743
248329,249913,-1890.7937293864395,645.4266634342174,1157.659916597574,-143.71262892290716,W23743
250448,251505,1157.659916597574,-143.71262892290716,1002.1298273174614,77.58923497942598,W23743
283781,284187,1002.1298273174614,77.58923497942598,-584.2071226972812,-157.18220917050687,W23743
296101,296590,-1881.431886693912,2146.116013168249,-929.3914426548988,1038.6048240499654,W23743
297577,297802,-929.3914426548988,1038.6048240499654,-1386.3722255965383,1072.7797094714829,W23743
304093,304866,-1386.3722255965383,1072.7797094714829,-1360.182448193738,3399.343570419514,W23743
409593,409997,-3821.501991331301,729.9176668049492,-2803.1298600936816,296.3567677708471,W23743
487578,487962,-2803.1298600936816,296.3567677708471,-2853.533219035006,-891.6639486224678,W23743
495626,496560,-2853.533219035006,-891.6639486224678,-1380.3033083701418,-858.2682951157151,W23743
564560,565535,-1380.3033083701418,-858.2682951157151,-298.30049519174673,-188.1288480866431,W23743
756554,757774,-246.9191299668783,106.75477237497007,-1713.5857184887172,1824.4045510561773,W23743
