started_at,ended_at,start_x,start_y,end_x,end_y,bike_id
55087,56904,1757.355947328441,-11244.31653561695,-1776.5905868826148,-10362.8939207367,W23732
61357,62273,-1776.5905868826148,-10362.8939207367,-3463.0718753649576,-8655.249839285298,W23732
234789,237065,-3463.0718753649576,-8655.249839285298,-1776.5905868826148,-10362.8939207367,W23732
321439,321896,-1776.5905868826148,-10362.8939207367,-3202.977652444904,-10104.41156259695,W23732
323778,324019,-3202.977652444904,-10104.41156259695,-3367.383192474405,-9473.122392480356,W23732
2274405,2276099,-3367.383192474405,-9473.122392480356,-2284.558322943482,-4606.930401212525,W23732
2475254,2486363,-2284.558322943482,-4606.930401212525,-2508.780706691274,2847.424736803729,W23732
2560686,2561220,-2508.780706691274,2847.424736803729,-1329.3469852904998,1973.9057599206133,W23732
