started_at,ended_at,start_x,start_y,end_x,end_y,bike_id
24427,25036,-1367.2120777705156,238.8902414156101,-500.12939426980034,1054.6347377329218,W23711
33322,33694,-500.12939426980034,1054.6347377329218,422.87264992317904,94.06442404292608,W23711
