started_at,ended_at,start_x,start_y,end_x,end_y,bike_id
54993,55795,949.0927421968316,1050.348962199343,364.51883299847503,2132.201157540106,W23729
58182,58813,364.51883299847503,2132.201157540106,-794.7691416991337,2685.45581729673,W23729
73278,73387,-794.7691416991337,2685.45581729673,-814.5374629822909,2330.682658213708,W23729
73954,74173,-814.5374629822909,2330.682658213708,-1351.952265455199,2402.817269788199,W23729
115997,116562,-1351.952265455199,2402.817269788199,-2646.5254975806206,1031.0908020110053,W23729
152407,152786,-2646.5254975806206,1031.0908020110053,-1881.431886693912,2146.116013168249,W23729
195005,195120,-1881.431886693912,2146.116013168249,-2194.4774136437,1670.339269546311,W23729
203592,203987,-1620.0792206913457,3013.067178195072,-2194.4774136437,1670.339269546311,W23729
213113,213661,-2194.4774136437,1670.339269546311,-494.03119251583706,2141.440621677288,W23729
