started_at,ended_at,start_x,start_y,end_x,end_y,bike_id
237871,238916,-1017.6238913195454,-1111.63304402804,-1553.745244797235,1509.7618356025214,W23708
243059,244254,-1553.745244797235,1509.7618356025214,-104.30822423996608,-1101.0580053229169,W23708
409048,410414,2466.033342862163,-3216.0014326701544,1682.9689672611153,1296.3079502741607,W23708
425404,426375,1682.9689672611153,1296.3079502741607,-814.5374629822909,2330.682658213708,W23708
462183,462818,-814.5374629822909,2330.682658213708,-188.8673402319529,519.5250497148589,W23708
467841,468040,-188.8673402319529,519.5250497148589,33.87216753763598,-102.3020185750716,W23708
468723,469559,33.87216753763598,-102.3020185750716,1706.091148736327,-1036.489765995152,W23708
474105,474659,1706.091148736327,-1036.489765995152,1271.019755402809,-1678.4655452337165,W23708
546123,546686,1271.019755402809,-1678.4655452337165,-757.2144788708657,-1761.398084774919,W23708
569323,571050,364.51883299847503,2132.201157540106,935.5683550562323,-2444.89579320685,W23708
808855,810589,1671.9960725413196,3476.9328053997306,-2811.4720009168905,-425.46062567272384,W23708
839157,840623,-2811.4720009168905,-425.46062567272384,1578.918836795151,-370.5804350772885,W23708
891906,892151,1578.918836795151,-370.5804350772885,1002.1298273174614,77.58923497942598,W23708
892180,892854,1002.1298273174614,77.58923497942598,-82.14293697444242,-1351.7447350956706,W23708
894426,894771,-82.14293697444242,-1351.7447350956706,-802.7521471361426,-996.414981787365,W23708
925908,926193,-802.7521471361426,-996.414981787365,-82.14293697444242,-1351.7447350956706,W23708
926568,927427,-82.14293697444242,-1351.7447350956706,-1031.196919700857,841.1251929813999,W23708
935295,935531,-1031.196919700857,841.1251929813999,-1917.467610232194,723.2385361039151,W23708
977528,978321,-2434.4542367719587,2130.308737174774,-985.2325967772824,233.88089338963675,W23708
1006920,1007849,-2354.6709182688887,2716.8477315926184,259.6198942404481,1818.615971114648,W23708
1010934,1011488,259.6198942404481,1818.615971114648,-1553.745244797235,1509.7618356025214,W23708
1018552,1018940,-1553.745244797235,1509.7618356025214,-1008.4935812659144,2284.707975219652,W23708
1103917,1105060,-1008.4935812659144,2284.707975219652,-3697.8467852525214,668.4251368154823,W23708
1164992,1165349,-1687.4808070499614,3322.088291974309,-1881.431886693912,2146.116013168249,W23708
1170162,1171439,-1881.431886693912,2146.116013168249,-757.2144788708657,-1761.398084774919,W23708
