started_at,ended_at,start_x,start_y,end_x,end_y,bike_id
1882572,1883120,-500.162758044702,1054.6347377329218,-2925.498184966575,1006.3223589937804,W23716
1896458,1897161,-2925.498184966575,1006.3223589937804,-500.162758044702,1054.6347377329218,W23716
1928805,1929290,-500.162758044702,1054.6347377329218,-1555.499352562064,542.4818752125246,W23716
