started_at,ended_at,start_x,start_y,end_x,end_y,bike_id
1850937,1851377,-2417.454784827981,1540.3188585612754,-929.4525001462196,1038.6048240499654,W23733
1860022,1860871,-929.4525001462196,1038.6048240499654,-2311.9300813208715,239.22419795062223,W23733
2306568,2307330,-1687.835498630181,3322.088291974309,-494.0981199113877,2141.440621677288,W23733
2312229,2313074,-494.0981199113877,2141.440621677288,2571.749731503465,1244.656006184107,W23733
2386623,2387966,2571.749731503465,1244.656006184107,2438.154417210546,-645.8719388147609,W23733
2392438,2393736,2438.154417210546,-645.8719388147609,2537.267931834781,831.4404534644652,W23733
