started_at,ended_at,start_x,start_y,end_x,end_y,bike_id
1706508,1712083,-17945.77523187974,-3085.4244274598345,-17945.77523187974,-3085.4244274598345,W23857
2478713,2482201,-17945.77523187974,-3085.4244274598345,-17945.77523187974,-3085.4244274598345,W23857
2573758,2575046,-17945.77523187974,-3085.4244274598345,-17945.77523187974,-3085.4244274598345,W23857
2626563,2628454,-17945.77523187974,-3085.4244274598345,-16872.969694480304,2964.086886385906,W23857
2637634,2639297,-16872.969694480304,2964.086886385906,-16872.969694480304,2964.086886385906,W23857
