started_at,ended_at,start_x,start_y,end_x,end_y,bike_id
44095,44383,-1333.1244526763924,2761.931863826379,-2089.6479554302955,2393.132530270474,W23844
114194,114903,-2089.6479554302955,2393.132530270474,-1475.6435123868507,638.6362138876518,W23844
