started_at,ended_at,start_x,start_y,end_x,end_y,bike_id
1437351,1444839,-7482.5509300084195,16830.296178793044,-7482.5509300084195,16830.296178793044,W23836
1693808,1699723,-7482.5509300084195,16830.296178793044,-1006.7790844925588,11114.407443476655,W23836
