started_at,ended_at,start_x,start_y,end_x,end_y,bike_id
1287972,1289141,-6118.350248799631,-1455.6052175002717,-7683.373491055542,-4618.730198785064,W23876
1808685,1819138,-7683.373491055542,-4618.730198785064,-1865.1073615998864,1368.1086053136396,W23876
2052906,2053013,-2508.780706691274,2847.424736803729,-2145.3251794658845,2826.719431629812,W23876
2657604,2659882,-2145.3251794658845,2826.719431629812,-2145.3251794658845,2826.719431629812,W23876
