started_at,ended_at,start_x,start_y,end_x,end_y,bike_id
1185439,1185959,-568.1726241532793,-1955.7830855160428,933.1862516873412,-1937.9287301948511,W23814
1241114,1241564,933.1862516873412,-1937.9287301948511,-757.2144788708657,-1761.398084774919,W23814
1265282,1265777,-757.2144788708657,-1761.398084774919,-493.3014109226975,113.54792354855924,W23814
1533480,1534173,-494.03119251583706,2141.440621677288,-912.0125818422052,1947.857150184919,W23814
1555225,1555523,-912.0125818422052,1947.857150184919,364.51883299847503,2132.201157540106,W23814
1588988,1589581,364.51883299847503,2132.201157540106,-929.3914426548988,1038.6048240499654,W23814
1683281,1683753,-929.3914426548988,1038.6048240499654,-2646.5254975806206,1031.0908020110053,W23814
1924507,1924907,-2646.5254975806206,1031.0908020110053,-1555.445981478385,542.4818752125246,W23814
2275356,2276996,666.9437976964771,1810.1557388930216,-2606.956075627768,-149.61252770917662,W23814
