started_at,ended_at,start_x,start_y,end_x,end_y,bike_id
2052906,2053013,-3060.847950466069,3019.634990051365,-2697.389185766176,2998.9296848774475,W23876
2657604,2659882,-2697.389185766176,2998.9296848774475,-2697.389185766176,2998.9296848774475,W23876
