started_at,ended_at,start_x,start_y,end_x,end_y,bike_id
927183,928352,2466.033342862163,-3216.0014326701544,1567.3781020660113,742.3616437789719,W23879
936933,937333,1567.3781020660113,742.3616437789719,380.2384601627839,455.8506703619942,W23879
1018120,1018790,380.2384601627839,455.8506703619942,1572.4295790921033,412.8815961838383,W23879
1061226,1061545,1572.4295790921033,412.8815961838383,657.2141925881731,382.9368268735295,W23879
1079768,1080371,657.2141925881731,382.9368268735295,949.0927421968316,1050.348962199343,W23879
1083727,1084209,949.0927421968316,1050.348962199343,1731.2087241706054,-162.91512968887474,W23879
1086270,1086666,1731.2087241706054,-162.91512968887474,1260.3648729942292,461.861887993795,W23879
1095805,1097270,1260.3648729942292,461.861887993795,-2849.1118684293083,-636.9107717910118,W23879
1168176,1168751,-2849.1118684293083,-636.9107717910118,-3697.8467852525214,668.4251368154823,W23879
1184209,1184400,-2089.6479554302955,2393.132530270474,-1557.3691014905978,2536.900818615751,W23879
1193257,1193508,-1557.3691014905978,2536.900818615751,-1687.4808070499614,3322.088291974309,W23879
1202016,1202780,-1687.4808070499614,3322.088291974309,-1713.5857184887172,1824.4045510561773,W23879
1537636,1538574,-2808.1861045329406,513.9591074636016,-1923.405460375761,1762.9565486044485,W23879
1538841,1539121,-1923.405460375761,1762.9565486044485,-2417.219257666417,1540.3188585612754,W23879
1846890,1847302,-2104.020490588656,3097.446862721063,-2417.219257666417,1540.3188585612754,W23879
1856813,1858481,-2417.219257666417,1540.3188585612754,-1450.099395056315,-447.3904381419498,W23879
1861158,1861537,-1450.099395056315,-447.3904381419498,-1380.3033083701418,-858.2682951157151,W23879
1868136,1869284,-1380.3033083701418,-858.2682951157151,1157.659916597574,-143.71262892290716,W23879
1869634,1875416,1157.659916597574,-143.71262892290716,949.0927421968316,1050.348962199343,W23879
1877121,1878230,949.0927421968316,1050.348962199343,-922.0093029382764,1354.416387375768,W23879
1951742,1952604,-922.0093029382764,1354.416387375768,666.9437976964771,1810.1557388930216,W23879
1952666,1953394,666.9437976964771,1810.1557388930216,1247.2477587830729,3103.680718042345,W23879
2009217,2010510,1247.2477587830729,3103.680718042345,903.3176669575872,-2156.246028065728,W23879
2224005,2224111,-1360.182448193738,3399.343570419514,-1375.3554708776364,3230.58420136674,W23879
