started_at,ended_at,start_x,start_y,end_x,end_y,bike_id
486307,487541,-2605.26842578739,-423.4568864618599,-1553.745244797235,1509.7618356025214,W23870
493730,494016,-1553.745244797235,1509.7618356025214,-1917.467610232194,723.2385361039151,W23870
498073,498427,-1917.467610232194,723.2385361039151,-3204.387511290492,842.0157437416958,W23870
578839,579086,-3204.387511290492,842.0157437416958,-3499.0812210478525,986.6189234248992,W23870
582038,585446,-3499.0812210478525,986.6189234248992,-842.3452252522125,683.1637518961281,W23870
601698,602397,-842.3452252522125,683.1637518961281,-543.4342390331508,1377.793344829783,W23870
646211,646841,-543.4342390331508,1377.793344829783,-1351.952265455199,2402.817269788199,W23870
653485,654907,-1351.952265455199,2402.817269788199,-2811.4720009168905,-425.46062567272384,W23870
660044,661619,-2811.4720009168905,-425.46062567272384,-1309.9813548408183,-194.6966599429369,W23870
721175,721720,1774.1270397604533,-450.0620904220471,33.87216753763598,-102.3020185750716,W23870
749302,750345,33.87216753763598,-102.3020185750716,1108.854912819232,-2222.2581031636773,W23870
809448,810478,-2172.0118915123644,2509.7946798534413,-2803.1298600936816,296.3567677708471,W23870
833109,833374,-2803.1298600936816,296.3567677708471,-2646.5254975806206,1031.0908020110053,W23870
837859,838031,-2646.5254975806206,1031.0908020110053,-2604.841974791065,587.31822633261,W23870
840047,841264,-2604.841974791065,587.31822633261,1017.9191426354972,2436.9921552089254,W23870
842166,842415,1017.9191426354972,2436.9921552089254,1247.2477587830729,3103.680718042345,W23870
886130,887342,1247.2477587830729,3103.680718042345,903.3176669575872,-2156.246028065728,W23870
904381,906054,903.3176669575872,-2156.246028065728,1572.4295790921033,412.8815961838383,W23870
911044,912319,1572.4295790921033,412.8815961838383,-2646.5254975806206,1031.0908020110053,W23870
