started_at,ended_at,start_x,start_y,end_x,end_y,bike_id
118952,119487,1002.1298273174614,77.58923497942598,-188.8673402319529,519.5250497148589,W23816
129740,131024,-188.8673402319529,519.5250497148589,-2925.311977241168,1006.3223589937804,W23816
135138,135737,-2925.311977241168,1006.3223589937804,-1553.745244797235,1509.7618356025214,W23816
151809,152206,-1553.745244797235,1509.7618356025214,-2434.4542367719587,2130.308737174774,W23816
197909,198457,-2434.4542367719587,2130.308737174774,-1369.0198339983065,1373.3405910290935,W23816
289231,289818,-1369.0198339983065,1373.3405910290935,42.554840611112105,683.8074999788248,W23816
289909,290255,42.554840611112105,683.8074999788248,-842.3452252522125,683.1637518961281,W23816
301562,301846,-842.3452252522125,683.1637518961281,42.554840611112105,683.8074999788248,W23816
307617,307915,42.554840611112105,683.8074999788248,-842.3452252522125,683.1637518961281,W23816
309586,309786,-842.3452252522125,683.1637518961281,-219.1862779950825,754.4078127095321,W23816
310218,311999,-219.1862779950825,754.4078127095321,-2849.1118684293083,-636.9107717910118,W23816
328348,329955,-2849.1118684293083,-636.9107717910118,1774.1270397604533,-450.0620904220471,W23816
377734,378359,1774.1270397604533,-450.0620904220471,912.5376302209072,-1263.1349344592616,W23816
403209,403410,912.5376302209072,-1263.1349344592616,903.3176669575872,-2156.246028065728,W23816
409406,410016,903.3176669575872,-2156.246028065728,1002.1298273174614,77.58923497942598,W23816
411516,411994,1002.1298273174614,77.58923497942598,2447.178885471176,463.5171925950309,W23816
464671,465927,2447.178885471176,463.5171925950309,-1450.099395056315,-447.3904381419498,W23816
490720,494304,-1450.099395056315,-447.3904381419498,-2892.405826201766,-17.69969635880834,W23816
496765,497189,-2892.405826201766,-17.69969635880834,-3034.094275550209,1150.702900985921,W23816
555834,556564,-3034.094275550209,1150.702900985921,-570.845296965312,382.6028703385173,W23816
557879,558797,-570.845296965312,382.6028703385173,-1553.745244797235,1509.7618356025214,W23816
558998,559381,-1553.745244797235,1509.7618356025214,-814.5374629822909,2330.682658213708,W23816
561290,561811,-814.5374629822909,2330.682658213708,-493.3014109226975,113.54792354855924,W23816
