started_at,ended_at,start_x,start_y,end_x,end_y,bike_id
2226873,2228744,-2905.2249660668067,3418.601730609433,-2905.2249660668067,3418.601730609433,W23843
