started_at,ended_at,start_x,start_y,end_x,end_y,bike_id
232151,233316,-1017.6238913195454,-1111.63304402804,-1620.0792206913457,3013.067178195072,W23926
235232,238360,-1620.0792206913457,3013.067178195072,-2172.0118915123644,2509.7946798534413,W23926
286890,287270,-2172.0118915123644,2509.7946798534413,-3034.094275550209,1150.702900985921,W23926
290086,290554,-3034.094275550209,1150.702900985921,-2469.43675410197,4.1187972648863145,W23926
309668,310930,-2469.43675410197,4.1187972648863145,-2469.43675410197,4.1187972648863145,W23926
314384,315241,-2469.43675410197,4.1187972648863145,-1462.7862234637655,22.472351936458256,W23926
319717,320343,-1462.7862234637655,22.472351936458256,-104.30822423996608,-1101.0580053229169,W23926
321092,322047,-104.30822423996608,-1101.0580053229169,-1574.715056457654,1019.791939240589,W23926
323043,323485,-1574.715056457654,1019.791939240589,-1557.3691014905978,2536.900818615751,W23926
336546,337323,-1557.3691014905978,2536.900818615751,-2803.1298600936816,296.3567677708471,W23926
337644,338400,-2803.1298600936816,296.3567677708471,-2089.6479554302955,2393.132530270474,W23926
372081,373197,-2089.6479554302955,2393.132530270474,-1812.32704114666,-1830.5270875335093,W23926
