started_at,ended_at,start_x,start_y,end_x,end_y,bike_id
36514,37378,357.95233295209937,1378.1273013647951,-104.30822423996608,-1101.0580053229169,W23948
149677,149937,-3060.847950466069,3019.634990051365,-2172.0118915123644,2509.7946798534413,W23948
194076,194721,-2172.0118915123644,2509.7946798534413,-1450.099395056315,-447.3904381419498,W23948
304823,305332,-1450.099395056315,-447.3904381419498,-1154.4178996069331,447.5017569858993,W23948
322743,323139,-1154.4178996069331,447.5017569858993,-570.845296965312,382.6028703385173,W23948
487309,494891,-2013.015909685712,225.7907524544684,-757.2144788708657,-1761.398084774919,W23948
569419,569693,364.51883299847503,2132.201157540106,357.95233295209937,1378.1273013647951,W23948
575417,575709,357.95233295209937,1378.1273013647951,364.51883299847503,2132.201157540106,W23948
581482,582338,364.51883299847503,2132.201157540106,-2018.959555819223,1083.449620274128,W23948
585633,586406,-2018.959555819223,1083.449620274128,-491.8525682028344,1997.1891388458932,W23948
652223,653439,259.6198942404481,1818.615971114648,-929.3914426548988,1038.6048240499654,W23948
654305,655237,-929.3914426548988,1038.6048240499654,-65.24421585664805,-642.142757506466,W23948
655267,656375,-65.24421585664805,-642.142757506466,491.4143385422106,-2930.0207841319307,W23948
