started_at,ended_at,start_x,start_y,end_x,end_y,bike_id
2072931,2073818,-4457.1915994264655,1647.9416224841314,-1371.3067196627298,1590.7462953568122,W23929
2296364,2299243,-1371.3067196627298,1590.7462953568122,-2330.4996228661403,-4975.451437656579,W23929
