started_at,ended_at,start_x,start_y,end_x,end_y,bike_id
1166118,1174883,1908.8005800872415,-2173.611767889524,-1462.7862234637655,22.472351936458256,W23958
1184606,1185467,-1462.7862234637655,22.472351936458256,-1051.840396051375,-834.0564463237743,W23958
1186443,1186721,-1051.840396051375,-834.0564463237743,-1450.099395056315,-447.3904381419498,W23958
1271193,1271934,357.95233295209937,1378.1273013647951,-2417.219257666417,1540.3188585612754,W23958
1276801,1277193,-2417.219257666417,1540.3188585612754,-1369.0198339983065,1373.3405910290935,W23958
1340880,1341271,-2172.0118915123644,2509.7946798534413,-3034.094275550209,1150.702900985921,W23958
