started_at,ended_at,start_x,start_y,end_x,end_y,bike_id
152174,153398,-2089.9643256671798,2393.132530270474,-4002.05809119474,833.4441926753292,W23950
198251,198438,-4002.05809119474,833.4441926753292,-3499.2995900004858,986.6189234248992,W23950
