started_at,ended_at,start_x,start_y,end_x,end_y,bike_id
374004,374711,-1892.5710485128725,-10969.692944948709,-3273.215818796542,-10246.574147019925,W23946
385892,386055,-3273.215818796542,-10246.574147019925,-3527.744172105371,-10590.095683425305,W23946
410620,410745,-3527.744172105371,-10590.095683425305,-3273.215818796542,-10246.574147019925,W23946
423358,423562,-3273.215818796542,-10246.574147019925,-3527.744172105371,-10590.095683425305,W23946
487807,488060,-3527.744172105371,-10590.095683425305,-2605.961251364673,-10259.367394867111,W23946
489996,490455,-2605.961251364673,-10259.367394867111,-2239.372414807615,-11095.92851520308,W23946
727860,728140,-2239.372414807615,-11095.92851520308,-2605.961251364673,-10259.367394867111,W23946
754833,755307,-2605.961251364673,-10259.367394867111,-2620.070575480832,-8557.970167559133,W23946
2484111,2487324,-2620.070575480832,-8557.970167559133,-2620.070575480832,-8557.970167559133,W23946
