started_at,ended_at,start_x,start_y,end_x,end_y,bike_id
104683,104787,3555.089812316532,-5737.373272405862,3037.459752497047,-5910.919351794339,W23936
401640,401984,3037.459752497047,-5910.919351794339,2537.880827642464,-6808.717984141977,W23936
854008,858128,2537.880827642464,-6808.717984141977,2537.880827642464,-6808.717984141977,W23936
