started_at,ended_at,start_x,start_y,end_x,end_y,bike_id
843627,844494,-13341.809444501216,22753.794560074683,-12388.824646850037,24707.77424673615,W23961
1026932,1027207,-12388.824646850037,24707.77424673615,-12855.868324104102,24142.60847056224,W23961
1811307,1812125,-12855.868324104102,24142.60847056224,-12855.868324104102,24142.60847056224,W23961
2571174,2572900,-12855.868324104102,24142.60847056224,-12855.868324104102,24142.60847056224,W23961
