started_at,ended_at,start_x,start_y,end_x,end_y,bike_id
2435404,2435767,1373.1173234348175,2539.6281303190094,1244.7008281127914,1024.896740019206,W23977
2461135,2461704,1244.7008281127914,1024.896740019206,2842.9256937190985,2153.017781559556,W23977
2562668,2563422,2842.9256937190985,2153.017781559556,2438.154417210546,-645.8719388147609,W23977
2623240,2624329,2438.154417210546,-645.8719388147609,-1309.9652241239778,-194.6966599429369,W23977
