started_at,ended_at,start_x,start_y,end_x,end_y,bike_id
58668,59441,572.5493392285961,7906.309648803634,-193.13798087540837,4896.915992493696,W23906
114025,115719,-193.13798087540837,4896.915992493696,305.21918808728344,-65.4554808726659,W23906
