started_at,ended_at,start_x,start_y,end_x,end_y,bike_id
843477,843977,2842.538526966029,2153.0177815595557,1940.3003044813283,982.611445003962,W23956
889321,889621,1940.3003044813283,982.611445003962,1244.6201406197797,1024.896740019206,W23956
891923,892355,1244.6201406197797,1024.896740019206,572.5803208358176,131.6901936600965,W23956
892467,892854,572.5803208358176,131.6901936600965,-65.24421585664805,-642.142757506466,W23956
923219,923800,-65.24421585664805,-642.142757506466,1002.1298273174614,77.58923497942598,W23956
924253,924428,1002.1298273174614,77.58923497942598,1572.4295790921033,412.8815961838383,W23956
934925,935338,1572.4295790921033,412.8815961838383,2500.732022251305,-159.2972672261112,W23956
983049,983554,2500.732022251305,-159.2972672261112,912.5376302209072,-1263.1349344592616,W23956
988960,989286,912.5376302209072,-1263.1349344592616,1271.019755402809,-1678.4655452337165,W23956
1023680,1024346,1271.019755402809,-1678.4655452337165,2873.9839282869875,-707.4312601120213,W23956
1059632,1059789,2873.9839282869875,-707.4312601120213,3430.750056568192,-741.7174643782791,W23956
1103500,1104882,3430.750056568192,-741.7174643782791,2852.98200490415,-995.5244310270688,W23956
1169994,1170222,2852.98200490415,-995.5244310270688,2285.373851356912,-1533.30577132602,W23956
1177741,1178402,2285.373851356912,-1533.30577132602,2175.7585113241184,414.1061034791464,W23956
1270102,1271778,2175.7585113241184,414.1061034791464,2175.7585113241184,414.1061034791464,W23956
2547107,2547599,-3204.387511290492,842.0157437416958,-2996.425218577444,611.3630968574403,W23956
2571243,2572080,-2996.425218577444,611.3630968574403,-101.53103449587984,1825.183782970942,W23956
