started_at,ended_at,start_x,start_y,end_x,end_y,bike_id
1166118,1174883,1908.5382328576377,-2173.611767889524,-1462.7883025379629,22.472351936458256,W23958
1184606,1185467,-1462.7883025379629,22.472351936458256,-1051.7849150501052,-834.0564463237743,W23958
1186443,1186721,-1051.7849150501052,-834.0564463237743,-1450.058364987162,-447.3904381419498,W23958
1271193,1271934,357.9835377213828,1378.1273013647951,-2417.454784827981,1540.3188585612754,W23958
1276801,1277193,-2417.454784827981,1540.3188585612754,-1369.1387647616386,1373.3405910290935,W23958
1340880,1341271,-2172.3567665832597,2509.7946798534413,-3034.3151206031275,1150.702900985921,W23958
