started_at,ended_at,start_x,start_y,end_x,end_y,bike_id
286820,287265,-188.8735464652516,519.5250497148589,-802.701563174357,-996.414981787365,W23980
369689,369968,-1923.6199654583029,1762.9565486044485,-2646.698106240912,1031.0908020110053,W23980
370878,371085,-2646.698106240912,1031.0908020110053,-2594.957575458331,495.12537678995767,W23980
384980,385350,-2594.957575458331,495.12537678995767,-2646.698106240912,1031.0908020110053,W23980
