started_at,ended_at,start_x,start_y,end_x,end_y,bike_id
286820,287265,-188.8673402319529,519.5250497148589,-802.7521471361426,-996.414981787365,W23980
369689,369968,-1923.405460375761,1762.9565486044485,-2646.5254975806206,1031.0908020110053,W23980
370878,371085,-2646.5254975806206,1031.0908020110053,-2594.876311980931,495.12537678995767,W23980
384980,385350,-2594.876311980931,495.12537678995767,-2646.5254975806206,1031.0908020110053,W23980
