started_at,ended_at,start_x,start_y,end_x,end_y,bike_id
35022,36525,-2853.533219035006,-891.6639486224678,-1462.7862234637655,22.472351936458256,W23972
124853,125425,-1462.7862234637655,22.472351936458256,-1386.3722255965383,1072.7797094714829,W23972
129284,129693,-1386.3722255965383,1072.7797094714829,-1555.445981478385,542.4818752125246,W23972
132490,133210,-1555.445981478385,542.4818752125246,-1592.754378936063,822.8132429757283,W23972
136661,138484,-1592.754378936063,822.8132429757283,-1592.754378936063,822.8132429757283,W23972
146830,147279,-1592.754378936063,822.8132429757283,-2194.889224699188,1823.9592756756335,W23972
207187,208255,1567.3781020660113,742.3616437789719,-117.15367456973772,-2177.897543422312,W23972
226791,227776,-117.15367456973772,-2177.897543422312,422.87264992317904,94.06442404292608,W23972
372668,373118,-1890.7937293864395,645.4266634342174,-2170.059593926037,-306.3494614999309,W23972
494578,495109,-2170.059593926037,-306.3494614999309,-1890.7937293864395,645.4266634342174,W23972
519141,519289,-1620.0792206913457,3013.067178195072,-1557.3691014905978,2536.900818615751,W23972
555190,555977,-1557.3691014905978,2536.900818615751,42.554840611112105,683.8074999788248,W23972
581330,582143,42.554840611112105,683.8074999788248,-1713.5857184887172,1824.4045510561773,W23972
583468,583758,-1713.5857184887172,1824.4045510561773,-2524.594292383785,1823.5140002958813,W23972
638230,638463,-2524.594292383785,1823.5140002958813,-2925.311977241168,1006.3223589937804,W23972
741120,741266,-1881.431886693912,2146.116013168249,-2194.4774136437,1670.339269546311,W23972
754878,755684,-2194.4774136437,1670.339269546311,357.95233295209937,1378.1273013647951,W23972
762092,762737,357.95233295209937,1378.1273013647951,-490.1426245460887,1831.862913672767,W23972
806370,807212,-490.1426245460887,1831.862913672767,-1475.6435123868507,638.6362138876518,W23972
833672,834277,-1475.6435123868507,638.6362138876518,-1881.431886693912,2146.116013168249,W23972
840804,841337,-1881.431886693912,2146.116013168249,-494.03119251583706,2141.440621677288,W23972
851753,851953,-494.03119251583706,2141.440621677288,45.64780756438548,2377.6592108128007,W23972
896698,897315,45.64780756438548,2377.6592108128007,-1031.196919700857,841.1251929813999,W23972
898253,898682,-1031.196919700857,841.1251929813999,-1890.7937293864395,645.4266634342174,W23972
