started_at,ended_at,start_x,start_y,end_x,end_y,bike_id
67774,67865,-2436.511929751477,15648.368341777552,-2436.511929751477,15648.368341777552,W24030
932335,932555,-2436.511929751477,15648.368341777552,-2615.0175673928293,16192.661834510429,W24030
973825,973937,-2615.0175673928293,16192.661834510429,-2436.511929751477,15648.368341777552,W24030
1018443,1018674,-2436.511929751477,15648.368341777552,-2615.0175673928293,16192.661834510429,W24030
1061288,1061442,-2615.0175673928293,16192.661834510429,-2436.511929751477,15648.368341777552,W24030
1105143,1105344,-2436.511929751477,15648.368341777552,-2615.0175673928293,16192.661834510429,W24030
1453891,1455314,-2615.0175673928293,16192.661834510429,-2353.2152550566,16176.854558516954,W24030
1702971,1708166,-2353.2152550566,16176.854558516954,-2353.2152550566,16176.854558516954,W24030
