started_at,ended_at,start_x,start_y,end_x,end_y,bike_id
478188,478525,-8472.347649860825,18282.005236717912,-9204.342017742489,18298.591744626152,W24052
720897,721246,-9204.342017742489,18298.591744626152,-8472.347649860825,18282.005236717912,W24052
