started_at,ended_at,start_x,start_y,end_x,end_y,bike_id
465980,466648,3193.6869502417144,171.98761555736422,949.0927421968316,1050.348962199343,W24004
470265,471081,949.0927421968316,1050.348962199343,-1713.5857184887172,1824.4045510561773,W24004
484324,485257,-1713.5857184887172,1824.4045510561773,-1462.7862234637655,22.472351936458256,W24004
488032,489690,-1462.7862234637655,22.472351936458256,-3821.501991331301,729.9176668049492,W24004
649321,650569,-1994.3215216154588,-3476.932805400522,-1994.3215216154588,-3476.932805400522,W24004
1014903,1015376,-1812.32704114666,-1830.5270875335093,-568.1726241532793,-1955.7830855160428,W24004
1015499,1016259,-568.1726241532793,-1955.7830855160428,1836.676275980947,-1899.4334526018283,W24004
1075615,1076725,1836.676275980947,-1899.4334526018283,223.52812242238716,-443.9395539462969,W24004
1077800,1084475,223.52812242238716,-443.9395539462969,-2892.405826201766,-17.69969635880834,W24004
1085714,1085896,-2892.405826201766,-17.69969635880834,-2808.1861045329406,513.9591074636016,W24004
1091297,1093703,-2808.1861045329406,513.9591074636016,1774.1270397604533,-450.0620904220471,W24004
1095376,1096083,1774.1270397604533,-450.0620904220471,1682.9689672611153,1296.3079502741607,W24004
1096602,1097017,1682.9689672611153,1296.3079502741607,949.0927421968316,1050.348962199343,W24004
1619223,1619500,-1917.467610232194,723.2385361039151,-1917.467610232194,723.2385361039151,W24004
1621688,1623108,-1917.467610232194,723.2385361039151,-1462.7862234637655,22.472351936458256,W24004
1623206,1624967,-1462.7862234637655,22.472351936458256,-1557.3691014905978,2536.900818615751,W24004
1696102,1707085,-1557.3691014905978,2536.900818615751,-1557.3691014905978,2536.900818615751,W24004
1707199,1708075,-1557.3691014905978,2536.900818615751,-2792.164519531742,1461.727753976022,W24004
1708368,1708921,-2792.164519531742,1461.727753976022,-1320.292999174232,823.2028589331105,W24004
1709540,1712408,-1320.292999174232,823.2028589331105,-2792.164519531742,1461.727753976022,W24004
2277419,2278711,-4214.829945059849,1013.5580839200984,-424.0757252336529,713.6651154317209,W24004
