started_at,ended_at,start_x,start_y,end_x,end_y,bike_id
894108,894412,-28624.383332806905,6932.269754866038,-27497.082439525377,5970.363615035204,W24049
1107954,1109636,-27497.082439525377,5970.363615035204,-29170.922366688512,6593.081234085429,W24049
1604745,1613704,-29170.922366688512,6593.081234085429,-29170.922366688512,6593.081234085429,W24049
1620710,1623906,-29170.922366688512,6593.081234085429,-29170.922366688512,6593.081234085429,W24049
1707505,1710827,-29170.922366688512,6593.081234085429,-29170.922366688512,6593.081234085429,W24049
1858480,1867206,-29170.922366688512,6593.081234085429,-29170.922366688512,6593.081234085429,W24049
2058464,2059126,-29170.922366688512,6593.081234085429,-29358.92050113176,7203.887736718377,W24049
