started_at,ended_at,start_x,start_y,end_x,end_y,bike_id
236605,236959,-3697.8467852525214,668.4251368154823,-2803.1298600936816,296.3567677708471,W24098
237801,239131,-2803.1298600936816,296.3567677708471,364.51883299847503,2132.201157540106,W24098
243178,243427,364.51883299847503,2132.201157540106,357.95233295209937,1378.1273013647951,W24098
289566,290517,357.95233295209937,1378.1273013647951,-2190.235672060508,980.0441292680304,W24098
312546,312867,-2190.235672060508,980.0441292680304,-1713.5857184887172,1824.4045510561773,W24098
338825,340112,-1713.5857184887172,1824.4045510561773,2625.1536130326635,-1776.9827230781227,W24098
365143,366263,2625.1536130326635,-1776.9827230781227,-1812.32704114666,-1830.5270875335093,W24098
