started_at,ended_at,start_x,start_y,end_x,end_y,bike_id
978839,979291,-1893.9180927095776,1322.3565600090635,-188.8673402319529,519.5250497148589,W24028
1707902,1709801,-1386.3722255965383,1072.7797094714829,-1891.2395552395976,-909.029688445473,W24028
1760590,1761551,-1891.2395552395976,-909.029688445473,-4214.829945059849,1013.5580839200984,W24028
2058820,2059574,-2808.1861045329406,513.9591074636016,-922.0093029382764,1354.416387375768,W24028
2277246,2278099,-922.0093029382764,1354.416387375768,-2808.1861045329406,513.9591074636016,W24028
2314687,2315323,-2808.1861045329406,513.9591074636016,-922.0093029382764,1354.416387375768,W24028
2570687,2573609,-919.4722224283496,3269.7684348142307,-919.4722224283496,3269.7684348142307,W24028
2650693,2651189,-919.4722224283496,3269.7684348142307,-1369.0198339983065,1373.3405910290935,W24028
