started_at,ended_at,start_x,start_y,end_x,end_y,bike_id
1706911,1710971,-1154.4178996069331,447.5017569858993,-1154.4178996069331,447.5017569858993,W24086
2029500,2030021,-1154.4178996069331,447.5017569858993,-2311.895100954131,239.22419795062223,W24086
2478750,2479235,-3204.387511290492,842.0157437416958,-1574.715056457654,1019.791939240589,W24086
