started_at,ended_at,start_x,start_y,end_x,end_y,bike_id
1179445,1185272,-29085.782278910887,6882.064955760774,-29170.922366688512,6593.081234085429,W24008
2135405,2135805,-29170.922366688512,6593.081234085429,-27497.082439525377,5970.363615035204,W24008
2459093,2462292,-27497.082439525377,5970.363615035204,-14503.535530257355,-293.659113166305,W24008
2480667,2485276,-14503.535530257355,-293.659113166305,-14503.535530257355,-293.659113166305,W24008
