started_at,ended_at,start_x,start_y,end_x,end_y,bike_id
1855412,1858125,-11781.43724431174,22024.54480633897,-11781.43724431174,22024.54480633897,W24020
