started_at,ended_at,start_x,start_y,end_x,end_y,bike_id
1683352,1688131,-28624.383332806905,6932.269754866038,-28624.383332806905,6932.269754866038,W24128
1859913,1862517,-28624.383332806905,6932.269754866038,-28698.558032788005,7391.334256289223,W24128
