started_at,ended_at,start_x,start_y,end_x,end_y,bike_id
818089,818378,-8899.284973609307,16800.240090637202,-7788.995750945807,16666.657476611777,W24111
845043,845341,-7788.995750945807,16666.657476611777,-7843.760145057529,16181.307312318431,W24111
1678310,1682956,-7843.760145057529,16181.307312318431,-15526.90393261427,23192.390809459204,W24111
1700431,1706391,-15526.90393261427,23192.390809459204,-15526.90393261427,23192.390809459204,W24111
2481550,2491601,-15526.90393261427,23192.390809459204,-15526.90393261427,23192.390809459204,W24111
