started_at,ended_at,start_x,start_y,end_x,end_y,bike_id
1780000,1780609,-1993.883130108986,3476.932805400522,-1812.1172615052687,1830.5270875335093,W24116
1780714,1781852,-1812.1172615052687,1830.5270875335093,-1812.1172615052687,1830.5270875335093,W24116
