started_at,ended_at,start_x,start_y,end_x,end_y,bike_id
413456,413770,-1352.1577779900822,2402.817269788199,-2172.35676658326,2509.7946798534413,W24123
418936,420327,-2172.35676658326,2509.7946798534413,1786.5523687045445,2718.294876578199,W24123
500735,501476,1786.5523687045445,2718.294876578199,1018.076079613778,2436.9921552089254,W24123
585457,585773,1018.076079613778,2436.9921552089254,-490.1994239689824,1831.862913672767,W24123
589914,590023,-490.1994239689824,1831.862913672767,-494.0981199113877,2141.440621677288,W24123
596024,596311,-494.0981199113877,2141.440621677288,-1369.1387647616386,1373.3405910290935,W24123
647320,647720,-1369.1387647616386,1373.3405910290935,-2248.688768655308,832.4674209813991,W24123
649483,650345,-2248.688768655308,832.4674209813991,-985.2471709658158,233.88089338963675,W24123
