started_at,ended_at,start_x,start_y,end_x,end_y,bike_id
755508,757351,-2209.2260893963385,15379.2550339382,-2209.2260893963385,15379.2550339382,W24149
1165099,1165689,-2209.2260893963385,15379.2550339382,-2442.887945172962,16643.603343807346,W24149
1165821,1168773,-2442.887945172962,16643.603343807346,-2442.887945172962,16643.603343807346,W24149
2112324,2113873,-2442.887945172962,16643.603343807346,-2353.2152550566,16176.854558516954,W24149
2296382,2302313,-2353.2152550566,16176.854558516954,-2353.2152550566,16176.854558516954,W24149
