started_at,ended_at,start_x,start_y,end_x,end_y,bike_id
2300872,2301816,-1620.0792206913457,3013.067178195072,-3499.0812210478525,986.6189234248992,W24190
2376232,2378311,1260.3648729942292,461.861887993795,-1994.3215216154588,-3476.932805400522,W24190
2389858,2393504,-1994.3215216154588,-3476.932805400522,-1994.3215216154588,-3476.932805400522,W24190
