started_at,ended_at,start_x,start_y,end_x,end_y,bike_id
51952,52787,-828.8681814864412,-38.85027691326964,1108.854912819232,-2222.2581031636773,W24127
199491,200374,2438.2540112858683,-645.8719388147609,-824.4664002727116,-360.1164636447984,W24127
218312,219294,-824.4664002727116,-360.1164636447984,1002.1298273174614,77.58923497942598,W24127
229085,229279,1002.1298273174614,77.58923497942598,1884.1796308376872,112.54335231649912,W24127
286517,286702,1884.1796308376872,112.54335231649912,1002.1298273174614,77.58923497942598,W24127
286988,288137,1002.1298273174614,77.58923497942598,-2811.4720009168905,-425.46062567272384,W24127
2473020,2477164,-1994.3215216154588,-3476.932805400522,-1994.3215216154588,-3476.932805400522,W24127
2478342,2481020,-1994.3215216154588,-3476.932805400522,-3499.0812210478525,986.6189234248992,W24127
2574435,2574863,-2811.4720009168905,-425.46062567272384,-3262.531070247399,360.3391013342791,W24127
