started_at,ended_at,start_x,start_y,end_x,end_y,bike_id
2648557,2650898,-5522.586174710388,-3933.117432297528,-2646.8223324131995,-4834.493105377716,W24143
2651598,2651793,-2646.8223324131995,-4834.493105377716,-2630.982028394743,-4323.512621788438,W24143
