started_at,ended_at,start_x,start_y,end_x,end_y,bike_id
413456,413770,-1351.952265455199,2402.817269788199,-2172.0118915123644,2509.7946798534413,W24123
418936,420327,-2172.0118915123644,2509.7946798534413,1786.245177219664,2718.294876578199,W24123
500735,501476,1786.245177219664,2718.294876578199,1017.9191426354972,2436.9921552089254,W24123
585457,585773,1017.9191426354972,2436.9921552089254,-490.1426245460887,1831.862913672767,W24123
589914,590023,-490.1426245460887,1831.862913672767,-494.03119251583706,2141.440621677288,W24123
596024,596311,-494.03119251583706,2141.440621677288,-1369.0198339983065,1373.3405910290935,W24123
647320,647720,-1369.0198339983065,1373.3405910290935,-2248.5703681191844,832.4674209813991,W24123
649483,650345,-2248.5703681191844,832.4674209813991,-985.2325967772824,233.88089338963675,W24123
