started_at,ended_at,start_x,start_y,end_x,end_y,bike_id
238086,238468,1221.5108251699423,-2365.859413241053,-117.15367456973772,-2177.897543422312,W24101
282510,282859,-117.15367456973772,-2177.897543422312,1108.854912819232,-2222.2581031636773,W24101
304396,308276,1108.854912819232,-2222.2581031636773,1108.854912819232,-2222.2581031636773,W24101
313897,314158,1108.854912819232,-2222.2581031636773,912.5376302209072,-1263.1349344592616,W24101
319987,320241,912.5376302209072,-1263.1349344592616,1271.019755402809,-1678.4655452337165,W24101
376291,376661,1271.019755402809,-1678.4655452337165,935.5683550562323,-2444.89579320685,W24101
452841,453128,1908.8005800872415,-2173.611767889524,903.3176669575872,-2156.246028065728,W24101
487718,489240,1120.6795998258754,2058.068864235805,-1923.405460375761,1762.9565486044485,W24101
561359,561963,-3060.847950466069,3019.634990051365,-2451.030497734943,814.965264401756,W24101
580145,580526,-2451.030497734943,814.965264401756,-2803.1298600936816,296.3567677708471,W24101
649782,650580,-2803.1298600936816,296.3567677708471,-1557.3691014905978,2536.900818615751,W24101
652242,655027,-1557.3691014905978,2536.900818615751,-802.7521471361426,-996.414981787365,W24101
756184,756314,-802.7521471361426,-996.414981787365,-802.7521471361426,-996.414981787365,W24101
840674,842324,-802.7521471361426,-996.414981787365,-2853.533219035006,-891.6639486224678,W24101
904950,906494,-2853.533219035006,-891.6639486224678,-1812.32704114666,-1830.5270875335093,W24101
