started_at,ended_at,start_x,start_y,end_x,end_y,bike_id
2473646,2474032,-1620.0792206913457,3013.067178195072,-3060.847950466069,3019.634990051365,W24168
2474502,2474981,-3060.847950466069,3019.634990051365,-1620.0792206913457,3013.067178195072,W24168
2480159,2480380,-1620.0792206913457,3013.067178195072,-1881.431886693912,2146.116013168249,W24168
2481775,2481933,-1881.431886693912,2146.116013168249,-2194.889224699188,1823.9592756756335,W24168
2482603,2483034,-2194.889224699188,1823.9592756756335,-3499.0812210478525,986.6189234248992,W24168
2485284,2485951,-3499.0812210478525,986.6189234248992,-1881.431886693912,2146.116013168249,W24168
2532036,2532161,-1881.431886693912,2146.116013168249,-2194.889224699188,1823.9592756756335,W24168
2568864,2569034,-2194.889224699188,1823.9592756756335,-1881.431886693912,2146.116013168249,W24168
2618152,2618273,-1881.431886693912,2146.116013168249,-2194.889224699188,1823.9592756756335,W24168
