started_at,ended_at,start_x,start_y,end_x,end_y,bike_id
323700,324550,-27497.082439525377,5970.363615035204,-27528.908545298797,8081.970786247714,W24223
570409,571933,-27528.908545298797,8081.970786247714,-27528.908545298797,8081.970786247714,W24223
1613997,1615753,-27528.908545298797,8081.970786247714,-27528.908545298797,8081.970786247714,W24223
2478669,2481597,-27528.908545298797,8081.970786247714,-27528.908545298797,8081.970786247714,W24223
2485287,2491962,-27528.908545298797,8081.970786247714,-27528.908545298797,8081.970786247714,W24223
