started_at,ended_at,start_x,start_y,end_x,end_y,bike_id
1243609,1244051,7095.585354105516,-2402.569821827859,7419.901313215855,-876.6359045437569,W24292
2304422,2304907,7419.901313215855,-876.6359045437569,6488.848961489871,-424.12479953188415,W24292
