started_at,ended_at,start_x,start_y,end_x,end_y,bike_id
1269323,1270554,-13060.18523441288,-1377.6820259858337,-13060.18523441288,-1377.6820259858337,W24257
2475290,2478715,-13060.18523441288,-1377.6820259858337,-13476.87528467373,-2013.7579064381289,W24257
2559127,2559638,-13476.87528467373,-2013.7579064381289,-11571.843862945265,-1390.2766539863078,W24257
2559731,2560620,-11571.843862945265,-1390.2766539863078,-7683.373491055542,-4618.730198785064,W24257
2560790,2562090,-7683.373491055542,-4618.730198785064,-11571.843862945265,-1390.2766539863078,W24257
2562411,2562976,-11571.843862945265,-1390.2766539863078,-13476.87528467373,-2013.7579064381289,W24257
