started_at,ended_at,start_x,start_y,end_x,end_y,bike_id
263074,266623,-1877.7008616093417,14201.735213701751,-1877.7008616093417,14201.735213701751,W24294
1179820,1181147,-1877.7008616093417,14201.735213701751,-1877.7008616093417,14201.735213701751,W24294
1438011,1440318,-1877.7008616093417,14201.735213701751,-1877.7008616093417,14201.735213701751,W24294
1592135,1593133,-1877.7008616093417,14201.735213701751,-1877.7008616093417,14201.735213701751,W24294
1776120,1779050,-1877.7008616093417,14201.735213701751,-1877.7008616093417,14201.735213701751,W24294
2220497,2225558,-1877.7008616093417,14201.735213701751,-1877.7008616093417,14201.735213701751,W24294
2388092,2394515,-1877.7008616093417,14201.735213701751,-1877.7008616093417,14201.735213701751,W24294
