started_at,ended_at,start_x,start_y,end_x,end_y,bike_id
452786,454076,2167.9162261026786,-1152.7066401975758,-2170.059593926037,-306.3494614999309,W24238
498222,499892,-2170.059593926037,-306.3494614999309,1908.8005800872415,-2173.611767889524,W24238
718833,719841,1774.1270397604533,-450.0620904220471,-985.2325967772824,233.88089338963675,W24238
804746,805629,1774.1270397604533,-450.0620904220471,-497.6852901437867,-1112.8544936800606,W24238
805787,806149,-497.6852901437867,-1112.8544936800606,-1309.9813548408183,-194.6966599429369,W24238
821908,822533,-1309.9813548408183,-194.6966599429369,-1553.745244797235,1509.7618356025214,W24238
822623,823239,-1553.745244797235,1509.7618356025214,-1309.9813548408183,-194.6966599429369,W24238
895973,896317,666.9437976964771,1810.1557388930216,-490.1426245460887,1831.862913672767,W24238
924406,924806,-490.1426245460887,1831.862913672767,364.51883299847503,2132.201157540106,W24238
987664,987955,-2194.4774136437,1670.339269546311,-1557.3691014905978,2536.900818615751,W24238
993103,993596,-1557.3691014905978,2536.900818615751,-2190.235672060508,980.0441292680304,W24238
1013059,1014478,-2190.235672060508,980.0441292680304,1578.918836795151,-370.5804350772885,W24238
1167783,1169051,1578.918836795151,-370.5804350772885,-802.7521471361426,-996.414981787365,W24238
1171748,1173235,-802.7521471361426,-996.414981787365,-2853.533219035006,-891.6639486224678,W24238
1173942,1175192,-2853.533219035006,-891.6639486224678,-1812.32704114666,-1830.5270875335093,W24238
1188336,1190801,-2605.6813026458703,-1351.7447350956706,-2605.6813026458703,-1351.7447350956706,W24238
1598931,1600227,-2605.6813026458703,-1351.7447350956706,-3060.847950466069,3019.634990051365,W24238
1621346,1623043,-3060.847950466069,3019.634990051365,949.0927421968316,1050.348962199343,W24238
1876240,1876820,949.0927421968316,1050.348962199343,-929.3914426548988,1038.6048240499654,W24238
1917853,1918359,-929.3914426548988,1038.6048240499654,-2996.425218577444,611.3630968574403,W24238
