started_at,ended_at,start_x,start_y,end_x,end_y,bike_id
480336,481373,9503.009106415771,-1033.7067948695233,9470.299807332609,-668.4696643540112,W24291
