started_at,ended_at,start_x,start_y,end_x,end_y,bike_id
51806,52551,-3566.081324537392,-6054.409343026973,-3091.94864792549,-7999.3722032415235,W24232
54017,55367,-3091.94864792549,-7999.3722032415235,-3202.73803418056,-7206.00279477319,W24232
68537,69022,-3202.73803418056,-7206.00279477319,-2368.67656933742,-6145.913433634542,W24232
692279,693171,-2368.67656933742,-6145.913433634542,-3501.469604136133,-4292.009388647019,W24232
723214,724687,-3501.469604136133,-4292.009388647019,-1638.1066826638655,807.8338760203944,W24232
744154,745053,-1638.1066826638655,807.8338760203944,-367.4370509722781,3097.5581815665946,W24232
745710,747156,-367.4370509722781,3097.5581815665946,1464.7111583213482,-1435.3451877068974,W24232
763379,763558,1464.7111583213482,-1435.3451877068974,1823.2038828180252,-1850.6757984813523,W24232
803270,804424,1823.2038828180252,-1850.6757984813523,-1759.7389167323108,67.0139447029863,W24232
834416,835007,-1759.7389167323108,67.0139447029863,-18.713083837096207,210.3926170908813,W24232
838098,838917,-18.713083837096207,210.3926170908813,-1161.491409832351,1652.194297808541,W24232
891224,891470,-1161.491409832351,1652.194297808541,-1022.594160382934,847.5816859929531,W24232
892093,892289,-1022.594160382934,847.5816859929531,-1338.6563166249937,473.21641018658136,W24232
925316,925961,-1338.6563166249937,473.21641018658136,-3662.680070837771,841.3478306724625,W24232
929863,930838,-3662.680070837771,841.3478306724625,-7077.5192703903,-150.7257161589535,W24232
1080696,1082564,-7077.5192703903,-150.7257161589535,-7077.5192703903,-150.7257161589535,W24232
2044611,2045600,-7077.5192703903,-150.7257161589535,-7494.451105082283,-1689.931386270452,W24232
2045680,2046917,-7494.451105082283,-1689.931386270452,-7077.5192703903,-150.7257161589535,W24232
2221147,2222097,-7077.5192703903,-150.7257161589535,-6955.684337452492,-1672.2316899124346,W24232
2224894,2226095,-6955.684337452492,-1672.2316899124346,-4457.1915994264655,1647.9416224841314,W24232
2316432,2317784,-4457.1915994264655,1647.9416224841314,-747.4932564629371,3672.408697257432,W24232
2330345,2331129,-747.4932564629371,3672.408697257432,-2353.98720139412,2869.0205927379434,W24232
2451810,2452799,-2353.98720139412,2869.0205927379434,-1865.1073615998864,1368.1086053136396,W24232
2457402,2458293,-1865.1073615998864,1368.1086053136396,-4225.972107402708,1105.3961310626798,W24232
