started_at,ended_at,start_x,start_y,end_x,end_y,bike_id
1782304,1785950,1671.9960725413196,3476.9328053997306,3861.339855126864,1821.955536465561,W24233
1786263,1789570,3861.339855126864,1821.955536465561,3861.339855126864,1821.955536465561,W24233
1791399,1792927,3861.339855126864,1821.955536465561,98.47671969768471,1232.2751862723885,W24233
1850653,1851930,98.47671969768471,1232.2751862723885,-1812.32704114666,-1830.5270875335093,W24233
1851980,1853911,-1812.32704114666,-1830.5270875335093,-1189.9480965767848,-1984.8150067328563,W24233
1854074,1854602,-1189.9480965767848,-1984.8150067328563,-1380.3033083701418,-858.2682951157151,W24233
1864281,1865405,-1380.3033083701418,-858.2682951157151,2438.2540112858683,-645.8719388147609,W24233
1866305,1871154,2438.2540112858683,-645.8719388147609,2438.2540112858683,-645.8719388147609,W24233
2009518,2009799,2438.2540112858683,-645.8719388147609,1835.2706095118488,-1359.8153513599148,W24233
2016932,2018829,1835.2706095118488,-1359.8153513599148,2438.2540112858683,-645.8719388147609,W24233
2029294,2029612,2438.2540112858683,-645.8719388147609,1835.2706095118488,-1359.8153513599148,W24233
2035084,2035888,1835.2706095118488,-1359.8153513599148,-188.8673402319529,519.5250497148589,W24233
2288554,2289203,-188.8673402319529,519.5250497148589,-1881.431886693912,2146.116013168249,W24233
2294229,2295087,-1881.431886693912,2146.116013168249,104.65262178054566,350.0977675920606,W24233
2305656,2306497,104.65262178054566,350.0977675920606,-568.1726241532793,-1955.7830855160428,W24233
2306544,2307944,-568.1726241532793,-1955.7830855160428,-584.2071226972812,-157.18220917050687,W24233
2307968,2308539,-584.2071226972812,-157.18220917050687,104.65262178054566,350.0977675920606,W24233
