started_at,ended_at,start_x,start_y,end_x,end_y,bike_id
2479744,2480030,-2104.4328194970344,-3097.446862721063,-2259.8608310676686,-2967.983045961312,W24314
2536242,2536769,-1386.4663022827554,-1072.7797094714829,-1051.7849150501052,834.0564463237743,W24314
2570048,2570783,-1051.7849150501052,834.0564463237743,-3262.605427452305,-360.3391013342791,W24314
2626253,2626503,-3262.605427452305,-360.3391013342791,-2646.698106240912,-1031.0908020110053,W24314
2652440,2652674,-2646.698106240912,-1031.0908020110053,-3385.1977554195914,-114.65841037131248,W24314
2653038,2653273,-3385.1977554195914,-114.65841037131248,-3204.558176754409,-842.0157437416958,W24314
2654677,2654859,-3204.558176754409,-842.0157437416958,-2646.698106240912,-1031.0908020110053,W24314
2655587,2656118,-2646.698106240912,-1031.0908020110053,-2646.698106240912,-1031.0908020110053,W24314
