started_at,ended_at,start_x,start_y,end_x,end_y,bike_id
1787414,1789484,4215.109312018323,-34.31086097147756,491.4143385422106,-2930.0207841319307,W24315
1789512,1790652,491.4143385422106,-2930.0207841319307,351.2753779368917,-2232.165480370884,W24315
1790682,1791032,351.2753779368917,-2232.165480370884,1108.854912819232,-2222.2581031636773,W24315
1791104,1792700,1108.854912819232,-2222.2581031636773,1835.2706095118488,-1359.8153513599148,W24315
1792726,1793342,1835.2706095118488,-1359.8153513599148,2438.2540112858683,-645.8719388147609,W24315
1793369,1793647,2438.2540112858683,-645.8719388147609,2852.2638477301693,103.74916355986063,W24315
