started_at,ended_at,start_x,start_y,end_x,end_y,bike_id
1583796,1584322,3754.99291463305,3909.517837153241,2596.793129117454,3863.209197624172,W24648
1611596,1613078,2596.793129117454,3863.209197624172,2338.270128845633,2546.0846233305638,W24648
1613951,1615928,2338.270128845633,2546.0846233305638,2338.270128845633,2546.0846233305638,W24648
1618943,1625330,2338.270128845633,2546.0846233305638,2338.270128845633,2546.0846233305638,W24648
1670937,1671648,2338.270128845633,2546.0846233305638,1209.3330173771565,210.72657362589345,W24648
1687017,1687520,1209.3330173771565,210.72657362589345,2990.389368117216,-818.0821920623969,W24648
1787304,1787603,2990.389368117216,-818.0821920623969,3745.785514584079,-0.2226376902717624,W24648
1875176,1876840,3745.785514584079,-0.2226376902717624,-262.4706326389354,2158.472404966072,W24648
1876854,1877596,-262.4706326389354,2158.472404966072,-2508.780706691274,2847.424736803729,W24648
1940477,1941204,-2508.780706691274,2847.424736803729,-747.4932564629371,3672.408697257432,W24648
2019833,2020299,-747.4932564629371,3672.408697257432,901.9420715355648,3443.4258330482376,W24648
2046893,2047929,901.9420715355648,3443.4258330482376,253.84868026828832,-360.3391013342791,W24648
2280069,2280962,253.84868026828832,-360.3391013342791,1501.1850775340426,878.138708951707,W24648
2283318,2284169,1501.1850775340426,878.138708951707,-32.05591394711978,-329.3924624181428,W24648
2316338,2317965,-32.05591394711978,-329.3924624181428,-799.8820989751116,2230.607016540563,W24648
2330442,2330882,-799.8820989751116,2230.607016540563,-1158.9332723089417,3460.1236598020096,W24648
2338427,2338835,-1158.9332723089417,3460.1236598020096,-1001.6416887046756,1337.5515823548856,W24648
2389859,2390137,-1135.4390937110154,3149.8780387266734,-799.8820989751116,2230.607016540563,W24648
2479121,2480941,-4320.698607587493,4126.700903789897,-602.2815962612653,275.29150373826326,W24648
2549311,2549508,-262.4706326389354,2158.472404966072,-359.9313181814267,1775.6468969372831,W24648
2555544,2555671,-359.9313181814267,1775.6468969372831,-262.4706326389354,2158.472404966072,W24648
2556512,2557137,-262.4706326389354,2158.472404966072,-1972.4911166466836,1651.3037470482452,W24648
2560997,2561759,-1972.4911166466836,1651.3037470482452,-897.9286217198713,-619.6006913895858,W24648
2562270,2563250,-897.9286217198713,-619.6006913895858,-1619.9365259724264,2337.5844266058048,W24648
