started_at,ended_at,start_x,start_y,end_x,end_y,bike_id
54580,55266,-1881.431886693912,2146.116013168249,259.6198942404481,1818.615971114648,W24639
113450,113929,259.6198942404481,1818.615971114648,1682.9689672611153,1296.3079502741607,W24639
124385,125053,1682.9689672611153,1296.3079502741607,572.5803208358176,131.6901936600965,W24639
146974,147383,572.5803208358176,131.6901936600965,1572.4295790921033,412.8815961838383,W24639
207158,207554,1572.4295790921033,412.8815961838383,572.5803208358176,131.6901936600965,W24639
208408,208873,572.5803208358176,131.6901936600965,-570.845296965312,382.6028703385173,W24639
805941,806280,3941.095644803859,-2583.2651175679807,2625.1536130326635,-1776.9827230781227,W24639
806733,807400,2625.1536130326635,-1776.9827230781227,1002.1298273174614,77.58923497942598,W24639
810168,811385,1002.1298273174614,77.58923497942598,-2169.5321645165045,380.3764934373816,W24639
841040,842008,-2169.5321645165045,380.3764934373816,-117.15367456973772,-2177.897543422312,W24639
843611,844046,-117.15367456973772,-2177.897543422312,-104.30822423996608,-1101.0580053229169,W24639
844225,844844,-104.30822423996608,-1101.0580053229169,-1051.840396051375,-834.0564463237743,W24639
852493,856806,-1051.840396051375,-834.0564463237743,-1051.840396051375,-834.0564463237743,W24639
900821,906938,-1051.840396051375,-834.0564463237743,-1380.3033083701418,-858.2682951157151,W24639
909228,909898,-1380.3033083701418,-858.2682951157151,-65.24421585664805,-642.142757506466,W24639
914396,916123,-65.24421585664805,-642.142757506466,-1380.3033083701418,-858.2682951157151,W24639
924460,926618,-1380.3033083701418,-858.2682951157151,-2853.533219035006,-891.6639486224678,W24639
929533,932941,-2853.533219035006,-891.6639486224678,1259.9606745071096,-989.0679380163066,W24639
977649,978301,1259.9606745071096,-989.0679380163066,-1017.6238913195454,-1111.63304402804,W24639
998644,1000537,-1017.6238913195454,-1111.63304402804,1372.896741032668,2539.6281303190094,W24639
