started_at,ended_at,start_x,start_y,end_x,end_y,bike_id
148077,148423,912.4647384180472,1263.1349344592616,1229.9918635043607,1242.652266974825,W24658
150036,150427,1229.9918635043607,1242.652266974825,1221.3280947444182,2365.859413241053,W24658
151543,152264,1221.3280947444182,2365.859413241053,1260.4016918558598,-461.861887993795,W24658
204795,205628,1260.4016918558598,-461.861887993795,-1460.4567918220644,-308.2610377861307,W24658
309946,313171,-2853.3723100320794,891.6639486224678,-1450.058364987162,447.3904381419498,W24658
317977,320188,-1450.058364987162,447.3904381419498,-1891.130832604516,909.029688445473,W24658
320525,324652,-1891.130832604516,909.029688445473,-1812.1172615052687,1830.5270875335093,W24658
382286,385481,-1812.1172615052687,1830.5270875335093,-2848.997106809029,636.9107717910118,W24658
