started_at,ended_at,start_x,start_y,end_x,end_y,bike_id
1614276,1614854,1567.451699871145,-742.3616437789719,1120.8255084078955,-2058.068864235805,W24680
1615529,1616032,1120.8255084078955,-2058.068864235805,1567.451699871145,-742.3616437789719,W24680
1689015,1689681,1567.451699871145,-742.3616437789719,2500.7068276638083,159.2972672261112,W24680
1971220,1971410,2500.7068276638083,159.2972672261112,2447.250630792388,-463.5171925950309,W24680
1972145,1972393,2447.250630792388,-463.5171925950309,2500.7068276638083,159.2972672261112,W24680
