started_at,ended_at,start_x,start_y,end_x,end_y,bike_id
150344,151091,-1367.232735634131,-238.8902414156101,-2450.377106119949,-1407.2928387603392,W24637
154680,154938,-2450.377106119949,-1407.2928387603392,-3204.558176754409,-842.0157437416958,W24637
199898,200755,-3204.558176754409,-842.0157437416958,-1031.2517830869351,-841.1251929813999,W24637
245001,245827,-1031.2517830869351,-841.1251929813999,-3034.3151206031275,-1150.702900985921,W24637
