started_at,ended_at,start_x,start_y,end_x,end_y,bike_id
1705324,1705831,9503.009106415771,-1033.7067948695233,8400.490940985737,-44.86149454348852,W24737
2552455,2555810,8400.490940985737,-44.86149454348852,3420.1038757394454,-2722.85894922442,W24737
2563306,2564609,3420.1038757394454,-2722.85894922442,2990.389368117216,-818.0821920623969,W24737
2565529,2565734,2990.389368117216,-818.0821920623969,2258.2481205983354,-1208.700019242788,W24737
2627784,2628334,2258.2481205983354,-1208.700019242788,2124.537389012071,240.6713429362023,W24737
2628545,2629931,2124.537389012071,240.6713429362023,58.03875561149759,1969.2303684296523,W24737
2630296,2630551,58.03875561149759,1969.2303684296523,-242.71491869602204,2513.245564049094,W24737
