started_at,ended_at,start_x,start_y,end_x,end_y,bike_id
1930951,1931209,357.95233295209937,1378.1273013647951,657.2141925881731,382.9368268735295,W24775
1951484,1951887,657.2141925881731,382.9368268735295,357.95233295209937,1378.1273013647951,W24775
2131325,2131869,357.95233295209937,1378.1273013647951,-1386.3722255965383,1072.7797094714829,W24775
2149070,2149897,-1386.3722255965383,1072.7797094714829,-4079.334235838357,1361.0955180768024,W24775
2295589,2295979,-4079.334235838357,1361.0955180768024,-3204.387511290492,842.0157437416958,W24775
2376580,2376821,-3204.387511290492,842.0157437416958,-2792.164519531742,1461.727753976022,W24775
2377779,2378024,-2792.164519531742,1461.727753976022,-1923.405460375761,1762.9565486044485,W24775
2378039,2379247,-1923.405460375761,1762.9565486044485,-2190.235672060508,980.0441292680304,W24775
2384421,2384781,-2190.235672060508,980.0441292680304,-1923.405460375761,1762.9565486044485,W24775
2392534,2392675,-1923.405460375761,1762.9565486044485,-1881.431886693912,2146.116013168249,W24775
2393140,2393430,-1881.431886693912,2146.116013168249,-1557.3691014905978,2536.900818615751,W24775
2457501,2457592,-1557.3691014905978,2536.900818615751,-1351.952265455199,2402.817269788199,W24775
