started_at,ended_at,start_x,start_y,end_x,end_y,bike_id
1099480,1100928,1002.1347450933658,77.58923497942598,-104.30096126102605,-1101.0580053229169,W24762
1109063,1110826,-104.30096126102605,-1101.0580053229169,-1017.5523537364988,-1111.63304402804,W24762
1357316,1358323,-4215.100165025086,1013.5580839200984,-2089.96432566718,2393.132530270474,W24762
1499943,1500756,-2089.96432566718,2393.132530270474,259.6497622861215,1818.615971114648,W24762
1620812,1622290,259.6497622861215,1818.615971114648,1399.021992029718,-702.1992743957761,W24762
1695365,1696298,1399.021992029718,-702.1992743957761,-65.24156624682065,-642.142757506466,W24762
1702782,1703845,-65.24156624682065,-642.142757506466,1399.021992029718,-702.1992743957761,W24762
1704465,1708124,1399.021992029718,-702.1992743957761,-568.1023581072151,-1955.7830855160428,W24762
1710209,1710281,-568.1023581072151,-1955.7830855160428,-757.1301394926505,-1761.398084774919,W24762
