started_at,ended_at,start_x,start_y,end_x,end_y,bike_id
127413,127634,2285.152260892992,1533.30577132602,1835.1127926085967,1359.8153513599148,W24742
137382,137805,1835.1127926085967,1359.8153513599148,2624.858634007812,1776.9827230781227,W24742
152511,152847,2624.858634007812,1776.9827230781227,1835.1127926085967,1359.8153513599148,W24742
153393,153988,1835.1127926085967,1359.8153513599148,2447.250630792388,-463.5171925950309,W24742
203612,204769,2447.250630792388,-463.5171925950309,-104.30096126102605,1101.0580053229169,W24742
