started_at,ended_at,start_x,start_y,end_x,end_y,bike_id
2479042,2480775,-2811.4720009168905,-425.46062567272384,1271.019755402809,-1678.4655452337165,W24768
2481670,2482575,1271.019755402809,-1678.4655452337165,-929.3914426548988,1038.6048240499654,W24768
2577840,2578062,-929.3914426548988,1038.6048240499654,-985.2325967772824,233.88089338963675,W24768
