started_at,ended_at,start_x,start_y,end_x,end_y,bike_id
40334,41165,-493.3014109226975,113.54792354855924,-568.1726241532793,-1955.7830855160428,W24711
42027,44192,-568.1726241532793,-1955.7830855160428,-2853.533219035006,-891.6639486224678,W24711
51888,52888,-2853.533219035006,-891.6639486224678,-1380.3033083701418,-858.2682951157151,W24711
85084,88406,-1380.3033083701418,-858.2682951157151,-1555.445981478385,542.4818752125246,W24711
129817,131046,-1557.3691014905978,2536.900818615751,-4214.829945059849,1013.5580839200984,W24711
133260,133948,-4214.829945059849,1013.5580839200984,-2792.164519531742,1461.727753976022,W24711
136600,137095,-2792.164519531742,1461.727753976022,-3262.531070247399,360.3391013342791,W24711
140490,145338,-3262.531070247399,360.3391013342791,-3385.173206528012,114.65841037131248,W24711
150388,151343,-3385.173206528012,114.65841037131248,-1881.431886693912,2146.116013168249,W24711
200242,200678,-1881.431886693912,2146.116013168249,-2808.1861045329406,513.9591074636016,W24711
203541,204593,-2808.1861045329406,513.9591074636016,104.65262178054566,350.0977675920606,W24711
205873,206610,104.65262178054566,350.0977675920606,1271.019755402809,-1678.4655452337165,W24711
237881,238544,1271.019755402809,-1678.4655452337165,1260.3648729942292,461.861887993795,W24711
291149,291928,1260.3648729942292,461.861887993795,1221.5108251699423,-2365.859413241053,W24711
372816,373553,1221.5108251699423,-2365.859413241053,1111.6181164467437,379.2633049876047,W24711
396948,397856,1111.6181164467437,379.2633049876047,-2089.6479554302955,2393.132530270474,W24711
398544,398787,-2089.6479554302955,2393.132530270474,-2194.4774136437,1670.339269546311,W24711
416832,417195,-2194.4774136437,1670.339269546311,-1351.952265455199,2402.817269788199,W24711
495449,495636,-2434.4542367719587,2130.308737174774,-2089.6479554302955,2393.132530270474,W24711
547705,548480,-2089.6479554302955,2393.132530270474,-3385.173206528012,114.65841037131248,W24711
660054,660568,-3385.173206528012,114.65841037131248,-4001.84712299075,833.4441926753292,W24711
671214,672410,-4001.84712299075,833.4441926753292,-1051.840396051375,-834.0564463237743,W24711
862781,863491,-794.7691416991337,2685.45581729673,-2646.5254975806206,1031.0908020110053,W24711
889342,890161,-2646.5254975806206,1031.0908020110053,-919.4722224283496,3269.7684348142307,W24711
892911,893612,-919.4722224283496,3269.7684348142307,-2925.311977241168,1006.3223589937804,W24711
