started_at,ended_at,start_x,start_y,end_x,end_y,bike_id
2049250,2051140,7016.716745022709,397.9648709514496,7016.716745022709,397.9648709514496,W24754
