started_at,ended_at,start_x,start_y,end_x,end_y,bike_id
1527407,1529234,-1994.3215216154588,-3476.932805400522,-1994.3215216154588,-3476.932805400522,W24867
1533406,1533947,-1994.3215216154588,-3476.932805400522,-1812.32704114666,-1830.5270875335093,W24867
1538790,1540330,-1812.32704114666,-1830.5270875335093,98.47671969768471,1232.2751862723885,W24867
1608139,1608537,98.47671969768471,1232.2751862723885,657.2141925881731,382.9368268735295,W24867
1692416,1693836,1259.9606745071096,-989.0679380163066,-1380.3033083701418,-858.2682951157151,W24867
1693977,1695157,-1380.3033083701418,-858.2682951157151,-2853.533219035006,-891.6639486224678,W24867
1699801,1701402,-2853.533219035006,-891.6639486224678,-2853.533219035006,-891.6639486224678,W24867
1701537,1703142,-2853.533219035006,-891.6639486224678,-584.2071226972812,-157.18220917050687,W24867
1703832,1704898,-584.2071226972812,-157.18220917050687,-570.845296965312,382.6028703385173,W24867
1768590,1769832,-570.845296965312,382.6028703385173,-2853.533219035006,-891.6639486224678,W24867
1770174,1771341,-2853.533219035006,-891.6639486224678,-1994.3215216154588,-3476.932805400522,W24867
1778978,1780594,-1994.3215216154588,-3476.932805400522,-2853.533219035006,-891.6639486224678,W24867
1780630,1782321,-2853.533219035006,-891.6639486224678,-1309.9813548408183,-194.6966599429369,W24867
2058557,2058912,2873.9839282869875,-707.4312601120213,3610.147888427871,-199.14941374362635,W24867
2483548,2483644,3610.147888427871,-199.14941374362635,3610.147888427871,-199.14941374362635,W24867
2569261,2569332,3610.147888427871,-199.14941374362635,3610.147888427871,-199.14941374362635,W24867
