started_at,ended_at,start_x,start_y,end_x,end_y,bike_id
666426,667442,-1812.1172615052687,1830.5270875335093,-1051.7849150501052,834.0564463237743,W24804
667452,668697,-1051.7849150501052,834.0564463237743,2852.802390106196,995.5244310270688,W24804
669749,670022,2852.802390106196,995.5244310270688,2285.152260892992,1533.30577132602,W24804
670896,671361,2285.152260892992,1533.30577132602,2852.802390106196,995.5244310270688,W24804
718346,719825,2852.802390106196,995.5244310270688,-2606.931407629117,149.61252770917662,W24804
736394,736577,-2606.931407629117,149.61252770917662,-2803.182402743171,-296.3567677708471,W24804
