started_at,ended_at,start_x,start_y,end_x,end_y,bike_id
2620800,2621115,-2195.1424784234973,1823.9592756756333,-2524.8855174638293,1823.5140002958813,W24872
