started_at,ended_at,start_x,start_y,end_x,end_y,bike_id
201604,203097,1731.2087241706054,-162.91512968887474,1157.659916597574,-143.71262892290716,W24822
203909,205623,1157.659916597574,-143.71262892290716,-65.24421585664805,-642.142757506466,W24822
205734,207113,-65.24421585664805,-642.142757506466,-1051.840396051375,-834.0564463237743,W24822
232222,233259,-1051.840396051375,-834.0564463237743,-2853.533219035006,-891.6639486224678,W24822
1021351,1022871,-1367.2120777705156,238.8902414156101,-2172.0118915123644,2509.7946798534413,W24822
1026048,1026546,-2172.0118915123644,2509.7946798534413,-2450.1589905827414,1407.2928387603392,W24822
1068758,1069590,-2450.1589905827414,1407.2928387603392,-494.03119251583706,2141.440621677288,W24822
1071663,1072133,-494.03119251583706,2141.440621677288,-1369.0198339983065,1373.3405910290935,W24822
1075054,1075341,-1369.0198339983065,1373.3405910290935,-1923.405460375761,1762.9565486044485,W24822
1076545,1077617,-1923.405460375761,1762.9565486044485,-1051.840396051375,-834.0564463237743,W24822
1078401,1080234,-1051.840396051375,-834.0564463237743,-2853.533219035006,-891.6639486224678,W24822
1081035,1082370,-2853.533219035006,-891.6639486224678,-104.30822423996608,-1101.0580053229169,W24822
1445796,1450981,1774.1270397604533,-450.0620904220471,1774.1270397604533,-450.0620904220471,W24822
1530881,1531667,1774.1270397604533,-450.0620904220471,-1309.9813548408183,-194.6966599429369,W24822
1696366,1697693,-1309.9813548408183,-194.6966599429369,1372.896741032668,2539.6281303190094,W24822
1701995,1703412,1372.896741032668,2539.6281303190094,2438.2540112858683,-645.8719388147609,W24822
1705689,1707509,2438.2540112858683,-645.8719388147609,-2348.210150806419,-441.1565828206682,W24822
