started_at,ended_at,start_x,start_y,end_x,end_y,bike_id
201604,203097,2283.334914585575,-335.1253829365107,1709.7916832437074,-315.9228821705432,W24822
203909,205623,1709.7916832437074,-315.9228821705432,486.9182756857461,-814.3530107541019,W24822
205734,207113,486.9182756857461,-814.3530107541019,-499.66045855245335,-1006.2666995714102,W24822
232222,233259,-499.66045855245335,-1006.2666995714102,-2301.331649052671,-1063.874201870104,W24822
235944,237163,-2301.331649052671,-1063.874201870104,-5522.586174710388,-3933.117432297528,W24822
239306,240043,-5522.586174710388,-3933.117432297528,-5779.5648782604185,-6177.08271024016,W24822
311662,312142,-5779.5648782604185,-6177.08271024016,-4021.79420879787,-5742.716576966848,W24822
976205,977130,-4021.79420879787,-5742.716576966848,-2284.558322943482,-4606.930401212525,W24822
977289,977565,-2284.558322943482,-4606.930401212525,-2482.4578130600216,-5492.917088738203,W24822
1009934,1010246,-2482.4578130600216,-5492.917088738203,-2284.558322943482,-4606.930401212525,W24822
1017986,1020246,-2284.558322943482,-4606.930401212525,-815.0661716391357,66.67998816797413,W24822
1021351,1022871,-815.0661716391357,66.67998816797413,-1619.9365259724264,2337.5844266058048,W24822
1026048,1026546,-1619.9365259724264,2337.5844266058048,-1898.042090010421,1235.0825855127032,W24822
1068758,1069590,-1898.042090010421,1235.0825855127032,58.03875561149759,1969.2303684296523,W24822
1071663,1072133,58.03875561149759,1969.2303684296523,-816.9135259411414,1201.1303377814577,W24822
1075054,1075341,-816.9135259411414,1201.1303377814577,-1371.3067196627298,1590.7462953568122,W24822
1076545,1077617,-1371.3067196627298,1590.7462953568122,-499.66045855245335,-1006.2666995714102,W24822
1078401,1080234,-499.66045855245335,-1006.2666995714102,-2301.331649052671,-1063.874201870104,W24822
1081035,1082370,-2301.331649052671,-1063.874201870104,447.87071757646186,-1273.2682585705527,W24822
1445796,1450981,2326.262791090281,-622.2723436696831,2326.262791090281,-622.2723436696831,W24822
1530881,1531667,2326.262791090281,-622.2723436696831,-757.8209312821701,-366.9069131905728,W24822
1696366,1697693,-757.8209312821701,-366.9069131905728,1924.932438194748,2367.4178770713734,W24822
1701995,1703412,1924.932438194748,2367.4178770713734,2990.389368117216,-818.0821920623969,W24822
1705689,1707509,2990.389368117216,-818.0821920623969,-1796.0298137374746,-613.3668360683042,W24822
