started_at,ended_at,start_x,start_y,end_x,end_y,bike_id
43478,44927,597.7036244864972,2205.448957565165,3394.571716709091,1980.8075283119197,W24866
46414,47032,3394.571716709091,1980.8075283119197,2727.859706664396,241.8958502315105,W24866
57834,58172,2727.859706664396,241.8958502315105,1554.255559250921,-94.62101826821,W24866
113092,113553,1554.255559250921,-94.62101826821,486.9182756857461,-814.3530107541019,W24866
113610,114752,486.9182756857461,-814.3530107541019,-1638.1066826638655,807.8338760203944,W24866
149943,150101,-1638.1066826638655,807.8338760203944,-2094.393320151142,858.8805487633692,W24866
154394,154521,-2094.393320151142,858.8805487633692,-2042.7259812106383,322.91512354232174,W24866
155351,156348,-2042.7259812106383,322.91512354232174,-2353.98720139412,2869.0205927379434,W24866
237763,238398,-2353.98720139412,2869.0205927379434,-823.3139626658171,3058.373948119104,W24866
245147,246856,-823.3139626658171,3058.373948119104,1219.0126680666096,1637.945485645386,W24866
246985,247776,1219.0126680666096,1637.945485645386,1799.2651205301706,2931.4704647947087,W24866
290014,290302,1799.2651205301706,2931.4704647947087,2338.270128845633,2546.0846233305638,W24866
323227,323675,2338.270128845633,2546.0846233305638,3806.5117114282257,3259.9723764533464,W24866
391999,392536,3806.5117114282257,3259.9723764533464,2338.270128845633,2546.0846233305638,W24866
392811,396964,2338.270128845633,2546.0846233305638,5440.6426100686695,4274.977605359025,W24866
760576,762424,5440.6426100686695,4274.977605359025,5440.6426100686695,4274.977605359025,W24866
1724231,1724384,5440.6426100686695,4274.977605359025,5874.184174528473,4615.390633434151,W24866
1768362,1769379,5874.184174528473,4615.390633434151,4744.505435842784,6405.1750236890575,W24866
1968126,1968976,4744.505435842784,6405.1750236890575,5874.184174528473,4615.390633434151,W24866
2031157,2031662,5874.184174528473,4615.390633434151,5440.6426100686695,4274.977605359025,W24866
2031689,2032666,5440.6426100686695,4274.977605359025,5874.184174528473,4615.390633434151,W24866
2213570,2221296,5874.184174528473,4615.390633434151,5874.184174528473,4615.390633434151,W24866
2230972,2232847,5874.184174528473,4615.390633434151,5874.184174528473,4615.390633434151,W24866
2393692,2395775,5874.184174528473,4615.390633434151,5874.184174528473,4615.390633434151,W24866
