started_at,ended_at,start_x,start_y,end_x,end_y,bike_id
2577363,2578212,901.9420715355648,3443.4258330482376,-1642.789656665885,1651.749022427998,W24872
2620800,2621115,-1642.789656665885,1651.749022427998,-1972.4911166466836,1651.3037470482452,W24872
