started_at,ended_at,start_x,start_y,end_x,end_y,bike_id
393775,395970,6132.346305542714,-3586.6931865913925,9503.009106415771,-1033.7067948695233,W24846
1615850,1616485,9503.009106415771,-1033.7067948695233,8400.490940985737,-44.86149454348852,W24846
2052008,2052847,8400.490940985737,-44.86149454348852,6488.848961489871,-424.12479953188415,W24846
2054070,2054507,6488.848961489871,-424.12479953188415,7419.901313215855,-876.6359045437569,W24846
2557047,2557731,7419.901313215855,-876.6359045437569,5436.444927875664,-140.9296577972785,W24846
